"N:GEXP::SLC22A1:6580:"	"N:GEXP::GANC:2595:"	"N:GEXP::EHD4:30844:"	"N:GEXP::GNG5:2787:"	"N:GEXP::RHOD:29984:"	"N:GEXP::KRT16:3868:"	"N:GEXP::LOC554202:554202:"	"N:GEXP::TMEM51:55092:"	"N:GEXP::A2ML1:144568:"	"N:GEXP::DSP:1832:"	"N:GEXP::CLTB:1212:"	"N:GEXP::SEL1L3:23231:"	"N:GEXP::GPR85:54329:"	"N:GEXP::LRP1B:53353:"	"N:GEXP::CDC42BPA:8476:"	"N:GEXP::LRIG1:26018:"	"N:GEXP::NRK:203447:"	"N:GEXP::ALCAM:214:"	"N:GEXP::CDC14B:8555:"	"N:GEXP::CABYR:26256:"	"N:GEXP::LPAR1:1902:"	"N:GEXP::EPS8:2059:"	"N:GEXP::UGT1A1:54658:"	"N:GEXP::ABCC5:10057:"	"N:GEXP::KLHL24:54800:"	"N:GEXP::GLI2:2736:"	"N:GEXP::GPC3:2719:"	"N:GEXP::MATN2:4147:"	"N:GEXP::OLFM1:10439:"	"N:GEXP::AKR1C2:1646:"	"N:GEXP::UGT1A6:54578:"	"N:GEXP::TSPAN7:7102:"	"N:GEXP::TXNRD1:7296:"	"N:GEXP::GEFT:115557:"	"N:GEXP::TSPAN18:90139:"	"N:GEXP::CEP68:23177:"	"N:GEXP::FAM168B:130074:"	"N:GEXP::KLHL23:151230:"	"N:GEXP::TUB:7275:"	"N:GEXP::PLCB4:5332:"	"N:GEXP::STK32B:55351:"	"N:GEXP::SMARCD3:6604:"	"N:GEXP::ABCA2:20:"	"N:GEXP::LMBR1:64327:"	"N:GEXP::FAM69B:138311:"	"N:GEXP::C6orf168:84553:"	"N:GEXP::SPAST:6683:"	"N:GEXP::WDSUB1:151525:"	"N:GEXP::WNK2:65268:"	"N:GEXP::KCNB2:9312:"	"N:GEXP::NUCKS1:64710:"	"N:GEXP::GATS:352954:"
"1"	-0.253086075191391	-0.265971579607016	-0.207374713374255	-1.25902650359033	-0.72131511041888	-0.529060977330743	-0.0777510791030187	-0.603038345037589	-0.483605304312995	-0.754881774901669	-1.02857494705147	0.0419778502706856	1.14157491456763	0.0358926596416308	-0.220124480909598	1.96746623589672	-0.509991648783924	0.00157511283786527	2.27977489825846	-0.265188337135883	-0.272778353572587	0.105628823237068	-0.604168677501045	-0.660151871690594	1.48390740054702	-0.543801610780488	-0.415810436582482	-0.989258306698964	-0.46295039574547	-0.556886231814093	-0.7684886913245	-0.767703661155874	-0.651900765795733	0.639413170608426	-0.647997235927976	1.56113346046544	0.563907774666381	0.861677873503909	0.787213948495225	2.6890018804544	-0.472056797800356	0.787688115365689	1.17626758808576	2.56832467842739	-0.13914580329008	-0.186137041089771	0.0374202836649923	0.424753190442609	0.056528760396367	-0.391605750009177	-0.383273247921787	-0.00933169913263957
"2"	-0.266965790263499	-1.22441334027256	-0.854974793985864	-0.121476940568505	-0.860515474501967	-0.660366004749789	-0.753295005960844	-1.4847891644867	-0.414578258092355	-0.457231007757973	-0.334362510652509	0.227997794665976	-0.303747335197577	0.941176374478836	-0.642300108423647	1.78481732352884	-0.349491229545779	1.22372242264232	0.867306554915085	0.998628622827183	1.52189902511238	4.66308265872543	1.60423966270884	-0.321316309866946	-0.598304298706039	0.664196993490313	6.80248676888092	0.632536048223819	0.00734756983661072	0.813884795902835	2.23196137738817	0.475079667876161	0.761964380436536	-0.0237655249214987	3.07411020076499	0.133848777068232	-0.132111041430185	0.422608168931349	0.0851508172786676	2.5465406342047	-0.097117089058495	1.63859103187139	-0.927941826347091	2.84847635269655	1.02577956561849	1.91133370298723	0.62752920286737	1.38231429756999	-0.0601889949231184	1.91602569922559	-0.212039088699582	2.30429363432218
"3"	-0.24256274232848	-0.377845205584611	-0.372369596516938	-0.390517643348484	-0.959451704876253	-0.527306595826924	-0.774652348956855	-0.318531095028479	-0.309738256048532	-0.614663185699832	-0.466378003358462	0.0666528800589688	-0.268169749167371	-0.417944737412232	0.101633822637338	1.55307328641532	0.618250035528904	0.921198294913096	-0.252010552753686	-0.351505729344734	-0.13081594114277	0.140679689503976	0.508894176830034	0.00315671171993019	0.867630838655879	0.154899605795462	0.329642004213417	-0.122545031748958	-0.547113793118828	-0.280077054877813	0.339963095011739	-0.347979290765744	-0.37321894631049	1.43897437753547	0.595969892290413	1.13147968095571	0.796350031639301	0.795575137549483	-0.0674736091565911	-0.0340927216404393	-0.233834667483859	0.130164425902117	0.190388336170742	0.271781328605965	-0.757060134426873	0.044699495996976	0.160282660393102	-0.447171419382727	0.123014993904129	0.100957351158255	0.104597333725022	-0.647275391941969
"4"	-0.279158257541198	-1.0805172553934	-1.50857117164017	-1.17122993867212	-0.693224832280522	-0.724304009262398	0.124526590393258	1.13178598760106	-0.368104225061834	-0.293942444825584	-0.384332879219603	-0.747963448192835	-0.489220651621994	-0.375257623644059	-0.77618083809663	0.787584358628402	-0.190532636806735	-0.0842527489223727	0.497017430169432	-0.429770382004407	-0.942199570899521	0.545961172526136	-0.312165029797142	-0.349971397454345	0.813859399261411	-0.67205129746004	-0.415851209855823	2.06307180815289	-0.431346459829926	1.19191199006074	-0.401515694619553	-0.556203822250264	-0.578558712420772	0.536626717421773	-0.35806296405757	2.37922781949747	-0.082035056809009	-0.141217793323252	-0.433596855274192	-0.289422654451382	-0.583335019174778	2.9186917359323	2.16782446629729	-0.179776478370206	0.390062416734037	-0.294363981367738	-1.34516020320638	1.01180775801319	-0.0626775012739778	-0.228392013266719	1.17329418345355	1.0815534506133
"5"	-0.251970885774319	-0.451729171926492	-0.184743527761484	-0.335325582459756	-0.776223614429602	-0.433502393182169	-0.394855512562909	-0.428620032661852	0.354717156805463	-0.589731718168718	-0.267991196541162	1.5277975319186	0.249161092588323	-0.186386504556544	1.41604495481854	-0.527083386978957	-0.539568682338506	0.57543306529323	0.855222527534109	-0.362704602681108	-0.62874476482146	-0.37765252085105	0.522773831902474	1.87520044310759	0.814068898375934	-0.27514062920177	-0.245687575258347	-0.681628284892182	-0.302193528629494	-0.145011472955767	0.855416880117815	-0.284466204437244	-0.549935230208639	-0.321217614033948	-0.686494342683456	1.248456068944	0.442641677580026	-0.48684686895367	-0.366168888227953	-0.314382328082935	-0.135288768450539	-0.152268766388342	1.34010766121355	-0.602548700815222	-0.456251543536346	0.324243256441621	0.910389802522612	-0.721512384100346	-0.35011889442096	5.42678438264549	2.17447585040304	-0.251178480377096
"6"	-0.233553363583291	0.425084926787975	-0.275074841275708	-0.825299281215212	-0.490558521670014	-0.231589031015365	-0.124768649778295	-0.43147692679283	-0.355257462102333	-0.614663185699832	-0.736670433497856	1.24233296316105	-0.35958177649823	0.373996991345597	1.0215047603682	0.699927929005917	-0.215671847378706	2.552063989612	2.39221086731079	-0.253868313039953	1.38742353936797	0.954701007686631	-0.0117166130264756	0.0687400460369634	0.211270112852494	-0.110473415300167	-0.359099194446337	0.431278495888591	0.312915992124995	-0.0773458596349	1.4132220850276	1.33594373470605	1.53539784481777	0.00783225473369367	-0.0900241174288907	-0.0611859052675184	0.566243408277443	0.000534244390833967	-0.438904327012945	0.747446200620861	1.8251095576103	-0.76616344834297	-0.0787987410729673	0.670530544982401	-0.31571964197902	-0.533411893282362	1.80700801945722	0.33315021586952	0.147068034012739	-0.269776881669625	0.592272219189862	-0.296762166894376
"7"	-0.274626803622593	1.15358447901097	-1.42748576130792	-0.564331447042837	-0.734372043595468	-0.695226669386864	-0.492078436325628	-0.543437622649946	-0.0157817508975084	-0.936095059037216	-0.819523485988648	0.820517583245827	-0.380138548194643	-0.285150418329528	0.282300974544695	1.00437413360676	-0.50364767516783	-0.929049194466163	1.32863474308735	-0.239582619309081	0.0740623616305479	0.887777220361016	-0.640290524817847	-0.718665924507071	0.391229852228525	-0.555838238046065	-0.323256099141804	1.53728188694316	-0.45194021245567	-0.770474695701709	-0.808619334250926	-0.599697987426166	-0.693202502432716	0.274768965075055	1.14873279753455	0.260425126011679	1.90708395171609	2.32092831480856	5.42423662682294	2.27696457676879	0.780730386433468	2.24126388467912	5.36662615806543	2.16210475073711	1.71975581534944	0.435479334078872	0.106888334266149	0.0439515528494967	-0.134534067636178	0.824842951686052	1.25626936460808	0.0635177850607167
"8"	-0.246535520142751	-0.373882255478727	-0.908090380047975	-0.81887393681324	-0.674501484464498	-0.734381274767551	-0.385665109229781	-1.11555530077595	-0.154743796991196	-0.303312660810433	-0.635356218165379	0.0504864812321626	-0.114175160951626	0.85962572770567	3.80117664218964	3.27761008207829	1.86971611662518	1.35540875437737	1.51675488363105	4.37961820536955	3.34369643007411	1.45616206774519	0.556831850994327	4.82666046603252	1.72106039818808	0.327421391962222	1.68812802833698	1.38067721259883	3.58580048300724	2.18955549289403	0.597648869681473	4.14868414970685	1.60523314696884	-0.374921350206804	0.187088226832149	0.295246578216632	0.664433445286502	0.901382908557498	1.84783140961064	2.45417246844524	-0.125730043832989	-0.0429674641471376	1.71388472573365	0.845858801129182	3.25810405532255	1.24840544203859	-0.343212902102303	1.54083540937911	2.9849485743742	1.33260430169787	1.71165438004816	2.4296487722447
"9"	-0.226893317210066	-0.446991852259688	-1.45017497560175	1.67646622503953	-0.291634778056982	-0.753797984074084	-0.774448739344847	-0.707117953636836	-0.511706174726684	-1.020155099312	-0.631720540581678	0.342651596871878	0.197238061342975	0.00291472265704359	0.0574496579548185	1.82968010993434	2.1798565456385	-0.393238504109405	0.417698964728884	1.50960719099239	-0.651848199528803	0.0692693912961963	0.571993743245257	0.926096906993424	0.289483115608084	0.687366539584594	-0.241470053288029	1.11933460153557	0.35721610963944	3.32695763436388	3.68991928360158	0.848904953545497	0.733041175897575	1.15746688606193	-0.693938996091826	1.98066902919981	-0.45396135303457	0.268705956556055	-0.106010469172751	-0.478415450035077	-0.59278627135946	-0.724639248747411	0.724355571199444	-0.456309526846721	-0.319569362299273	0.440120545938106	0.00601185653149067	0.979986545900955	1.41983692051457	-0.290502435541683	-0.08698922842188	-0.00511098741807663
"10"	0.0992989114109573	1.44866483287207	-0.135999435672438	1.47892807278405	0.909529484388541	-0.33841000831433	-0.397714749155438	2.26025916933734	-0.412807488062802	-0.336610392613733	2.07075940021869	0.0484656813788117	-0.026986956619787	-0.453946656433563	-1.0332621987402	-1.00220568904324	-0.537214522908683	-0.521380483230471	-1.41539347455609	-0.230597271308745	0.188005031272045	-0.958870658737743	0.276921724468615	-0.538980187197906	-0.660176370528765	-0.0820354412973096	-0.403365650805162	-0.130854667530494	0.360833838804718	-0.63327384676476	0.0993823597967061	-0.671221165079115	-0.449947861978615	-0.0996584792184887	-0.662803012271689	-0.16254076296117	0.483375127756952	-0.783593188313195	0.926269708050542	-0.69262562353724	-0.181299613534225	-0.699484506347786	-0.291804354296948	-0.485095111377877	0.96307189906859	-0.657199643870794	-0.752575560924065	0.750452655591373	-0.391364563512863	-0.253003608489788	2.02848649865474	-0.914395794933229
"11"	-0.27247306871566	0.173232614886459	0.211979221741028	-0.629738158006494	-0.596359629149221	-0.517835389386727	-0.244954262448712	0.248857930742805	-0.497289710938437	-0.40981520499536	1.42781001774991	-0.801993254798214	-0.481380336386535	-0.375259412035435	-0.65506743453743	0.487088336478359	-0.470200014672795	-0.083434821396068	-0.972872757570766	-0.390552871546758	-0.760103375507991	-0.372773440266697	-0.581808260739286	-0.223914209508799	-0.708570665983786	-0.699979733727214	0.147628476411276	-0.0399052473281858	-0.258275661743834	-0.756848080854244	-0.690788227243856	-0.563475976027499	-0.534829224936477	-0.0222668160050469	-0.00855058230195416	0.0545318760145685	-1.11644047047628	-0.618264025958908	-0.588958091049521	-0.392388547066001	1.24576992536669	0.306442088648005	0.312457301545658	0.292792704176152	-0.308447948040764	-0.88835749562472	1.04341372920568	-1.06933461105214	-0.53783850115539	-0.170307470951988	-0.227499087075072	-0.554394409951298
"12"	-0.197310383400843	-0.731003276514699	-0.471211783253059	-0.795314340672679	-0.881078567330795	-0.496942300568519	-0.759592430157804	-0.838141029298926	-0.226590186866732	-0.359178390487954	-0.478739307143047	0.346480480804542	-0.324079169574516	0.344211332968249	0.483027195080926	0.372250889515855	-0.0519542178030723	1.11769175098236	2.51604943362862	-0.277013156063292	0.31849605817958	0.644010129096765	-0.0843767198076416	3.47215813337165	1.54612863756062	-0.426992488354958	-0.273562942076018	-0.191487614332033	-0.109593818954986	0.290564698114841	0.199874466593073	-0.0325204500699871	0.62708933336366	0.570680714467817	-0.115615766101981	-0.00479538911704517	-0.302332019004405	-0.14895629742295	-0.267726825456134	0.400935279102541	2.15030849565713	1.68858021981425	0.459129314205441	1.44048072976547	0.682384513051918	2.56696863101421	0.897641676215485	-0.197164322750935	1.01237236999544	-0.224848208511962	0.770747137144892	-0.0767786723313554
"13"	-0.264317722302235	-1.08183823876203	-0.573380947703194	0.104233875603309	-0.225803445084526	-0.470896482857975	-0.309731066617955	-0.870256459874746	-0.502010028301529	-0.801126300666176	-0.56256187365616	0.832429666591895	1.57632876704071	-0.451167415756707	-0.613295779460275	-0.396341753053832	-0.282120850171667	2.26415350035275	0.931270128420408	-0.329872746841676	0.943349175452154	0.556055822011005	-0.345593177994298	-0.323136124906693	-0.552982656930701	-0.75779880723992	0.197800631817181	-1.09472676084923	0.581993131172668	-0.644504715191626	-0.595115136370785	-0.740610631003669	-0.593799592740007	-0.368968145344232	-0.72987798211091	-0.0223665258781554	0.31119221794944	-0.0715712564259743	0.00253886586677978	1.19808123626803	-0.0197242935769772	0.671237329723045	0.929020481030698	0.690841541366915	0.181236476695423	-0.884777132190453	-0.589528873010446	-0.404353170731704	-0.74831848618882	-0.356493011226217	-1.51110948384112	-0.656780434723165
"14"	-0.198691866533264	-0.496323748405346	-0.403898513225329	-1.03293675685122	-0.634342479042144	-0.41529608442925	-0.539877413274639	-0.266417405535813	0.00939096030692	0.444986931354558	-0.767735278629703	-0.531769771250407	-0.555785852713352	-0.289719758296753	1.19322665194105	0.772630096493236	-0.49870605361424	0.697167945458243	1.47936708462901	-0.293671385502118	-0.537198609771087	-0.215829681469992	-0.142414823676189	0.610149018938901	1.04835874145183	-0.394112883524068	-0.346037727513329	-0.665410797916348	-0.64070239885335	-0.509387480129642	-0.639625245047981	-0.661924413415936	-0.602296720705598	0.13193367917655	-0.0171020144779071	1.89306013102293	2.007142495614	1.9926566315513	1.62897896626138	2.64614768442807	-0.597346895657807	-0.776647450802841	0.440203893217082	-0.205573778375825	-0.0148426116161321	0.794841738036721	1.19417417944649	1.14201735022245	-0.171959992937248	0.0978293822677636	0.942568384913002	3.32173840023472
"15"	-0.262146820237003	-0.700985068241395	0.555315584669823	1.16474520676971	-0.420395903295985	-0.195446318356269	-0.76372500379185	-0.487925214277324	-0.455298156551353	-0.622339233169563	0.463224358376363	-0.0404495121686224	-0.183243414548025	-0.443661805407805	0.303037714411031	0.291084045348253	-0.068970099067826	-0.148214681479399	-0.530806327329084	-0.422645202958073	0.199380018596661	-0.227008571084718	-0.640290524817847	-0.760413881376589	-0.911561341349812	-0.553809701022873	-0.330663049084136	0.205457294924426	-0.341654080147369	-0.690889234857381	-0.838665117292891	-0.194614424115912	-0.743226158780411	2.44714753947195	0.917979865802489	-0.854552344307085	0.494025617023397	0.469256160934198	0.238144459139231	-0.20747848231995	0.387735308969567	0.581382622333755	0.162405749423669	-1.05053457394446	-0.431373795333466	0.285430484739673	-1.2571981316872	-0.607798346699269	-0.194356550094982	-0.28717206866416	-0.917230280422115	-0.473272330797398
"16"	-0.235760762756718	-0.325598035797843	1.06558112010991	-1.14577568969507	0.510252252466812	0.00796378886973789	-0.504776288273814	-1.34471761551667	0.376990666098761	0.447099413083285	-0.728025600132166	-0.402087599608797	3.03929609986691	-0.130445622296355	0.194881384912103	-0.125189943395437	1.21435532454551	-0.0831621788872998	-0.213169036171974	1.08759871187546	2.56576297490755	0.610548235433957	-0.0427827453685159	1.81486657525136	1.77120051959747	0.870607846039787	-0.305714245295729	0.797267728991855	0.719466839453239	2.87159831069641	0.122038313497524	0.876025735195204	0.74263229035609	0.0148678604803702	-0.550966150200099	-0.970097375649105	0.232714928617747	-0.222942182413516	-0.182114998713647	-0.449691556482292	1.54365822164908	0.0634740447334911	0.771939486827318	0.578080492473579	1.72480322643599	0.902048631752218	-0.703467561323567	1.51919230555277	-0.546665513044305	-0.0173902718043493	0.30655579351624	0.347487269216511
"17"	-0.247278979754132	0.679305898522893	0.0181634270060124	-1.05895116405818	-0.830511861550292	-0.602376948427403	-0.763627328007633	-1.243031887172	-0.367739654761632	-0.451437369749485	-0.723137633602967	0.949423342312203	-0.443495893179941	4.52090997345926	1.21599640551978	1.91498524047897	-0.267581696781018	0.471147305689383	0.480345106677633	0.359709804623477	-0.200576103520573	0.106376575050762	2.81278194652041	0.987410675255667	0.913441311698439	0.652468011650054	-0.0225736532967055	1.3602227245212	1.25297950277049	0.442203558937504	0.265704197763687	0.177192570826005	0.633982946880718	0.907307389424187	0.957134775033043	2.36145925423342	0.883515878004146	1.56197633329243	0.863133870323468	0.555123518183769	-0.248539425063504	-0.118751988202394	0.569031937516411	0.693876517838164	1.53240275976379	2.3118549857407	1.53874310064637	0.876333627035364	0.565878358168005	-0.126604225606718	1.74824956607622	0.520452035279301
"18"	-0.263770265679309	-0.666912807560922	-0.729033213195476	1.4234065070542	-0.94862349137232	-0.665808267932265	-0.670221307503605	0.53932525299068	-0.494731642665352	0.254382515573482	-1.0934758315623	-0.131704579230463	-0.325566255186597	-0.431501638242582	1.6251742986993	0.497528104384042	3.52751772300546	-0.609662127569623	-1.09566646437821	-0.0585127132573555	-0.365320623332179	0.531473481135814	-0.640290524817847	-0.755724358004933	-0.133844761806548	-0.767560781142051	-0.398729297359398	-0.965854354492286	-0.648931708818745	-0.762168354268023	-0.840115797333759	-0.727335954459916	-0.627488382275543	-0.409225132072257	-0.0290259895022518	-0.184060469780956	0.465811163001764	1.20564353236523	-0.0442130373624059	-0.288090699710023	-0.442267968172116	-0.592505356315369	-0.630907343934796	-1.02583453466306	0.0522280712967208	-0.475677257846613	0.418016518341542	0.488161635166255	0.543489364859362	0.572618260210402	-0.132782135002447	0.207612882995895
"19"	-0.260132720562534	0.0994397508458627	0.309080548045397	-0.755773759737471	-0.547453950294564	-0.387189175161772	-0.730358511922549	-0.0446140560221318	-0.48974223769973	-0.276687024764201	-0.672682508024713	-0.134895315841017	-0.120535888485653	-0.394036627294094	0.454971605850001	0.593743262649924	0.248423000648505	0.570416443131894	0.552485841568579	-0.360992086215314	-0.380744334958777	0.030853641867666	-0.0684499843274355	0.0929295874883687	1.65402068154043	-0.358281805394031	-0.196619452611985	0.827401573034788	-0.418370416163523	-0.525348300370976	-0.533619230100472	-0.433037630609454	-0.238463788168346	0.945316312777534	0.267590720210168	1.22772607613594	0.691993921897037	0.423114426208899	-0.33284719609422	0.158345782948075	1.79893685925272	-0.543831673318371	0.318270109420654	0.168358668854935	-0.660646027739647	0.78051008383403	0.635473687377609	0.160122375009239	-0.0213183744457134	-0.0242791632902323	-0.184054534678124	-0.186517176909992
"20"	-0.276066546953651	0.112558482230858	0.0328640262074705	-0.181611574074134	-0.805953893836517	-0.699277695768409	-0.766566481150885	1.04243416081496	-0.406514310261695	-1.00628801628086	-0.331090400827178	-0.509743052848884	-0.0959302450387001	-0.227009814676116	-0.535593995372887	-0.444308254242102	0.167392579484109	-0.433971294919378	0.15602980038893	-0.404798181691112	0.221358807664564	0.425760068474822	0.697270565122754	-0.11905086748769	-0.220158396990395	0.518546112441195	-0.216346006204457	0.143728571975872	1.62601516103927	0.187627369235222	0.623429782513437	-0.0769228460732287	0.395613780353923	0.156079545052718	0.0195783044892758	-0.0259202389309644	-0.497777839578098	-0.300399545878714	-0.197714350432763	0.511111100643212	0.917536471568254	-0.193049419710152	-0.29777938006613	0.818310553159381	0.108776185334215	1.31103630097419	-0.733250140464275	0.921725650195464	-0.535123079331808	0.636796821916491	-0.725721996748001	1.12148138343306
"21"	-0.20327833646311	0.243609142628879	-0.713558898246573	3.1310653461935	-0.424968983756384	-0.317001646606888	-0.398425118495196	-0.336706852516942	-0.440828187731428	-0.524412109863627	-0.231997988462519	-0.523824837090128	-0.0619147237270667	0.00188639761549598	-0.58488780118587	-0.432457706889706	-0.044929777996311	-0.452211078755972	-0.172237800569491	0.539151747343681	0.613892268561498	0.653263557791228	3.77648441540745	0.361240317233209	-0.0233688954142768	0.704383177172511	-0.0424754501843429	0.777361128987735	2.0267639898949	1.75441468400292	1.96370830670917	0.429731198094441	1.48984005113982	-0.0477448675847276	0.330760640435462	-0.18425789828389	-1.61729374203248	-0.392321402988206	-0.261080947800652	0.353592974708586	-0.290946782692161	-0.577062472168261	0.368016930304341	-0.878965019427458	0.929707656293063	-0.328127522585464	0.39030320028257	1.63360828145632	-0.431120154333887	-0.252451613979702	-0.186598585043711	0.270332659074301
"22"	-0.206377887170195	-0.60778741402716	0.698066140073457	-0.770601477588174	-0.460113369915266	-0.0349388133600175	0.806392360394098	-0.998718182178029	-0.377270564038344	0.349318699402112	-0.492433692708322	-0.738965570951073	0.0350457574841617	-0.451207118045268	0.424340865916721	-0.128481762104436	-0.110161549342612	-0.395092473169029	0.140992909174256	0.0803311051411033	0.126631512091205	-0.371511609081088	1.55810161967225	-0.609099060537078	-0.700330367479179	0.947615341564766	-0.168335184772261	0.56103665463104	-0.0905290688443782	0.367085135425352	1.30195709280543	1.37157918036206	0.606408492812486	0.102833747715444	1.30253328099217	-0.450169413172883	1.17462925128695	0.121240443852472	-0.0342903728073468	-0.53835341339623	0.214818486390701	-0.408105880425447	-1.09952780392226	0.605628740443379	-0.818989301978677	-0.438496560644616	0.936809832405499	0.28869411071272	-0.269465571566209	-0.0563868439602797	0.185419856877903	-0.702634246790177
"23"	-0.177902032309556	-0.149087327058763	-0.619436377569867	-0.199075330653851	-0.785054390491062	-0.63778233011881	-0.760535889437171	0.726944386523349	-0.409595797322927	-0.759525051572732	-0.525639547972794	0.595145220653706	-0.0986169963546447	-0.339982497936223	0.447788290732904	0.471663814527622	0.587312069592988	-0.785039421334785	0.0391872499232423	-0.332419436766491	0.521349998801906	-0.286052923673532	-0.543935023656695	-0.557458309139952	0.107149052934114	-0.662437377918844	-0.377269003433421	-0.635030404240336	-0.607763998689105	-0.770971008586328	-0.684694556938119	-0.69843655410667	-0.532206654576727	0.811598172787445	-0.000792689619740469	-0.107137389325366	-0.217221530217295	0.0989651236402584	0.00429263913697626	-0.524252066460539	-0.161448822992487	0.453263879779963	-0.0933442789183061	0.545629590204067	-0.299721915314857	-0.224592796494855	-0.659292532337565	-0.135861693534717	-0.412966916516068	-0.267318666118039	0.407535023411849	-0.366994809824703
"24"	-0.277710944439551	-0.090098586976928	-0.31724234951147	-0.926144237842049	-0.122672596081047	-0.546972844432672	-0.761215180118315	-0.271047544299812	-0.366099088410723	0.155514187536925	-0.494615099258543	-0.862181183061961	-0.326403521875752	-0.429509370249045	0.680365059429847	0.455392824908856	-0.316025817758814	-0.576917762266559	-0.627751118423088	-0.278325622625139	-0.484179601054654	1.38811665269903	0.342720737575398	-0.193145336759847	-0.341877382528782	1.66269867703891	-0.298406599887325	0.435570285797736	0.551549598951648	0.0626267705814065	1.24097927186476	0.890216841872376	0.992001266277495	-0.296488916912493	-0.483818091196981	0.79190265590953	0.797471135772611	0.542808111115436	-0.0394132368334471	-0.458696728755393	1.70094728810719	0.754686099984645	1.07258331738525	0.896986481683303	-0.223925199676097	1.19730110925889	2.38954196505681	-0.619497321740532	0.540236909750336	-0.288596214500184	0.83082586500914	-0.739227817355438
"25"	-0.264304204854756	-0.987501805781734	-1.0042825903491	-1.5113942614093	-0.59521373082696	0.649650293595253	-0.023185834192807	-0.592448134034826	-0.165863191147359	0.790722802402642	0.113916535417861	-0.502351179701101	-0.410767513196412	-0.445603372505815	-0.770813681895932	-0.57751404960082	0.380298193699386	-0.167844942110711	0.434235002197589	-0.241488219797917	-0.718780681441729	0.0389854428415885	0.0118135639682921	0.177341008178168	0.223071896304007	0.183597155625932	-0.375333733310476	0.530811495909189	-0.637587738819168	-0.380926121099873	0.495059750836573	-0.108837068200559	-0.555360204324237	0.172606973936923	0.506801112336032	0.961197597175283	0.484496231890263	-0.691034893483354	-0.492615941009121	-0.640059740114129	0.319205828245857	-0.39500802683401	1.44027721087337	-0.206904498828603	0.656976358938248	2.97881243061109	0.457369429985282	-0.276366383780286	0.60384888060361	0.00115674373456635	-0.647737068233659	-0.149796984993294
"26"	-0.267215863041873	-0.625051300120608	-1.17140519179725	-1.14712665954369	-0.84368443584197	-0.69963715995066	-0.593572455743646	0.634784922401631	-0.504173058613609	-0.637754075091065	-0.760544716297494	-0.0959683291922596	-0.383999972178955	-0.450984016221036	1.82034361508835	1.10999448818407	0.343950310222764	-0.175424403854468	0.463899926557657	-0.344295997164127	-0.423288072862145	-0.344134545802215	-0.503796500892102	-0.621907758701451	0.351285354392635	-0.526659992238535	-0.383053784606837	1.63708883100052	-0.49950311212295	-0.733903756093077	-0.788611783413756	-0.619735830054333	-0.649862653973299	2.5835716816723	0.413664634912955	1.13246682347037	0.357344338104031	0.774095364487706	0.371523531530491	-0.139490879434931	-0.267366066539076	1.56623825984882	1.35430172695482	1.11620516679892	-0.271405083625885	0.142572963665882	-0.365143374459636	0.403461055867511	0.4720109909517	-0.204946966441634	0.803428399533587	0.726760423887137
"27"	-0.269834327793157	-0.809351255619529	-1.66238586223227	-0.997976293207678	-0.82394134364742	-0.672881001757102	-0.758619668143172	-1.22919072767537	0.150783475068622	0.245974419979935	-0.589991041204307	1.16564892662074	3.23274219461492	0.783082576786997	3.01846636292108	0.933270849492382	4.17729953762127	3.26366093749707	1.15918578770748	6.28509249549709	1.41888148453972	3.57005644505819	5.18784512731159	2.76704979835587	4.7132664178948	2.59159558310926	0.601210697288341	2.37171542289566	1.95475070179361	-0.0818839569295929	0.705542195472662	2.17069616524995	2.1642152865042	-0.62628814013836	0.100602863323702	1.16701681148379	1.19564995378651	0.775035556574585	1.26382491063521	1.86909687053439	-0.485939707363941	0.38216941683605	0.333004901475877	-0.820693471179473	-0.0847364227638374	0.546766414044246	1.08424468447923	0.149593297472102	0.830234883889995	-0.264131817813138	2.63357909330052	2.45877168307518
"28"	-0.213125796952038	-0.394061415213285	-0.917723141103667	0.207368890875978	-0.631272733077922	-0.708422562712092	-0.771588703586811	-0.41719245613794	-0.43919803767481	-0.87506316117162	-0.639476652760241	3.10061796514761	0.416189548815836	-0.147882438218249	0.0716807539415195	0.702937591825573	1.93370529753635	0.00492861569571439	3.16536147632149	2.99622796969975	4.05800707478096	3.01232706101916	0.244618345726276	0.115789264103036	1.25646119521224	-0.624741199397816	-0.381277401738175	-0.616137397172207	-0.424083697883028	0.390107677798428	2.06827108395269	2.8688355421816	4.20232710893876	-0.836940004506309	-0.817616302714735	-0.702112861479308	-1.41446731924783	-0.245940727307945	-0.571872647243554	-0.647935646410861	-0.607143324009233	-0.327002140719519	-0.753760362464944	2.1863845625071	-0.652133868364865	-0.421053764426395	-0.666239337397681	-0.150134443085058	1.26689589189945	-0.39084723595305	0.286986175319416	1.76117245089222
"29"	-0.186112529908698	-0.938762074594427	-0.456898041925323	-0.617381726464242	-0.481160052861746	-0.531023921670681	-0.767932610187408	-0.388525001237438	-0.427254888245095	0.113264552962386	1.54229346521891	-0.469667401020327	-0.256348043377215	-0.384851449183853	0.145004781834903	-0.568372198786115	-0.070998818145591	-0.844216477862929	-0.784570902329602	0.235416697242417	-0.721094238185719	-0.47467331867785	0.21051533585623	0.25007761545913	0.629151013289504	-0.0791993350326569	-0.327164024623996	2.25236713754987	0.349502838022903	1.4474474523619	0.889421369610694	-0.0944567467676905	0.229807389152335	-0.612549975070885	-0.160085301678762	-0.319891279799426	0.238413874628739	-0.438752427586391	-0.245066228728068	-0.586937910364191	-0.332532292304759	1.10649787920267	0.616075126830333	0.355826830886713	-0.614423719094475	-0.97166979861438	0.342266782313685	-0.98719610728743	-0.454378990287967	-0.325351688945162	0.0703505018805806	-0.0626814952047151
"30"	-0.225655119020929	-0.178285614620505	-0.674273481170044	-1.39458479522987	0.339839300137923	-0.460321120226563	0.8055043987194	-1.40604725142151	-0.399813160934171	0.369188577048553	-0.246177131038954	0.0943059306837689	-0.487477387396067	2.42902858024496	1.16950815862989	-0.952950675960301	-0.545959992733081	0.479980922973474	1.47228021142814	0.353753225612018	-0.375570965017356	-0.530315400514356	0.946856907146605	0.67804211849869	-0.0552825938600844	1.36139843861784	-0.37297437441323	0.450454578461367	1.46280779435663	-0.293543766362064	1.32444857497303	0.603808773334422	2.73218909584442	-0.656970042122388	-0.453809768762685	-0.42477517198302	0.533357687033686	-0.152283130961138	-0.483288636327365	-0.392504369217423	0.0632191369668485	-0.78657665335076	-0.585635033299071	0.272014788334523	-0.98137050508695	-0.715643211667459	-0.400043679668568	-0.112814712703428	-0.151908228997649	-0.391605750009177	0.390118063216676	1.16774038382467
"31"	-0.271088476570319	-0.509715786694195	-0.565276275248705	-1.2772645965467	-0.700489196873937	-0.524018664057529	-0.75871556800404	-1.2084536168281	-0.38371130600858	-0.278485771582721	-0.765473079244289	1.2817917392449	6.37261724412301	4.32365040461978	1.04020848652215	0.629671112559569	0.987984087451572	-0.0776548002101817	-0.035452062057755	0.0361994169990009	1.47678466860458	1.31502391291044	0.264414288131052	0.531477014912919	2.52085818440216	1.37899191137822	-0.286291446748211	1.97002215033547	4.7718013178508	2.34429354211307	0.479681662480664	0.736259102321364	1.03905767158959	0.780708116787244	2.48062618992107	-0.587110758520356	-0.223948155017154	-0.492632666411388	0.124749171642578	-0.0222788621953425	1.51268087335147	1.22941179784022	0.543347437603638	0.671931303353746	0.897626653624288	-0.299209202539466	0.901891051651194	1.15839591528022	-0.315249550112566	-0.171312100960346	0.189529476699235	0.2307423831917
"32"	-0.0128147979852917	-0.375203238847355	-0.506028991888091	1.40198869238096	-0.207700354158533	-0.627269536338233	-0.59369233056973	-0.0671736682977848	-0.400073568291458	-1.04920695199717	-0.430707966620593	0.646303364309586	0.531369952904493	-0.362230086661183	-0.229476343986573	-0.570337884815203	-0.0618104113225471	-0.862030939385845	-0.210625030407557	-0.441336367381975	-0.0335180269649771	-0.810628861672903	-0.640290524817847	-0.735632200108404	-0.746280506598088	-0.265853582924974	-0.388453030530888	0.0543315013151695	-0.489134563817181	-0.766834846510565	-0.759541439917426	-0.68990927578332	-0.569417181452499	2.83489684080062	-0.384427269606143	-0.185491826427227	0.229351616217817	0.203254122815622	0.456904598632163	-0.618131711296061	-0.342495619022523	2.12092378006609	0.480352822028101	1.34476224105684	1.0396385587714	1.85416009316084	-0.650442746104067	0.630421171668014	-0.203743286816613	-0.212468811632416	-1.36977770122366	0.13282187141384
"33"	-0.230417315768011	-0.749405941374206	-0.981341918437346	0.0106545007233165	-0.866749581888212	-0.711400103907735	-0.2595612319975	-1.04024166066793	-0.511197538396186	-1.09077473603353	-0.564460505283204	0.353393743460742	0.000855284924048101	-0.00761890255115697	-0.206299987665374	1.01481390151244	0.0339873941287468	0.267128916378119	0.6331217385657	1.85009130482537	1.75839593672022	0.373043565609393	-0.0151809029473114	1.05404390286486	-0.0936209318179585	1.0105865145596	-0.284714257091721	1.54887885116575	2.41017502237354	0.417926583165895	1.94101123512504	2.29425340071919	0.757168823207278	0.424057025474948	0.379103901698786	-0.387954756185862	-1.17062717025293	-0.217517997296906	-0.394321564407423	0.201721178655809	-0.59805874247787	1.13223601944785	0.266495564859643	0.221120567508959	1.42674932430796	0.146653149915758	-0.219944063375995	-0.0861410496093486	0.00751501828825577	-0.30517444961979	0.977598001485316	1.07640418232153
"34"	-0.208120286150322	-0.776281120253188	0.0930204255713328	-1.03130570788765	-0.581357822673383	-0.0160700108923699	-0.516279831769531	-0.867695106515939	-0.292065276733975	-0.426213082968844	-0.488474843783847	1.04418821964565	-0.278841775324658	0.882427717757378	-0.385340728602823	0.88944263468114	-0.390150141062652	1.45159703147081	0.609953114639766	0.644022873583564	0.954692030044215	1.17640942044691	0.885849411917341	0.770992671298071	0.417417241544013	1.12931842089337	0.180393131164067	1.01989291619389	0.329912493297717	1.34642866868004	1.50174888778233	2.45905945293009	1.7934587682172	-0.0708083325767917	1.28551394711329	0.956755455859272	0.537281551500271	0.0532573237242877	0.920316109317506	0.985200121953437	1.51723264697887	1.26727546193424	-0.411169688102099	0.714654433679793	0.632252599548178	0.405897983767269	0.556952619543855	-0.322694324943688	1.53011784025782	-0.316085541102505	0.476811471828604	0.304351595493678
"35"	-0.1952462691707	-0.0932416163712497	-0.201571845268417	0.444777128907791	1.0494552336481	0.458434978081107	1.37650815363415	0.207580736229711	-0.262370157757992	-0.732313777027447	-0.0765121771328934	-0.344984050068585	-0.373103008702193	0.297838344572894	-0.517500173332653	-0.935287717287444	-0.273794648956673	-0.409678847388129	-0.978914771261255	0.462801529082395	0.456056286249306	-0.66395734341682	0.1161471785971	0.00265276293969265	-0.617438551165888	0.583824626125915	-0.210311795407589	0.791880162935694	1.84539971834501	1.74290341281638	0.657393154123011	1.95801877984806	1.86074643059023	0.475387805863423	0.141355292850862	-0.58488968786235	-0.79402960680524	-0.694810126324515	0.223098930558071	-0.383643974633601	1.14879185947169	0.611810823690281	0.587011087455353	-0.608315156110596	2.34871456633833	0.37636763578379	0.144947957733804	-0.33170253572546	0.421635756007252	-0.284496735271939	-0.0143859449116649	0.37492189536117
"36"	-0.129051328862835	-1.13854942131174	0.198439196160737	2.32938006773216	-0.498432630324816	-0.370393732653184	-0.160375912933697	-0.0654004236647643	-0.456273816116656	-0.91603694044465	-0.586234174367815	2.06352220883059	1.64131065933332	1.2259777012031	-0.15276395990588	0.496117324937328	-0.509011101229671	-0.441359906906997	-1.00549054576453	0.373288785590278	-0.720001725278835	1.04265531477239	0.236812445709847	-0.558368216659825	-0.771560066417306	-0.361608221555285	-0.164246174551731	0.321974825223769	0.498717101330415	1.2465905281968	2.63495775165625	1.70302036075558	0.783394526804781	1.12586910640674	-0.841343133577538	-0.135739843687903	-0.936783533113368	-0.291214592414587	0.162732208520781	-0.150204428441514	-0.623812930538041	3.10394914983039	-0.124611778022645	-0.219441286252148	1.65619265539504	-0.438394555988369	-0.220313574283448	1.27690653244821	-0.0483969541906268	-0.0021552233259543	1.1002995075794	0.844602694957734
"37"	-0.187854928888825	-0.537866397791163	0.145633096397604	-0.506668099845659	-1.05921949999633	-0.687085357736974	-0.753576045830886	-0.745390483632867	-0.501353801761166	-0.890791738003329	-0.660725168416095	-0.166802681946555	0.0215370217979472	-0.301245940718969	2.91925529375665	3.02940695141977	3.76487785510396	-0.158602361063468	0.516597188820564	-0.399579865120692	1.09475861125326	0.919276265512877	-0.202927420345334	-0.241538418239887	0.262737061987199	-0.330314913448693	0.117620982835757	2.19200813478508	-0.221286087504886	-0.683008441506597	-0.488825408028474	0.49185670954784	-0.453964141158118	5.09420053235172	3.38035379749356	1.27658963061206	1.68884234709843	3.18380768315895	1.11267734590116	2.09309691138554	1.0224801413112	1.29558741620394	1.32740059283566	0.217852131309152	0.0784917188148915	0.878842572456047	-0.0689988576814606	-0.128491339258721	1.79523075088889	0.674810843844467	0.49051020456638	0.918380735728294
"38"	-0.229023666932859	-1.21029248357344	-1.02420577084581	-1.31390553487999	-0.393356908022086	-0.665924817752449	-0.649185495430002	-0.869320580762874	-0.416019178802677	-0.523596399097088	-0.605866833319802	1.40442238297718	2.90895741974923	1.28937617550373	2.80689740258546	2.00499296917931	0.0259908597638898	3.68080397591246	0.852905665141515	0.145891333879514	2.25054086853894	1.55280898966514	-0.267804122499167	0.924557063498254	0.422445220292587	3.62288073229334	-0.238233893770638	0.936979187736364	0.174145362068192	0.288277201917516	0.179932293190357	0.720491206013395	1.79061140611233	1.09156532454129	1.43148344872479	1.39603387488703	0.51289753660078	0.863630580145889	0.765476390330421	1.18942353044919	0.624452825225894	0.987015712597817	0.512120492972846	1.15449256228237	0.852114404504852	1.58410276574715	1.09736232169381	-0.162886325880034	-0.398845210263623	-0.25027675560996	1.46703415258787	1.43474260688792
"39"	-0.276518300048421	-0.371331391042756	-0.663131974406833	-0.649178943632972	-0.19389701014818	-0.605836637826542	-0.748624771532768	-0.0122030846741411	-0.495538037448418	-0.568606900881449	-0.681529323478386	0.28096402240117	0.531007553889785	-0.409021558638663	0.858185992139864	-0.318936987410801	0.0648323771069319	0.532491870162234	0.368953997135695	0.167433453312905	0.989556044866839	0.847865967305098	0.114505015193067	-0.277696743221935	0.530407097310571	0.677271924066339	-0.204277584610721	1.66621821357535	0.357625663884565	-0.34811899821824	0.815779240612211	0.513553334867606	1.42524988970825	0.20066613531716	-0.450865319588547	0.316889677850752	1.32410980239494	0.142503249509585	-0.334324057795438	1.42801716237958	-0.253913046706968	-0.27569744783079	-0.651333280444375	-0.236904073948259	-0.851241403328352	-0.656092893350515	-0.231029390599584	-0.231442319621836	-0.377847965187679	-0.184585728946233	-0.249221363273546	0.301481511527775
"40"	-0.231104002099978	-0.838503992030629	-0.876116576784803	-0.655769040455506	-0.152539542260342	-0.365817618660705	-0.540938527475903	-0.284149851866021	-0.476777423404925	0.231626276753136	-0.751495918755838	3.20782671526222	-0.176370329786306	-0.265379751661166	0.791367608126115	-0.759730322938377	-0.491465217105851	-0.3359563130172	0.469260510132677	-0.360733378864181	-0.431160592338221	-0.401646007172957	0.37371938375015	0.463135960881808	2.29976678554127	-0.242357163566292	-0.351528684095184	0.123548027934998	-0.563141015911419	-0.415179531899815	-0.643288848450418	-0.47970429652252	-0.382495352325836	-0.917258313187155	-0.679843228768826	0.411852787761921	1.14650822260976	0.877082559235083	0.353062760265265	-0.636949915348435	-0.453179581062257	-0.896615782278992	-0.486276573110186	1.05060298307423	-0.953395870759778	0.0394972585283839	0.0597756935658963	0.358770971209886	0.803610135090526	-0.113157639341004	0.866246873945391	-0.732331174413842
"41"	-0.261700744470174	0.062998830331988	-0.0835801937830279	-1.48231545917987	-0.763461040455063	-0.68101617920593	-0.705522223881237	-1.02728712348781	-0.401514489001781	-0.893678099177233	-0.666421063297227	0.542710782353604	-0.239140338437421	-0.404465631606763	0.626964565917845	0.612741759199003	-0.29696431142398	1.95415896788328	0.203639051123005	-0.330246295016971	-0.17040346765104	-0.468093102717342	-0.292144133501403	0.678602061587843	0.146953884693656	0.625549036934705	0.518671105265353	-0.390644929052147	0.281858128536286	0.708881341425633	-0.275489382291049	0.175804995950903	-0.350679827332978	0.417812404989733	1.72592836613856	0.734895175687389	0.751225590273577	-0.0625309478982902	0.219037560879721	-0.713719732865066	-0.185257127826942	1.50189290923587	-0.291196037193751	0.908659468111185	-0.106722603259505	2.07979439277899	1.14077985331953	0.279919879431773	0.0196171768334684	-0.13202481169577	0.545892224063391	-0.710839310363287
"42"	-0.275820799758471	-0.625597913928316	-1.24014983595776	-1.30944074428272	-0.720715879186139	-0.512584513277394	-0.762247435565152	-1.05334396823414	-0.490287357100984	-0.0858734523763202	-0.194065752339235	-0.706898668015007	-0.0802971013352271	-0.156430948998419	0.950484814682182	-0.0820200923259938	-0.482448406104801	0.44320144854064	-0.113816525336647	-0.112197643585209	0.388127689627161	-0.0184045088594278	3.18395586660995	2.14215331086123	1.65339218419686	1.38168380884976	3.93538963110862	-0.31229693454052	0.481106268790004	0.352548466042353	1.32860148118679	1.46076240187994	1.2560566362135	0.0199468184750123	2.35992465639969	3.47470922515152	2.2665846771308	1.69982295772256	2.42786884276405	0.936062574212433	-0.198204395033783	1.53392259487432	0.488328535158909	1.13721654236911	1.06615885431092	0.769952601912475	0.266147535378375	0.31092216329112	3.58211446008954	-0.391017213462522	0.0934426513528323	1.94823439408165
"43"	-0.252921162332139	-0.262236385254344	-1.6475692056687	1.03689732841253	-0.731375887431758	-0.754618629760601	-0.504913922333392	-0.079635637524292	-0.510989481597959	-1.06857485378728	-1.04737947944273	-0.479920301328907	-0.0487433940200638	-0.424691443880472	-1.28638595935699	0.487840752183274	-0.501028936958281	-0.724580945015431	0.528181500783531	-0.103717090416352	0.777383611803443	-0.606436535148407	-0.640290524817847	-0.648127093851035	0.37502858737201	-0.166647547179374	-0.106935775589415	-1.13592794397702	-0.501216414048393	-0.744113368153137	-0.836491913806594	-0.760463673887107	-0.588584424253189	1.74212988669108	3.49019636952168	1.95697760884775	2.96736818579393	4.60096644795871	2.65013652879738	3.56519645596575	-0.54866567671271	-0.972394586747528	-1.25619108704811	0.562205230931659	2.89888237477272	1.12197067062055	2.36090486972921	0.934828502241679	-0.0164926387258099	0.609197096412152	3.68153214774041	1.06981987204681
"44"	-0.283285404605685	-1.30585879762107	0.458601116239176	-1.13299090185936	-0.795420039534633	-0.416179409382222	-0.719378865814904	-0.780313551544304	-0.435337064590766	-0.100974559387616	-0.528386504369368	0.545263371642048	-0.00628022671039068	-0.453946656433563	-0.631091426156026	-0.382892322328494	-0.405644483019082	1.3557359253879	1.98194450912431	-0.407476118272111	1.83853497171342	-0.0335464830867319	-0.373015057302732	0.450663228570927	0.896192551269304	0.00592230858509125	-0.401892438837136	1.77789606589204	-0.360029413945348	-0.117716478007688	0.184537496120469	-0.0223659248476549	1.78326820910503	-0.213893403294704	1.49037243220755	-0.100893712920084	0.305026145216236	0.413640182871886	0.346093819112642	-0.423631572412225	3.19013589320655	0.148753082745859	0.30529267788578	0.0387885195054488	2.63367941937751	1.01741589796747	0.423189671045883	1.53791066561879	0.633120976584843	-0.378402409324241	-0.985312982128864	-0.648187065672315
"45"	-0.265220687793876	-1.31988855201891	-1.78221508861784	0.444282871646101	-0.812188001222762	-0.720982952807266	-0.743282794097783	-0.54732890948352	-0.511785833337278	-1.09759114984929	-0.122968057369077	0.732772326455596	-0.390560643996959	1.05420270948024	-0.0971949184339997	-0.415434301566026	-0.125165617521916	0.23184897574351	-0.888148279880833	-0.188875978486957	-0.324544185719359	-0.38743872271277	-0.143607079298295	-0.203714262567608	-0.0226705650325304	0.207920372065157	1.49775539535544	1.64201982366209	2.54996953804315	1.4646405689418	1.53028469879571	1.76911938207859	0.535853857077031	0.381885021798124	1.21002328211678	-0.747521417154087	-0.902122730325204	-0.312911332881028	0.380430853665962	0.218775990452775	0.016032417029416	2.05165958487295	-0.0212249067948092	0.456914893352167	2.26872593301752	2.5591142724832	2.61457410769567	3.11926112194632	0.0964658835955688	-0.150579187161487	-0.580671986673145	0.401512379162917
"46"	-0.210780519814318	-1.41736801439353	-0.0495367008954401	-0.611121134482833	-0.468870556176214	-0.633625795478993	-0.76694741670933	-0.34921807853881	-0.480504720712229	-1.03339471252274	-0.17075701938595	0.010070484165147	-0.0668883377910012	-0.418707486334354	-0.040135000239703	1.68926052900476	3.55735679944092	0.853773802494713	-0.312703261704758	-0.312525472457881	-0.386335430423419	-0.428331400024162	-0.616388172858174	-0.504151727052596	0.215879093372019	-0.357156976807711	-0.282798263731244	-1.02722695019306	-0.254139163868063	-0.774927122574302	-0.813036628454336	-0.199994430336191	-0.737216726127498	0.08168529967218	-0.597231590946922	-0.0961801074125384	0.0660441141323408	0.325189804237025	2.95160092355852	-0.381674998059418	5.75114074940349	0.53625508310387	0.518068482426331	-0.736881428627283	1.31664732314872	0.802798101223979	-0.0636409495233925	-0.579954786101063	-0.477690773185683	1.40509958068927	-0.519869182935615	-0.315924198078491
"47"	-0.260590962032095	-0.80547940781493	-0.291516300908918	0.261901942082452	-0.500713914140693	-0.209579517603817	0.400327486554556	-0.559199797165687	0.371088099333585	-0.565093069887131	0.0224186495613786	2.75282767459724	0.375200970600496	4.64278884577486	0.0138076302622686	0.867246371386176	0.592891047056842	-0.286008205410861	0.592463075009405	-0.0066198045812546	-0.441957190476841	-0.365585675957563	-0.0772681768531994	0.15901687058564	-0.617089385975015	0.665158385444432	0.200662938971552	1.16179592723243	0.163428692654066	0.949289812744483	0.358260553082272	0.0913521433254196	0.0550243142622305	0.163281674012334	0.0393332613597312	0.13567499072037	0.581191463388242	1.17476183843466	-0.568955845383648	-0.45394802054707	-0.00990004883116125	-0.331978181166921	-0.694253431614403	-0.0994429857735251	-0.475380376060981	-0.307165565726725	0.00841367742993484	2.11759487891337	0.0153814213426439	-0.286049679826983	-0.873061652151885	0.320305885774726
"48"	0.00789393155353802	-0.656344940611898	-0.331362661902344	-0.976476102324158	0.566390757428951	-0.571988116364748	0.643762179673101	-0.710270388539984	-0.147964525456486	0.175279486879964	0.630869491402589	-0.60806028360875	-0.393372360490389	0.216457594980506	-0.191526754688704	-0.330787534763197	-0.559336859152094	0.735883181703332	1.18135498079739	-0.270854659119241	-0.376149354203353	-0.522940698251799	1.16989869003678	0.149987788273049	-0.743626851147452	0.321364622651268	0.344654513165935	-0.544354928074782	-0.158931453684478	0.806727146511205	0.712449999867829	-0.0928168855516618	-0.399864261165554	-0.703430018532394	-0.177198607339796	0.288904187559883	0.109580324642542	-0.0711373216166454	-0.633974681779775	-0.67182106958797	-0.387646684643255	-0.0318714659081038	1.40769845045769	-0.173939985156266	-0.310330033530665	-0.340164072022599	-0.217172731570098	-0.548133573988827	0.486609219696862	-0.359051321782299	0.39187932885439	1.25274551775597
"49"	0.965537498249615	-0.894258600416858	-0.911900930104142	2.52362317157637	-0.720736904843428	-0.635191243590093	-0.503977122766586	-0.372812083517059	-0.482049804365466	-0.568753310506212	-0.76801805355288	-0.311236692517627	0.0323465096504685	-0.325049429941575	0.610971524713743	-0.259496146722592	0.0816369334677518	2.77617613181948	0.800253831552972	-0.341674850001669	0.751388231166113	-0.225270048117879	-0.599813570171994	-0.486429528280907	-0.407310939298415	-0.220360515656036	0.266437589090365	-1.02577504679826	-0.520629285267358	0.270862714737881	-0.783143104934248	-0.724384204271064	-0.596841774357317	-0.245241398130488	-0.337222111037788	-0.316140138243684	-0.328210839414975	-0.90287463515087	-0.410751650833475	1.17205020773582	-0.44537834681751	-0.526329737951647	-0.990206461398792	-0.0821669658602604	0.0567621863405744	-0.929944793976583	0.756858020475907	-0.587442130127471	-0.570718553152915	0.099963761040099	0.42847451488245	-0.600231339171451
"50"	-0.266886037323369	0.0209095671384627	0.735397924887686	-1.1978374545931	-0.559848575266542	-0.385753772113193	-0.761631190162911	-0.429851452545894	-0.263099298358396	-0.145880482868574	-0.213375239950449	-0.118409843353155	-0.492407263647882	-0.224362995438741	-0.693437180002526	0.104673054455801	-0.538180700369468	0.218298643057729	-0.371397108983789	-0.175044600104417	-0.0624053535322941	0.618866974361303	0.550893068272894	1.84482353052104	0.0775398447480694	1.41802442471548	1.00958598945586	1.52175839152711	0.0826782473234223	3.0174815359258	0.691315407849281	1.05571668152082	1.18277452730391	-0.263850367176431	1.30128032389679	1.5063470509013	1.01963660485686	0.457973855891649	0.1295951240997	0.465853594974863	-0.600965555691594	-0.0208898594034929	1.52949705267563	-0.790437090358404	0.594097593707448	0.897713433861725	1.18900102674214	0.597196082550827	0.689925483256435	-0.333756725352083	-0.0617444209479777	0.141685366014422
"51"	-0.0776039237552726	-0.368780526606785	0.573304475797923	0.777082761184104	0.690126750575837	3.09719651745462	0.790453448333263	2.07515213236811	0.38263282550665	1.08954484654444	1.58491168578341	-0.784954721297856	-0.348209945347023	-0.451518745242641	-0.482966047071592	-0.709976834450936	-0.0638306774041547	-0.529014473475982	-1.06045924174567	-0.416857730215159	-0.304300564209448	-0.600566683410909	-0.470968979583819	-0.750243915019849	-0.922315629228706	-0.570259117357859	-0.354577917431065	-0.396689960796517	-0.616342794943674	-0.714561868891697	-0.681655945361911	-0.612438447643005	-0.788764470507116	0.50065770342693	-0.531816789259076	-0.827776103596686	-0.686497035351932	-1.06940435047763	-0.541564676018868	-0.550398917144172	-0.00072063868256095	-0.44259498835399	-0.995127070855766	-1.14788728075299	-0.921503076639993	-0.827221004903137	-1.03972248710576	-1.36442955749296	-0.71093340567284	-0.278233437564155	-0.242763389268595	-1.11210237306679
"52"	-0.167703118186157	-0.123032068891342	-0.96873035175399	1.06375197296436	0.668049810422187	-0.509505144344118	1.55965024904068	0.161328605385086	0.322565528425738	-0.332385429156279	-0.149629692982886	-0.242954929051774	-0.310820364243273	-0.436101380863209	-0.492236589600071	-0.401232455135773	-0.448323660617563	-0.657810794618092	-0.900550307982363	-0.380952935839095	-0.485079317566206	-0.630813244274833	-0.640290524817847	-0.606173357896254	-0.795023967243983	-0.670397703298955	-0.401845707291759	-0.774111791700312	-0.444240592647304	-0.716646442039259	-0.689118841181691	-0.562510980773451	-0.718663914096806	-0.532369048040714	-0.659346938950272	-0.954253738288666	-1.27815974170623	-0.892778418587152	-0.518428714430723	-0.549883508570342	-0.341635839559569	0.0252100095689879	-0.419158919390756	-1.02053499882481	-0.84211328870233	-0.873495417209545	-1.01117776950502	-0.374052825374833	-0.620639957151917	-0.165008323655155	0.542761085151899	0.026122279269689
"53"	0.123630316874334	0.249075280705961	1.02747561954824	0.962099729476766	-0.160550317687524	-0.317001646606888	3.02198993301761	0.350425442778606	-0.495809729124521	-0.605627620285871	-0.22686764342774	-0.795675596309317	-0.452630847654153	-0.449028499670288	-0.421121769940814	-1.01478984170792	-0.480778094064108	-0.950206253146578	-1.05705209116832	-0.353163980366144	-0.779254484111018	-0.830668610279903	-0.626143298339801	-0.577966224780177	-1.06643705341352	-0.751095982535799	-0.393858117898112	-0.989504856332043	-0.62338166723657	-0.775121633541274	-0.836996019055908	-0.696184898513892	-0.808444238486683	-0.255524206529477	-0.660819163537341	-0.848283989338936	-0.965838815234983	0.0912266195405608	-0.566662094553944	-0.755768964939011	-0.548804758684658	-0.690882247919175	-0.427432031994238	-0.951407573198891	-0.906617491401681	-0.770302406717363	-1.12971686861593	-0.770297110022413	-0.703408132212445	-0.361512849300946	-0.471630074080445	0.0154860857489905
"54"	3.45415364904381	0.479882961010714	0.985308111312477	-0.175680486933852	3.23801590087995	1.39618256287767	4.93057475661418	4.68989985734796	-0.381237436114352	0.650148646969238	2.00911446696615	-0.957626750872329	-0.47658667217818	-0.453946656433563	-0.915794666438542	-1.28459670829378	-0.527365937085749	-0.692463657482534	-1.06704639952853	-0.395821667600326	-0.438422589895745	-1.04294880735927	-0.640290524817847	-0.708502957438946	-1.01165303496552	-0.786361762196813	-0.416333654647414	-0.986464077524074	-0.658965787824328	-0.685148357304095	-0.841682635394963	-0.77102627226589	-0.81792745290754	-1.06772868839892	-0.840942187307017	-1.58237252037262	-0.947807723757582	-1.21322336433349	-0.906514278603283	-0.806986678519563	-0.606675502830861	-0.88175057639072	-1.03491100940487	-1.56230164491565	-1.09728130646275	-1.14027227487833	-0.58502083993952	-0.941687094376916	-0.745449518228695	-0.391605750009177	-0.597267022904052	-1.27616987883528
"55"	-0.117318184450496	1.17089391625506	0.708511302663966	2.20383872326287	0.667734425562849	0.858458497756087	0.298877865220273	0.852105903537399	-0.498577859332484	-0.049689359399116	1.7492443125667	-1.21122649667915	-0.531276432453063	-0.440873703251678	-1.06680692499456	-1.23328195721865	-0.504353500346969	-0.957652120061038	-0.477700206996895	-0.428345598592556	-1.04982815859388	-0.871355655842529	-0.611718130081775	-0.601987783304836	-1.0604314121305	-0.567596061644947	-0.412599220027436	-0.934761706320714	-0.514151502290284	-0.738917062275214	-0.786654572168459	-0.647575627775684	-0.770785626732302	-1.05514785966137	-0.806057773509876	-0.894432901899718	-1.12167228976506	-1.15036935365157	-0.90455789836845	-0.623720130102198	-0.505980155140155	-1.04966620335028	-1.07335665032693	-1.47678534634499	-0.880781590585761	-1.10960049479145	-1.00127487718528	-0.949525407654563	-0.376327631520436	-0.389827407695847	-0.736230881719695	-1.0407807865141
"56"	0.5881168471702	1.47043828287911	1.37874256888835	0.483329195319619	1.78987375508695	1.08395172880639	-0.327579096279391	0.279446400662414	0.442700122587562	0.500141528568944	1.30060169873796	-0.305706082392667	-0.532336137158143	-0.439005728458815	-0.910075121194363	-1.30016230818919	-0.559336859152094	-0.282709231054765	-0.597541049970645	-0.381682364370583	-0.183738551661536	-0.758641416825826	-0.640290524817847	-0.70239957776718	-0.775121551364212	-0.667503913517055	-0.417239195167967	-0.700183427648315	-0.660933695972157	-0.760287442072222	-0.838932095709187	-0.690010190319691	-0.741847436077	-1.05787051419292	-0.896296787649892	-1.5317321093701	-0.321484214615116	-1.01027350045976	-0.867674200419091	-0.77448582460889	-0.663278072269206	-0.967750282329953	-0.991058105343269	-0.706601701833359	-0.70890441068753	-0.951182163407189	-1.01315465285989	-1.24979130106362	-0.738704077609558	-0.391605750009177	-1.09431575548517	-1.11748800121457
"57"	-0.274134227836435	-0.708182150042885	-0.0269055152826688	0.548571153862712	0.0124698161452255	-0.753869337100841	1.27017474308903	-0.453494714319504	-0.512040051679708	-1.05857716798202	-0.814473933789063	4.03539743415288	-0.30644658303127	-0.453946656433563	0.0657172470518542	-0.0259651223098983	-0.544198388333889	-0.54567293076172	1.09908365152315	-0.172470146463871	1.54056814272707	0.157130229405244	-0.113463257909204	-0.743471403356545	-0.567368262794676	-0.427184766745782	-0.402293161838748	-0.900436518515445	-0.609006313232653	-0.708215173797119	0.531243488144594	-0.768601169813724	0.0992483435857922	0.855019100561313	-0.827529281600999	-0.915138216144902	-0.914268025102728	-0.195748934362243	1.44630963459197	-0.816809265626328	-0.451017488589239	0.196854807070743	0.836285918187739	-1.16927219188887	-0.401893492614373	-0.815755681540984	-1.44252632732023	-1.01983624765255	-0.647620206858651	-0.389150368029409	-0.00734088236080849	0.222976273636904
"58"	-0.226178244238392	2.16782639921339	0.253373014229344	0.198801765006683	2.7899591440473	1.33557665638211	-0.00325109459582972	0.2749640322845	5.6380873078243	3.35596583787961	2.71762723519434	-1.08795770562475	-0.497888236332409	-0.420552212039321	-1.18892328198521	-0.965045758416794	-0.549806105984677	-0.932023724236824	-0.889147710716854	-0.395674015112119	-0.121047590445924	-0.648058270478151	-0.239212482957724	-0.543725704878477	-0.711294154472596	-0.722284988454743	-0.415059694305992	-0.664132392411497	-0.592014590192791	-0.642231977034284	-0.37602260697072	-0.413844947223393	-0.840691363630173	-0.954134878692517	-0.749183962688855	-0.962002807028818	-0.108100727908464	-1.03973044176636	-0.614632408686634	-0.637560877197189	-0.604523525410349	-0.7910493701667	-0.654374865960361	-0.950170236637536	-0.670090674925334	-0.884925038942011	-0.939917591002716	0.811872274558004	-0.684130906419739	-0.36516447698334	-1.34746833647928	-0.761504733784901
"59"	-0.142609328684928	0.804935971994476	-0.293063732403808	0.420229018243849	1.15595018781785	-0.254837653041498	-0.362356115268951	0.794721736941032	3.41073637849453	1.72161611230809	0.312626513575935	-0.682649069774797	-0.415228770032655	-0.421866679701125	-0.592423505346447	-0.662405351507746	-0.480259925399662	-0.202170633964631	-0.62697883095889	-0.414798167302722	-0.221783707007146	-0.517715782453612	-0.479386754183668	-0.628893048738633	-0.774353387944291	-0.739856349200187	-0.334086134783036	-0.480535098979006	-0.474752383909179	-0.698017368169045	-0.555933905369861	-0.547909908792272	-0.777214670642776	-0.794060277174493	-0.66127858113898	-0.783724868879576	0.0747326711654927	-0.858967664693614	-0.496146563513595	-0.503404079204485	-0.449487586897806	-0.500991968776946	-0.361733784848935	-0.486799367396348	-0.873604000922	-0.821712753465804	-0.606600276934773	-0.258817921218391	-0.627069228879061	-0.198852947050276	-0.35078768171506	-0.813216893711726
"60"	-0.121265279114554	0.341771872263129	1.8507091748299	1.8960812016505	2.44251015734342	2.60474285617284	0.367117719920839	0.0963096355076577	1.68015588441629	0.909461008085641	1.86199071407904	-0.391143373034597	-0.46471498031703	-0.443504426966663	-0.981257707977367	-0.559409046701326	-0.531795307072203	-0.759070222374612	-1.15090773240554	-0.417404170620236	-0.487810599833416	-0.651703560569909	-0.640290524817847	-0.670874781847871	-1.28613179151091	-0.702537036325172	-0.397884040532382	-0.656553274061304	-0.531223088407946	-0.578218978609145	-0.731832098358477	-0.564358978220745	-0.778863143440333	-0.366262143133972	-0.558525658008878	-1.02012082257996	-0.808884236571597	-0.646592736761259	-0.571581890096126	-0.176235456973725	-0.300252630997078	-0.0918699306129825	-0.473218032628219	-1.06556938046357	-0.630823527658753	-0.659326440953542	-1.29586744815215	-1.2067741698369	-0.357970169777167	-0.391605750009177	-1.6153177007392	-1.21143260255731
"61"	-0.242769559274919	0.278000261363848	-0.0992479376687925	-0.330547762263418	-0.180388025339875	0.66854363286715	0.0134869829722335	0.488787780949588	1.2990931182527	0.758533600615406	0.0859218180233612	-0.450778240285849	-0.442858570774764	-0.347225483011471	-0.44185850980715	0.449091343380201	-0.530891681782982	-0.860866755873405	-0.748227962837941	-0.378926184590705	-0.673891254061816	0.396130402857196	-0.640290524817847	-0.632042728615118	-0.0879644557258132	-0.489367598338237	-0.407372296676964	-0.266548280402612	-0.4838786176714	-0.723783430174912	-0.79639128693498	-0.653037627056765	-0.717120344113639	-0.565881844644705	-0.632283065690113	-0.278776794063458	0.808869027794595	0.273696206863336	-0.084965189930393	-0.422647084125134	-0.597673106101104	0.466018558168131	0.073861815513846	1.33985958675713	-0.171911200682456	0.180365688805361	-0.115002965659354	-0.622422065500847	-0.534260800535462	-0.227652340623203	0.28209377077021	-0.730474061259434
"62"	-0.0840247113081081	0.158929553584763	0.910644541684018	0.942494191429725	2.20870484828763	3.76300270075711	1.69821666837736	2.14879104143384	-0.0978274289334593	2.31938569455578	-0.0140593155284245	-1.03377899797755	-0.371291013628649	-0.453946656433563	-0.348068810542415	-1.13868449271833	-0.367048102564603	-0.733332769546891	-0.672816363392747	-0.379791907726692	-1.02617846743309	-0.852484269444426	-0.618580573479503	-0.663441537339367	-0.834479633812651	-0.488031263522011	-0.413696243055172	-0.999932992664476	-0.533270859633575	-0.591235569873923	-0.840850697262062	-0.785928195708625	-0.731851696477265	-0.592317404698786	-0.761734416260889	-1.29565697698698	-0.00383804351064336	-1.16034262201931	-0.842576781884016	-0.791227916597015	-0.511973323749572	-1.06072788406899	-0.945528949708416	-0.280257545541411	-0.883159862250273	-1.0058872605524	-0.517954610236808	-0.578316929595286	-0.592199884570667	-0.336833174754967	-0.462080100400395	-1.07522179410494
"63"	-0.0801587213289271	2.04880124258495	0.766539983722354	-0.0623308215862553	-0.0795384601522724	0.103203394563073	1.1962519336704	0.779452130378909	-0.335978637417838	0.0455605593397209	0.00933021026005387	-0.317086376303642	-0.400207955698862	-0.448808080433122	-1.02229747811806	-0.219618114362148	-0.449743763971998	0.0448162147285061	0.523729490695802	-0.383248490335249	0.268786720916355	-0.453381085782912	-0.640290524817847	-0.767677743100625	-0.931826889028091	-0.782609449399885	-0.412261000467766	-0.872366386216058	-0.439919795361227	-0.771001114987893	-0.841627446971992	-0.786551342970716	-0.815429267313424	-0.926812582529536	-0.541057347837487	-1.1280895351219	-1.07785580322153	-0.164505628090567	-0.676134468156736	-0.704705873930608	-0.548084061193652	-1.144639940855	-0.700742147381841	-0.845393510460871	-0.888284267743232	-0.688999595455767	-0.774542984372144	-1.10149509344057	-0.58354684121084	-0.391605750009177	-0.854724919901461	-1.06974331029943
"64"	-0.19424327456771	0.0208640159878204	0.430940778268011	0.158272669548094	-0.656787368198355	0.391608991708366	-0.489618782486714	1.4410694056771	2.62230970308135	0.836047039097209	0.265968651251769	-0.614090775802697	-0.408105754915964	-0.285910484664585	-0.75659613933398	-0.594386971783518	-0.552363982621893	-0.881565775139089	-1.02847745499301	-0.30297223027213	-0.472965277392815	-0.552000203111483	0.20032492459559	-0.272839236923534	-0.0618468994485	-0.760526276213758	-0.395318478691158	-0.750506947200014	-0.626020561755997	-0.501182009899238	-0.260152411818445	-0.383236306910363	-0.764071846611341	-0.968414244202044	-0.785091624780555	-0.33094727596372	-0.73741384807309	-0.667154014476624	-0.404244228962482	-0.0554329530400384	-0.626543994714484	-0.730227284973975	-0.94052723130435	-1.03087726479991	-0.751593531572114	-0.395756609677163	-0.336672559040385	0.739455619052586	-0.455339599122494	-0.339600507232202	-0.825664036879178	-0.621419311978557
"65"	-0.250285260073607	0.404268050944424	-0.467536633452694	-0.330218257422291	0.670783145869782	-0.474969592363345	0.0950462627932742	0.016218086249553	-0.49511964962771	0.277661645910839	-0.471467951975644	-1.00851899981066	-0.209973466012236	-0.448657229620505	0.48777089374316	-0.0636799595187142	-0.00782957786168391	-0.171307501972068	0.732837678795943	-0.383156365278504	-0.756761571322228	-0.698138948200308	-0.58933746746983	-0.729416831818807	-0.819535363643279	5.0986173818669	0.689650146915236	-1.10588541461301	-0.61038992399077	-0.772355386526909	-0.797998996172189	-0.714652258669785	-0.527486027929176	0.319522078552435	0.43527814480822	-0.655470377661192	-0.0377514435432677	-0.321011449321833	-0.463734064364674	-0.127908664292679	-0.23128061672626	-0.70104023393594	-0.721884546257408	-0.879408592911718	-0.833412920778558	0.087031428339442	-0.540661055499792	-1.45545928228903	-0.56767788581843	-0.350312880691286	-0.410475017215372	-0.36876750874482
"66"	-0.220126483001751	-0.153232481767216	-0.442004013787004	1.19818994814407	-0.492251087081794	-0.373080512718473	-0.773367246423148	-0.276120994222065	-0.504520094818421	0.364963613591099	-0.351894555889468	-1.27558365411402	-0.234641592047932	-0.44392738152723	-1.14155406248662	0.263526820155777	-0.456971075686536	-0.528005696193539	-1.68548965799068	-0.430617175334214	-0.737996055509867	-0.222559447793238	-0.640290524817847	0.206192075846771	0.410084772535677	-0.772793637548324	-0.370140690330402	-0.829685905289794	-0.640817756632393	-0.701345306185153	-0.414138884794055	-0.72396162465001	-0.728389903602395	-0.770413980937143	-0.744892584637187	-0.354984196195913	-1.37756430819305	-0.865896157149231	-0.83248797038757	-0.729512083211526	-0.576120457975341	-0.847661839532657	-1.10116350102197	-1.45775837846754	-0.182177121536464	-0.984323476221808	1.53209190431222	-0.255776187707663	-0.253301626059259	-0.337230610802229	-1.03237791389222	-0.749821803758991
"67"	-0.141392758411759	-0.497234771418193	0.0738709608220647	0.165027518791192	0.508570199883677	3.24797517956605	2.28547012193909	1.17680669856165	0.0938757872561275	0.769660732097414	0.114280103176231	-0.710174490935175	-0.360793938719842	-0.43716994471073	-0.212805631545009	-1.10997042837955	-0.359237534115208	-0.500087103295673	-0.989227080342014	-0.38086081078235	-0.90818386021636	-0.823209785938305	-0.570499828640558	-0.424877784205774	-1.19508347633883	-0.721715844417904	-0.417719537040015	-0.227648227183552	-0.659806739207653	-0.535309977359326	-0.769586538808732	-0.56084589092333	-0.765375638733046	-0.23200280270183	-0.816485508936157	0.214547677642432	-1.58693050508867	-0.54154435166957	-0.810496576617869	-0.762396887554165	-0.565418732424687	-1.01061286521826	-0.713881796810902	-0.58228439637642	-0.844713988652012	-0.957047431141386	-0.650627501557793	-0.673546586431167	-0.731861819722058	-0.189612558951423	-0.600026339069804	-0.808886443492585
"68"	2.48535818817701	-0.170131958655525	0.042342044113674	-0.136798915680898	-0.168634682915217	-0.00323726227002953	2.23312478121562	-0.417586510500834	0.514485750746398	0.75510343226381	0.0577655149584745	-0.198816405939112	-0.54190472079823	-0.374895474390296	-0.433997523452591	-1.13020100564542	-0.482822028534956	-0.877334363403006	-0.533759191162781	-0.332096368074344	-1.00370162101058	-0.825602591742126	-0.553095146096723	-0.432437015909338	-0.309405019777578	-0.782447935551592	-0.407429542820051	-1.04037626395725	-0.58161873827068	-0.708728753588519	-0.794828807369407	-0.711687894163887	-0.780346768958135	-1.00181047455698	-0.772039988370371	-0.590664471573164	-0.668092242496761	-0.451047247184041	-0.638326808605552	-0.660896145155041	-0.63361062327103	-0.69751696851571	-0.882372116238692	-0.404434775161216	-0.716158994757696	-0.7299544649389	-0.265948171353888	-0.688989233485634	-0.720297450847198	-0.343729426167651	-0.403821347028452	-0.166342174914381
"69"	-0.161441836513582	0.890298828298228	0.677756101703021	-0.936655442273992	-0.446278487418979	-0.619405490576359	-0.740783625964344	0.221372638930984	-0.383034246879633	0.562449281736048	-0.306287000422815	-0.176693965439272	-0.453668058627285	-0.452024591743514	-0.880162712772793	-1.05182750478232	-0.410572579778819	-0.205933100585633	-0.64356029710196	-0.396905714500929	-0.923379429441815	-0.883628132484782	-0.146396507546241	-0.477764408976266	-1.1496082018795	0.0567991707970997	-0.360477775034972	0.166374612347531	-0.480595357806308	-0.4057860394508	-0.379147566101867	-0.709411009937016	-0.546668256846208	-0.99954992194133	-0.625381360356408	0.573497374538989	2.76902617954252	0.203688057624951	-0.789631289895347	-0.80937203572811	-0.50367898069519	-1.11698573905824	0.362339304007833	-0.727052774055007	-0.987957804301605	-0.699506075049198	1.36636626231957	-0.344103449269199	-0.541476712568045	-0.357872629505094	-0.291296042396717	-1.25553059855106
"70"	-0.0424180079657336	-0.313025918220556	-0.656168532679827	-0.110273775970195	-0.373971252001452	-0.723139737900773	-0.750948123254616	0.226347575262514	0.0389471953590161	-0.290846927044876	-0.727985203714569	-0.189669627655524	-0.34163677701127	-0.453946656433563	-0.68302814979511	-0.333232885804167	-0.460977795865122	-0.819032489328008	0.162707815520523	-0.26586981015838	-0.529518886690343	1.09153958959264	-0.540490979586046	-0.490517112831723	-0.609058586584932	-0.732243086315513	-0.409653380235702	-0.645476803508553	0.270731904877034	-0.762450970733692	-0.781765655843545	-0.704775248422474	-0.547492493244986	-0.78739934865693	-0.686160220791356	-0.514234962374908	1.41987078044849	0.395559565816518	-0.667577900675303	0.472339635454524	-0.462725661864176	-0.83480992817023	1.01080533601611	0.639713860812793	-0.828741926789985	-0.636283589107366	-0.484347593203961	1.25046684885496	5.71746469690141	6.26066408921658	2.09267484634032	1.73542610943339
"71"	0.0251692294325357	3.57326160113225	-1.14751671809488	0.083310318191762	0.953157723263611	1.70424214022659	0.59408072397373	0.52474524156362	-0.468865379866016	0.380985009672336	0.342398673344689	-0.375742750994324	-0.130957984287968	-0.444458533766082	-0.140565877631565	-0.829168887305631	-0.229720726992229	-0.702824072815727	-0.884014270513657	-0.400459470114545	-0.652330190517134	-0.533661589880637	-0.640290524817847	-0.397748541536316	0.609527929562432	-0.68852955555365	-0.409003227610638	-0.599764675242213	-0.644451867967477	-0.769879061208005	-0.841297887137306	-0.764807413962026	-0.731087404543852	-0.492028799706219	-0.738418972977735	-0.667908373346023	-1.27442272792853	-1.06974426607827	-0.514044281255232	-0.208520881682753	-0.29131345334548	-0.5196378214879	-0.403234529444837	-0.422177714531596	-0.365928549889164	-0.764263731067546	-1.20203015320447	-1.15663236281004	-0.702318937943376	-0.391605750009177	-1.00633075207225	-0.572121399152462
"72"	-0.0320636431963187	3.02391472438559	0.0937941413187777	1.3963871100818	1.75181731539351	0.402000328307909	0.862866722904911	-0.0298370174136254	3.25006503904833	0.425033391065395	2.04963207381563	-0.890100128404308	-0.126496727451725	0.473243770790265	0.630759524847632	-1.00474509204732	-0.183077094195949	-0.00597708465501469	-0.147388315692068	-0.401331503185926	-0.162466682709852	-0.350340885855876	-0.190869891789697	-0.541387942481264	-0.642229279717884	-0.395622268892036	-0.383556148719645	-1.17320168276455	-0.645739916068397	-0.567128311562116	-0.735072187562877	-0.426755700720359	-0.348177145903959	-0.578329454811902	-0.52655436945849	-0.619020140307035	-0.836724989215459	-0.842225013300343	-0.754698895468722	-0.65500369320142	-0.408268747938527	-0.716082747012568	-0.645304182043798	-0.700204905270879	-0.48708352583455	-0.955670368282053	-0.724215598777051	-1.11497231268811	-0.614830921050215	-0.300486176247453	-0.428870458320386	-1.02475896484562
"73"	-0.131403364724295	1.16952738173579	1.38357829230988	0.979892990897609	-0.0382020179217238	0.456815549000659	0.201557265673338	1.60346905998459	-0.480854534595518	0.780913357543504	-0.41224680377891	-0.463073212025183	-0.172608877943984	-0.409378342718296	-0.754861300966077	-0.780807367872281	-0.50342367076966	-0.858023094506952	-1.2472619507328	-0.284648177889421	-0.261146304387528	-0.500984835622208	-0.640290524817847	-0.699389883662983	-0.833013140010984	-0.748724228584986	-0.400692022265252	-0.436694921630484	-0.611210397661838	-0.707849174405547	-0.839458569087019	-0.741733935936649	-0.72687630585191	-0.786400209379295	-0.716053688825243	0.739090531374732	-0.845880672970823	-0.627260941005659	-0.65001247681644	-0.770747664671728	-0.604429961174675	-0.931013376819997	-0.224808363998157	-0.242693875216488	-0.121779287178717	0.743788407585144	-0.582600543495703	-0.812998368923023	0.684403873420182	0.124104320947894	-0.348439327531441	-0.654104503496133
"74"	0.0396734505782042	0.818282459132683	2.97685244523635	-0.00433796954794979	0.816385822597427	-0.156371457589391	-0.317189944685421	-0.0163406554845228	-0.216043688896601	0.556969378637767	0.284389417675855	-0.808736344835184	-0.256198085164232	-0.453946656433563	-1.0919214210549	-1.25371944880337	-0.460284650180219	-0.668443852460053	-1.16662605373568	-0.313497202508479	-0.330199546649112	-0.913061513251313	-0.538488889956472	-0.404131892752659	-0.789786489380885	-0.264219216602971	-0.405147290972678	-0.433918955391377	-0.658180126264095	1.91520352961488	-0.610513783668346	0.698353079597006	-0.122111580893479	-0.754302860085286	-0.833519460647817	-1.31093300740148	-0.569715354798817	-1.1194225694996	-0.688295501227703	-0.775901750410031	-0.604569043146623	-0.589931542290851	-0.533603643738933	-0.730087750526257	-0.524502807347409	-0.561616180734631	-1.21692144277483	-1.03247114069712	-0.756177325394117	-0.348896094782063	-0.938600303493046	-0.888919579024127
"75"	-0.220514433744417	0.157107507559069	0.379101823189185	0.20308532794133	-0.55444498134322	-0.477312857169145	0.437089099887067	1.0335186808545	-0.445104076538084	-0.68521170917504	-0.538727987274118	-0.767150411010965	-0.0027312156697942	-0.0556014431854561	-0.188680535491364	0.301053553438364	-0.435390576496811	-0.967728987185112	-1.15558688586509	-0.29986774205853	-0.929600326464543	-0.783924775026355	-0.584878881350936	-0.609938975170807	0.0924841149174412	-0.77776595673503	-0.400516778970086	-0.961115122656443	-0.653003360605704	-0.697840271689252	-0.829587810020924	-0.768516653889513	-0.590862313937086	0.159118593688857	-0.766892422970194	-0.0898870738815229	-0.114640502019439	0.74437083004868	-0.0517358016529857	-0.682221898785712	-0.612888673832269	0.235862388508996	-0.772753374242547	3.27010462247163	-0.863979700121367	-0.618279767279787	-0.528929084188161	1.10902624060609	-0.635661761446162	0.193361232146781	0.933370664360495	-0.384806213260159
"76"	-0.163858756122944	-0.142072449859842	1.35475738071755	0.0633752753035942	-0.153496209667	-0.173130094891606	-0.497925663953517	-0.446598762968868	1.29397177355939	0.598340555463726	-0.127573248975098	-0.233170003446075	-0.513081502611132	0.453482046078785	-0.0901471375643953	0.0734478027018687	-0.542086829893782	1.40505695522407	0.652292639147551	-0.344466365419751	-0.416443800827842	1.33614790164729	0.121501081202028	-0.477820403285181	0.328589616985879	-0.648122251722004	0.551266358166151	-0.506258444030201	-0.649654572061392	0.645864510699329	-0.227751519774444	-0.676739928786904	0.754021738775577	-0.00757114246317208	0.148350969966721	-0.246744019462445	0.563440647944168	1.93226737058637	0.60408309754418	1.43033360540803	-0.54279894625961	-1.06958180431333	-1.00383276451041	0.363531001929115	0.31725992801103	1.16771975894728	3.81382175783425	3.33428828320473	0.272174097973875	-0.382345858104301	-0.981692602762452	-0.743803068854024
"77"	-0.18477565435296	0.595036269834558	3.35752059297937	0.357458346009206	0.861590985769186	1.73871635019674	0.962851207475942	-0.183074907783837	1.92745607138669	5.7311482647532	5.45941289031628	-0.970410968891948	-0.435498121820851	-0.425930799104459	-0.296565796495307	-1.02517317843574	-0.547241466950536	-1.00378595896971	-0.98532021434666	-0.423298912264839	-0.802422184283471	-0.69553116375005	-0.611697884231588	-0.743555394819918	-0.598094799591515	-0.784062112642559	-0.418893783946488	-1.20578549964286	-0.630950912276904	-0.536188080738299	-0.831240748929768	-0.783594547055046	-0.690534973723941	-1.12296443813081	-0.853470714129882	-1.55549756541076	-1.34981698089363	-0.991621535905439	-0.874024705734329	-0.75499295652448	-0.643809124959544	-1.0562952043601	-0.961967029652591	-1.11065045404805	-1.02305014375422	-1.0366620653421	0.0132173192268232	0.279100951178884	-0.737521091611763	-0.323191550429022	-1.40101081186579	-1.15945875850418
"78"	7.8711147874955	3.43387508016668	2.16038890274483	0.137843369398237	0.339523915278585	0.681302771076743	0.198271807476954	0.367517550769112	-0.100908915994691	0.492151746189006	0.622022675948916	-0.457765953462962	-0.438697230364487	-0.434029529453413	-0.665883067487323	-1.13869389791464	-0.544931263100731	-0.629401445204443	-0.721379616288478	-0.367391622691396	-0.746189902311497	-0.938896338414441	-0.573997861645039	-0.597718217250045	-0.873376636075922	-0.525429410537262	-0.412825868022517	-0.991742065965533	-0.637842345041554	-0.228615769457995	-0.687034164498149	-0.548067587755351	-0.0908955005542791	-0.815083832808053	-0.795470286053934	-0.946430633859913	-0.991530784956669	-0.899504408131749	-0.732139832982616	-0.795038465378816	-0.53889200722942	-0.899458416879405	-1.09056526526849	0.306099908703937	-0.883621828688703	-1.08631283177028	-0.771642323748638	-0.830780810985743	-0.738523301616288	-0.379255056844155	-1.41030638050928	-0.782439463889133
"79"	-0.275728745941135	-0.905646388077443	0.761123973490238	-0.098411601689633	-0.136097478260195	1.75944994978732	-0.706316949580092	-0.663131635378848	0.805794781098335	-0.0332287344435902	0.114764860187391	-0.565921288772035	-0.54806300474473	-0.451025596320543	-0.612916283567296	-0.0674420380432844	-0.559336859152094	-0.688564869607148	-0.466706467800668	-0.320009055834565	-0.834114698402876	-0.160888616958824	-0.0802375682139157	1.59914850015521	-0.299837893547653	-0.30971228387191	2.39616935523763	-0.608603936161473	-0.518110526659834	0.272486099135983	1.44574633072151	0.421721106769993	-0.185652714181145	-0.622749521863405	0.458875503437834	0.553507738616939	-0.24739791647222	-0.57707638030678	-0.451411499545136	-0.422618128587278	-0.449449655450911	0.3372134652078	-0.823446466175652	-0.321579917496112	-0.237185347445858	-0.544887417110139	0.144393691372624	-1.74848351014754	-0.267574609293519	-0.381753751993148	-0.219279847432407	0.416200455929596
"80"	-0.176452961939737	-0.260459890379292	0.839849550792785	0.609529549471159	0.163854548627398	0.594074431970777	-0.020033570247628	0.0359208043942282	1.0559594489989	0.530155501645411	0.695342173886892	-0.147232830735158	-0.353995833064615	-0.444456745374705	-0.390626564255026	-0.572604537126256	-0.559336859152094	0.394534760725511	-0.573554709906149	-0.410580606485711	-0.807434890562116	-0.42679850880609	-0.605250705716579	-0.440892156555547	-0.530426585600294	-0.629307811179884	-0.0978464900134934	-0.739448739583047	-0.631966606804816	-0.592239116592749	-0.488109956858975	-0.330672447778117	-0.760100525780862	-1.13302244019233	-0.392038983960563	-0.782392226484773	-0.0153293608770696	-0.824469847351971	-0.79762480385319	-0.617651049367658	-0.65714961483253	-1.03008233841706	-0.748799198534424	-0.32120638193042	-0.784247714821905	0.544369304622444	-0.670691943832489	0.445928335267295	-0.243884633941265	-0.391605750009177	-0.34530818861995	-0.759056720990455
"81"	-0.231416255136758	-0.447037403410331	0.825148951591326	0.226974428923018	3.76302656339104	-0.049771311528669	0.751294338479067	-0.809916885556679	-0.461535780782906	-0.54302704786924	0.050736538296652	0.363391384840478	-0.334351307163848	-0.4508530165527	-1.01880069453276	-0.670117612483115	-0.54869960878768	-0.919490348108749	-0.609670506025987	-0.378985497983404	-0.824400973351374	-0.984830732329665	-0.550541919434289	-0.51099703131749	-0.78790099735017	1.28698670136898	1.12758314153401	-0.973670891007665	-0.656994466724455	0.735003072195084	-0.0511090930980161	0.0242439766387024	-0.438543427442786	-0.526873782013724	0.118969126080114	-0.246521912396645	-1.68147695366447	-0.936142970532747	-0.884962712708976	-0.746781165988624	-0.609706225437775	0.635089541645368	-0.743783961972509	-0.666493320467157	-0.505613512976035	-0.816576819023772	-0.662839837049114	-1.42993211874899	-0.610254792350307	-0.391605750009177	-1.32421963006145	1.28254374246078
"82"	-0.200311256741326	-0.300226044890058	-0.000212321995810434	-0.0743577482873811	-0.42935283330118	-0.202341160350298	0.458222587744887	0.091827267129744	-0.414717142016242	-0.581009887664964	-0.236199215892574	-0.669269247587875	-0.389435957399587	-0.436223885672506	-0.11251028840064	-0.821550678293376	-0.514951021629443	-0.375871176300869	-1.24249193992452	-0.430894812491528	-0.599985969184365	-0.755089595710779	-0.545833634496426	-0.080092827059877	0.0561709350666315	-0.388921366971823	-0.38488858190722	-0.344375781244406	0.439741290032295	-0.74933550060103	-0.812580631128488	-0.617547246046787	-0.685169944073709	-0.682947663340886	0.0992454931370427	-0.675336620768908	-0.272249058093923	-0.300978125624486	-0.293018082089494	-0.6813619193114	0.482285762263275	-0.883620881248536	0.304346406836361	-0.245635467796314	-0.550792119667715	-0.717565999437713	-0.495469871518295	-0.48601201651972	-0.440567401848243	-0.325966242833058	-0.355680086264266	1.72647820059851
"83"	-0.208547437490679	1.91178338145278	2.60546888646267	-0.446203961498902	0.0349672694446595	-0.603824619878107	1.632285514031	0.461401002728489	-0.507713209833476	-0.191685779758792	-0.0135745585172642	-0.861277141022304	-0.430899403289373	-0.449686091179466	-0.488590718342526	-1.2404863375932	-0.546434205817509	-0.938250879137091	0.081572203105391	-0.435572493797433	-0.964994531374331	-0.807703282701825	-0.577246195830549	-0.642107705642641	-0.902043098246609	-0.635422264008084	-0.412776215755553	-0.731203024076753	-0.627292227687113	-0.756426000910738	-0.837858302186689	-0.768815613203512	-0.554251231714971	-1.11190313371133	-0.753182984084936	-0.993912188815498	-1.24013562651814	-0.765519803504649	-0.557362481029086	-0.60164153248728	-0.500088137055792	-1.11775788326559	-0.927211845823254	-1.24339565570592	-0.96272930380288	-1.05206986866819	-1.26597401573921	-0.691329028493887	-0.510328782012304	-0.391605750009177	-0.412040586671118	-0.713143818959439
"84"	-0.17611908098699	0.52470529324278	-0.0365769621257334	0.154812868716263	2.27020489585851	2.9802786452071	1.43533561458292	1.09371048478648	-0.413119976891547	0.58229824372181	0.346559504357148	-0.696581952974216	-0.234504130352698	-0.427586849519195	-1.21150328761744	-0.0236138232320419	-0.157472968835323	-0.897913419964832	-0.899914306541258	-0.370079655169025	-0.861870952784242	-0.747004529225213	-0.556343480282234	-0.5378603010196	-0.08761529053494	-0.438817609390629	-0.4089272888494	-0.282710978571094	-0.631366609835706	-0.76707023724829	-0.756646740932784	-0.675938919654459	-0.785097367838368	-0.00207587643618215	-0.522054165224258	-0.349628948053834	-0.554113322276921	-0.842948237982557	-0.747157670406878	-0.633779283953243	-0.469970568221129	-0.679042703406391	-0.698930714230098	-1.03227802317126	-0.840385192025239	-0.770792029067348	-0.681537088966233	-0.183008562951007	-0.560635942314935	-0.335777025259001	-0.308517306409921	-0.988148511433502
"85"	-0.128889119493079	0.827529342713079	0.108688169457097	0.0404746888452863	0.0264518782425372	-0.0786388617278724	-0.186748374672238	-0.0556475781831499	-0.491760394718705	0.952756425694203	-0.116787405476784	-0.50741381512318	-0.356070255010879	-0.429312647197618	-0.151815220173433	-0.832808698278152	-0.513351714756472	-0.629701351964088	-0.791158060112465	-0.324337671514503	-0.56463996337341	-0.805123538944581	-0.640290524817847	-0.749765163678623	-0.790484819762632	-0.636662459628898	-0.374889199485072	-0.941491598156969	-0.600499188970981	-0.7594513991072	-0.833989479428678	-0.749025641905306	-0.780077018863989	0.0186146327714996	-0.588774130553122	-0.100153356034082	-0.73890865358417	-0.279859964903815	-0.54204927126458	-0.622863046181671	-0.396155972563376	-0.647699368174481	-0.937404536841271	-0.803814332804756	-0.339160161262338	-0.949096168186939	-0.450241736446053	-0.835811370253486	-0.702714527250822	-0.391493132089229	-0.984980298619518	-0.990208218750208
"86"	0.107071443711758	0.340086479689362	1.28512296344748	0.589924011424118	0.658272879782714	0.570396415870283	-0.762607060043405	2.71130364446431	-0.42179154188921	-0.472311199108589	0.167926545744624	-0.638967885576315	-0.434398428258976	-0.418164709551554	-1.28027336479508	-1.15120280900884	-0.53466002746993	-0.492834812562438	-0.135122573613633	-0.289140851889589	-0.645967909471162	-0.859569217879177	-0.640290524817847	-0.737102050717431	-1.09171661323273	-0.756349989565062	-0.412168705665646	-0.68939003260021	-0.287592919790758	-0.775483795842451	-0.833648612176083	-0.760700823047579	-0.657445628842062	-0.910609873910562	-0.780695833637605	-1.44730674580302	-0.869517285114774	-1.10778588436277	-0.485153174225153	-0.805331290420357	-0.632051640803644	-0.846489324254821	0.258655033307323	-0.982224257368499	0.249333751693676	-0.664156361426833	-0.883733457524494	-1.45658238389299	-0.725252528386554	-0.391605750009177	-1.29962061998805	-1.02003176772531
