"N:GEXP::EGFLAM:133584:"	"N:GEXP::TBL1X:6907:"	"N:GEXP::RHPN2:85415:"	"N:GEXP::SLC4A10:57282:"	"N:GEXP::CNTNAP4:85445:"	"N:GEXP::NDUFA4L2:56901:"	"N:GEXP::CRYBB1:1414:"	"N:GEXP::MC2R:4158:"	"N:GEXP::STAR:6770:"	"N:GEXP::AADAC:13:"	"N:GEXP::MGST1:4257:"	"N:GEXP::FAR2:55711:"	"N:GEXP::SHC3:53358:"	"N:GEXP::SALL4:57167:"	"N:GEXP::TCHP:84260:"	"N:GEXP::USH2A:7399:"	"N:GEXP::OPRM1:4988:"	"N:GEXP::NAV1:89796:"	"N:GEXP::ASTN1:460:"	"N:GEXP::TRIM14:9830:"	"N:GEXP::EML4:27436:"	"N:GEXP::PTN:5764:"	"N:GEXP::ZNF423:23090:"	"N:GEXP::CELF4:56853:"
"1"	0.0631885482955859	-0.681312680023692	0.22801655586984	-0.494477604562389	-0.550139426985979	-0.605321337489699	-0.328710323688719	-0.192130345606847	-0.214455870083048	-0.247258128713555	-0.246532427306242	1.57285389921114	1.24027578547848	0.030353295436373	0.698170817981013	4.16630983096446	1.59039658012758	2.46057268804619	3.68344292725958	1.42820060577031	0.241541001618201	0.642223577465425	0.263436484822978	1.11711769991465
"2"	0.232743155528786	-0.64229330427206	-0.121814475988498	-0.334268924960568	-0.340129806426003	-0.588240688092194	-0.387775369213202	-0.192130345606847	-0.21013292431522	-0.247258128713555	-0.250937289350737	0.778802929224882	0.894066308321998	1.57393129850027	0.915692182424878	0.400546121318	0.062103957009947	0.649401608434082	1.13564066634446	2.48380332947124	0.501053766620858	-0.0637850261487355	-0.265698256257344	0.626153887377352
"3"	0.658352268697867	-0.970566496755775	-0.258773468373595	-0.494485123437385	-0.549065548754646	-0.584421271689846	-0.171209903135885	-0.192130345606847	-0.219362444540621	-0.247258128713555	-0.251637736660037	1.17770435241946	-0.249387280936767	0.839926201864395	2.89352099346614	1.11438978560152	0.0347512853552761	2.11607801713282	1.02145383568655	2.52076043850876	1.21797703463663	2.17803228997799	-0.340779274370529	-0.0396623661336932
"4"	-0.353166954906948	-0.721738844474774	0.149665495304683	-0.482738635660639	-0.549851097570153	-0.568398906842626	1.04764659580822	-0.192130345606847	-0.216153339551961	-0.245476453323382	-0.250073788255953	-0.470836468325272	-0.176989888654853	-0.268861986618782	-0.542707785901342	0.871166739766897	-0.285911786867731	-0.956917409707122	0.199620615756535	-0.471688497638175	-0.496063836641929	-0.512001443635579	0.01951907956502	-0.0241713657622917
"5"	-0.836746375435692	-0.778190993704724	-0.988356171997368	-0.494807766717759	-0.5308439802037	-0.437528951753237	0.493405576776088	-0.192130345606847	-0.219814818797351	-0.24673704350238	-0.25067727508773	-0.0650566050587313	0.344427991646943	-0.249094163617318	0.113345078506909	-0.288291298372223	0.186070389076793	1.62668536975495	0.853086753117435	0.206266416493883	0.132579690726738	-0.357078254857144	0.179961982771941	0.506855378770007
"6"	-0.449717697665601	-0.694011799634942	-0.641814068123705	-0.496748471897227	-0.550601774686401	-0.548880724554151	0.21531083785454	-0.189617099959612	-0.215390854408012	-0.242772247168074	-0.249275140112144	0.0703717027917839	0.24763704215103	0.0613603916708823	0.585312585836833	-0.221285146459408	-0.0400288568846557	0.0392427719377667	0.66627728166745	0.83933435183467	-0.132202780531831	-0.751749016995346	0.0918994520236128	0.149019205439815
"7"	-0.172508015713891	-0.374300057026865	-0.595759515501087	-0.306804980892636	-0.259720771109839	-0.506122444890491	-0.678966807750399	-0.192130345606847	-0.218637599105608	-0.247258128713555	-0.251296319539986	0.230572015097286	0.693994380346632	-0.0890080420271915	1.05477473407144	-0.540218853704331	0.241139626022338	0.364110255809684	0.234119810876965	0.399667128821375	-0.115664010128662	1.57262397803297	-0.244867992188542	0.532733065214187
"8"	2.08841938925114	-1.03164698080691	-0.079173142233697	-0.496748471897227	-0.545340740956216	-0.570594004029846	-0.598904253157186	-0.192130345606847	-0.220190378587317	-0.247258128713555	-0.251272398369545	0.21113921936949	0.216977250056371	1.80587716476584	1.66636332818056	1.25851641395222	4.76785516252196	1.28744606586361	1.5950947077422	0.575103259669699	0.45905826138144	4.45829156345584	-0.31026658184691	-0.164777418941795
"9"	-0.576876534928989	-0.975589112625973	-0.525616433641871	-0.496748471897227	-0.550601774686401	-0.569693829721137	-0.511743195680112	-0.191454036613648	-0.217242836626482	-0.247258128713555	-0.251372831846628	-0.442240435998108	0.419846604317747	5.08687547147721	0.777546213617687	-0.505389832736148	-0.264569425104363	0.934692961058479	-0.403931792493956	0.196451978928289	0.000918106732887656	-0.499124438249657	-0.504321782249198	1.07901340015051
"10"	-0.300093942668042	-0.568769584067705	0.224001004260643	-0.469023873496108	-0.50561728264206	-0.601527745760141	-0.350678241655457	-0.192130345606847	-0.216269243496059	-0.247258128713555	-0.251270201165741	0.424539215028809	0.717268967046227	0.265687566032721	0.503010368827125	1.95024435383	0.680359244920624	1.23457063847871	1.04856689993678	2.21776109421436	0.743703471604599	-0.0837832465849484	-0.219066084982877	0.295085687869007
"11"	-0.0684120217517444	-0.345213750132834	-0.676366933637125	-0.489268360879199	-0.54984021079575	-0.587891791492449	-0.432265178730188	-0.192130345606847	-0.21430430338692	-0.244848244189662	-0.24783019510116	-0.118136035963737	2.74003196593364	-0.360636598257211	0.270761239234154	0.0986639870482975	0.00988522021466617	0.0682009167530251	1.57802861653901	1.6922848484954	0.190303242329954	-0.602516498296922	-0.11967925597836	-0.45691038380018
"12"	0.512316067102723	-0.644603099231291	0.0437792237050356	-0.0273367516049176	0.0815625958349895	-0.592573435745528	-0.535860149100119	-0.185523779361577	-0.216556793816232	-0.243637716949342	-0.248505197372865	2.69264470253559	0.979667552673875	2.98382716089127	-0.111856265219796	1.04300042691033	0.790558367751083	1.20883006530959	2.14868751029303	1.53760343848404	1.99262385425563	-0.352414804293237	-0.341715293603087	0.6646736545844
"13"	-0.749648551165943	-0.538542637687634	-0.516055596477117	-0.478429150685278	-0.537590038004776	-0.57697954965298	-0.302845488100055	-0.0726294869824712	-0.0438375115986739	-0.0201042733565106	-0.0749860947340176	0.0443490728691666	0.318355978661339	0.496610517783334	0.335643015431565	0.234553381703851	-0.281878632399803	0.813605014775417	0.502176721899131	1.4942828537182	0.448843138485366	0.55964689202976	-0.413643001022984	-0.790293330490458
"14"	-0.958353046719151	-0.693555543840526	-0.922893119930299	-0.126385398216038	-0.547723583703643	-0.55837787973151	-0.681209445636742	-0.192130345606847	-0.219282319640136	-0.247258128713555	-0.24983882920406	0.0378794911231556	-0.342687042427741	-0.620117405300594	-0.178962425660713	0.234653226960761	-0.35744721085151	-0.163571494157247	1.67271789676317	-0.617705790696365	0.530158759634277	-0.480386609857743	0.216175185867612	0.997997248782834
"15"	-0.919989003430148	-0.676997260634839	-0.994483712536259	-0.495861077561613	-0.550601774686401	-0.524273500623468	0.388112390834642	-0.192130345606847	-0.219894904933975	-0.247258128713555	-0.250132120473059	-0.0721274490487954	-0.382712617727958	-0.526949711957113	-0.553501903125091	1.20799471395537	-0.141015405825216	2.10310047816005	0.674580944322766	-0.832619945966892	1.63955353510955	0.857771623574648	0.687176994775074	2.78539754067846
"16"	-0.996392501843174	-0.959251353054254	-0.853032082767444	-0.473996356159986	-0.550601774686401	-0.589185660302683	-0.502275978163316	-0.192130345606847	-0.215745543735268	-0.246112737124631	-0.251034533338428	-0.130570139170755	0.137250600905114	0.479157038871951	-1.20332649165153	0.519861203326365	0.604366123893346	2.8221204886841	2.11171097935278	0.386279354885265	2.19838561544799	-0.127497843988057	-0.309905984273712	0.868786874037465
"17"	-0.87167377034635	-0.530368054704344	-0.206858122568983	-0.488845800104436	-0.544854918648488	-0.536569207076731	-0.0391158572750173	-0.179292689012197	-0.192902775782745	-0.225434993939754	-0.232960441166974	-0.390796438396927	0.157112327535778	-0.229236835595795	1.33223740023504	0.0173899479229337	-0.23192816593686	0.171377714205909	0.601958303530692	-0.484146225121684	-0.0247007729112359	0.302757986867524	-0.429340503890302	1.4389862631871
"18"	0.377014053068774	-0.438451522787588	-1.00726559574182	-0.449376217701571	-0.536822520409374	-0.598237998667074	-0.550368526226847	-0.192130345606847	-0.217274429173117	-0.247258128713555	-0.251637736660037	2.17363513346897	3.43278661140092	1.97568097424802	1.70101689323728	-0.554048420239041	1.45278413670308	1.44253301920755	0.7324771999637	0.565411196637342	1.42544131631167	2.32696861654601	0.0260558696153402	0.899115997369979
"19"	0.0916042490543991	-0.630953446715008	-0.286834525452147	-0.486621382708462	-0.521389497058212	-0.54971343849312	-0.340381974017134	-0.192130345606847	-0.213401493066505	-0.246578376285444	-0.24948979274824	-0.399358412752242	-0.253538661545204	0.645508511866163	0.327916207006757	1.040005069203	0.612129188132365	-0.537989581379717	0.150349158895709	0.663849271173051	0.177493802507892	0.0214594891140294	0.123102650538463	-0.100261260306877
"20"	0.355972767637147	0.0599509006377699	-0.435935781036481	-0.496748471897227	-0.501803509484057	-0.601634206656136	-0.115124853439933	-0.192130345606847	-0.218449400560927	-0.247258128713555	-0.251320028077802	1.70729613698141	3.56717497018079	1.32184680272157	1.28072534406964	-0.35475828589772	2.53882469395406	1.40595995482976	0.188243221621074	-0.201142879558183	0.0961781813589802	-0.433542038877958	-0.207818509614603	-0.0302253199304256
"21"	-0.75081592965403	-0.780633863270661	-0.921588065657311	-0.496748471897227	-0.487715342983349	-0.581553151907649	-0.0283229236652719	-0.192130345606847	-0.217318852557711	-0.247258128713555	-0.250948169053441	1.53004402743456	1.36358633616575	-0.316696026624266	0.492707957594047	-0.39658346401764	0.701283129002357	0.161403242102875	1.26547141393863	0.308889700066291	1.11623116769557	0.578678811898677	0.363559853551475	1.51839989727498
"22"	0.421545271492405	-0.391352617343169	-0.039304451256674	-0.492516681963489	-0.549883757893362	-0.581584246921825	-0.632860923572555	-0.192130345606847	-0.219562931229208	-0.247258128713555	-0.251338562555048	1.35182989829723	-0.136203413404842	0.942345517674053	1.68673400493688	-0.34659094388242	2.72428915053939	-0.145982102491682	1.08701148173322	1.19324150195559	-0.257054282594965	0.465768691263546	-0.135668305819754	-0.28193923784274
"23"	0.760882267127213	-0.569016722623014	-0.251076994455969	-0.496028330758742	-0.549868618472708	-0.543800115458161	-0.623273360070376	-0.192130345606847	-0.215568392890945	-0.247258128713555	-0.251026772247574	0.357077591246054	-0.166762498153204	0.344899508784385	1.61016835781832	-0.173938525632322	0.434852338361627	0.902946254149899	1.42250697896154	0.772273107620885	1.16925251987044	0.421907048121936	-0.215674933337053	0.166053370599172
"24"	0.0309005676738478	-0.525757970114931	-0.636770726519298	-0.445182356315034	-0.549781524277485	-0.546746236292869	-0.421032886761108	-0.190821427586163	-0.216635561981586	-0.245960260486134	-0.247878037442043	0.0166910096427251	-0.0326874511173633	-0.0760617801973191	0.674990392706586	0.244637752651838	0.394156900046141	-0.148770664585004	1.64276048397907	0.265569115300452	0.582693677385518	0.419554316305911	-0.0850388720849377	0.286776339010784
"25"	-0.316067097102605	-0.333151487567957	0.13795346977786	-0.469508423218058	-0.0675351817292541	-0.51550365255736	-0.385941525626413	-0.192130345606847	-0.21525673144929	-0.247258128713555	-0.251369004459358	0.410132971661297	-0.603619776681519	0.932691761939185	0.499498183179485	0.311434229525141	1.41499984747723	2.99876517205717	2.07055967879025	1.13131998813775	0.870906073381909	1.53376189000042	-0.0349925322982724	-0.157536414936772
"26"	0.496115131499752	-0.371495984957016	-1.01047325661059	0.521691500587187	-0.452819828905164	-0.582463866899129	0.885446951064241	-0.192130345606847	-0.220309709256719	-0.247258128713555	-0.251637736660037	1.43480408797655	0.674524293396009	-0.212230881784703	0.717136620478271	-0.237609845964318	1.0523798389999	0.340407478016454	3.09759888246186	2.55355681341623	-0.0814514556672059	1.9988465543468	-0.119027111431086	0.128305185786102
"27"	-0.262111432836121	-0.58868324842816	-0.480011240365996	-0.455768932309097	-0.545966050060981	-0.574955738560802	-0.114322546870713	-0.18769222051743	-0.209950734168979	-0.237722753829102	-0.239855408457508	1.38261452519274	1.01737685900928	2.08276733753215	-0.472768462371329	1.10525394459419	0.0112194968807477	0.0655196070479086	1.10660078534548	-0.036793881421116	1.90960571262403	0.198376519065484	0.0542668755015227	0.215790758764822
"28"	0.853646147961095	-0.837447215004524	0.4517879497109	-0.496748471897227	-0.492895066117212	-0.567821277426733	-0.481358699751508	-0.192130345606847	-0.214366325564363	-0.247258128713555	-0.2511034263093	0.0388415107136405	0.191352825276528	-0.105540897875118	0.401344301613426	4.09042743571228	-0.647628732637885	0.130300049523524	1.07214746681431	0.884368180065825	1.28996932933278	0.896843776947921	-0.445436965774776	-0.78192462914039
"29"	0.776627640393369	0.00710127111789741	-0.209391744417642	-0.479956317739977	-0.550601774686401	-0.595379365499371	-0.609376264139243	-0.192130345606847	-0.219196457688237	-0.243313249892487	-0.244514189296394	0.342935903265925	0.489670364416532	0.669994528067848	0.8620728148709	0.209741835361525	-0.081015410109105	1.0179208143053	0.772481585794836	1.39834121966053	0.677061955568302	0.0467513561362986	-0.0949668137810813	0.580689878624503
"30"	-0.024905818585946	-0.847712970378887	-0.706899467122766	-0.48785614906888	-0.548791168018524	-0.375844876172875	-0.290715376874942	-0.186833692619575	-0.210424428549206	-0.24009589861574	-0.215802051400023	0.016258100827007	-0.0539143217755997	0.647170747952962	0.523662020435251	-0.555034891377319	-0.201264062192733	0.857471241551124	-0.331355028291138	1.08285967297597	-0.178414050775978	-0.687055194014879	-0.425228157098082	0.757322894353587
"31"	0.85817329868319	-0.567087140825795	-0.0395912763716167	-0.481243214967033	-0.550601774686401	-0.557545165792541	-0.254191325438069	-0.192130345606847	-0.216273507520758	-0.241013853735943	-0.241954446865292	-0.117101864903966	0.072954555147482	-0.0724751861792655	0.576649194572653	-0.316342823301303	0.413140018068118	-0.15627833175933	1.28340916033768	1.52242899636267	-0.150930505841301	0.686484344754396	-0.267900203140492	0.564308590875434
"32"	0.949399656630323	-0.714524299725569	-0.788721111578728	-0.486703923247304	-0.274502969478729	-0.530139390585955	0.709397966732534	-0.185331427131538	-0.211691231523494	-0.240179067691284	-0.244447564406868	-0.613215367717041	-0.363141823431039	-0.575704375026055	0.0731890892688867	-0.497507049703043	-0.308103233782241	-0.633444206881865	-0.0850894971655193	-0.168003855957649	-0.616618501296397	0.14861203984974	-0.415637796108762	-0.210716247629399
"33"	-0.703238138102951	-0.665191641954321	-0.276795646429156	-0.494376851637446	-0.532492305890634	-0.530998456231853	0.156761560838841	-0.191488236586815	-0.213222016390527	-0.247258128713555	-0.249374085160844	-0.436684772863058	2.58091435878545	0.186859216224164	-0.112792848059167	0.189023944552541	-0.133385769252804	0.0350599287977849	-0.487014295636373	0.524709426882771	0.0202133388699176	-0.0554244255882178	-0.251765379812061	1.41340533920214
"34"	-0.510620687568509	-0.763419712360501	-0.107234199312249	-0.495063241381505	-0.527440162144304	-0.572587247141986	0.911369094264993	-0.192130345606847	-0.21507415366444	-0.247258128713555	-0.250922901209701	-0.266335153877939	-0.175680693153001	0.0825219356989701	0.795575433275574	-0.0400709974292124	0.145253652882572	0.479513825517899	0.551677561706236	0.0614239189547666	-0.478219800535374	-0.187912635978129	0.0318254307865149	0.919651959548159
"35"	-0.797938158868295	-0.69367911311818	-0.431011949896633	-0.47682011143618	-0.496142386794567	-0.556127443959738	0.154029897996021	-0.192130345606847	-0.214054664122709	-0.247258128713555	-0.251637736660037	-0.246830206680858	0.582433020060592	-0.0224802392609434	-0.123048430150277	0.0943706410011346	0.138157726976593	0.0549016206156471	0.28206084664937	-0.3320346803083	-0.0314297824380152	-0.231018043893159	-0.108124789058428	0.603599940476461
"36"	1.11576532750582	-0.352000555074775	-0.560513489293222	-0.495333753795242	-0.548441260284982	-0.593966386973816	0.103293558761536	-0.192130345606847	-0.217476078777531	-0.247258128713555	-0.251487688903519	2.31433049857739	3.56146822055733	1.25836217063731	2.78932615258614	-0.521335120264797	1.78429123928497	1.88827394458612	1.05797160073424	1.69204009942893	2.30280687171897	0.246922619305073	-0.168743542799719	1.19029932235885
"37"	-0.524401448257152	-0.582694891126448	-0.956112248659236	-0.494721884456697	-0.545443995207193	-0.580727289412481	-0.245576081087635	-0.172926789244775	-0.20345778746784	-0.232567616923298	-0.23659397836012	2.59259466512516	0.461584204505001	-0.160190105836475	1.85250916750551	2.11513879561814	1.30304190540512	0.353921278930241	1.09756309726207	-1.10414456031278	0.0104846503974656	-0.474567799919895	-0.253453283346181	-0.226622715443712
"38"	-0.103319485810166	-0.25023650226187	-0.491006203105463	-0.340105242818406	-0.478725248808482	-0.368766807691635	-0.613292284298532	-0.192130345606847	-0.216182024809029	-0.247258128713555	-0.250701869594821	1.53220857151315	1.96324263483465	1.72238176748281	1.20392555124124	6.33000647084923	2.06218467946613	1.01266544728327	1.04136427542361	1.48449289105926	0.428169675481405	0.158737189272277	-0.0644924827014194	-0.171543603012062
"39"	-0.616823657338423	-0.600194201908118	-0.291853964963643	-0.490147567995373	-0.544721555662053	-0.530518855165738	-0.470966919426373	-0.192130345606847	-0.215912615975757	-0.247258128713555	-0.250412689223261	0.0263593065270985	0.907382057443401	-0.0748151031322202	0.437028107793453	2.60148504203048	1.36872470673995	0.0668066357063644	0.0229498705321021	0.859893273418458	-0.285916058396572	-0.475891211566409	-0.286505503459772	0.412841031688397
"40"	1.46728861565042	-0.359614323644095	-0.200452361668598	0.473286654225443	-0.538883863100216	-0.596548854252899	-0.112526908358649	-0.192130345606847	-0.217003275966105	-0.247258128713555	-0.250959615776482	2.34439361078005	2.05925030497048	2.47185844615735	3.25199807523531	0.113441085071091	-0.322646849442529	1.05835496465845	0.00927864693384671	0.816327939586145	2.09323470754157	0.866909465895817	-0.249103095601425	-0.078122780848897
"41"	0.0794464291906583	-0.593730578153889	-0.10039820073945	-0.387688025513943	-0.543992822200461	-0.470932375456957	-0.400497659096548	-0.186154488390552	-0.213487161199099	-0.244643820523398	-0.248470892642513	0.688445239188586	0.740319759642942	1.92824331361708	1.26948634999719	0.286822373696637	0.582471856781735	1.28766057064002	0.601912426941436	1.0444340695396	-0.218707035532716	-0.575378156929754	-0.197077305306565	0.451004683944379
"42"	-0.942855385473638	0.0849499160401556	-0.519210672741486	-0.492640994030086	-0.464181198629654	-0.593022995865744	-0.533013871033124	-0.192130345606847	-0.21760318547743	-0.247258128713555	-0.250330967417278	2.57575932229167	1.3886512756884	1.08408311015221	2.13746449638407	0.918892772570243	4.78447297190861	1.83743631257711	0.696831090111873	0.903458607250771	1.21392341443978	1.52409888432746	-0.293387546505708	0.082247652114808
"43"	0.298714276428757	-0.386438362224145	0.0184908094042621	-0.47854945268521	-0.545112288799606	-0.574865615723103	-0.450794639971698	-0.192130345606847	-0.217412234698625	-0.245629468273048	-0.244918900061495	0.982702981428162	0.413244678282765	1.000523780712	1.85859695596142	-0.266160597177952	1.71096667158985	1.25666463044887	1.59729678402649	0.972967342129292	1.06029120897897	0.63503934281292	-0.155631601255121	-0.242944650700936
"44"	0.852592660057211	-0.784873240027111	-0.75662538121665	-0.493426465837979	-0.550601774686401	-0.606547218896055	-0.342884406411606	-0.0290290449995165	0.0468156535075078	-0.0131331437235377	-0.0038498496564606	1.15317285286209	1.14023982149079	5.08655581069129	1.66168041398371	1.63882699752532	1.8763563292446	1.81287551567824	0.754314456449503	1.12471176334297	0.0601820340109079	0.767422520532472	-0.221958537857255	0.431655771603088
"45"	0.864437280814391	-0.591762975040469	-0.909039466878571	-0.490694607922844	-0.550601774686401	-0.521453867982021	0.558335101270822	-0.191193736817871	-0.215775391908163	-0.246561554061426	-0.248702839398869	0.836019044368973	0.633122384363075	0.0390480688134726	1.19830605420501	-0.0336309783584679	-0.323441350548242	0.809314919247231	1.10834409573721	1.98867596799501	1.47392261386606	-0.364535574452581	-0.290825002049361	0.637668270795175
"46"	-0.545784405441389	-0.54435039373739	-0.0706639971570662	1.58798493526699	-0.44756355813878	-0.599014846987353	-0.470088202707703	-0.192130345606847	-0.204517979063518	-0.247258128713555	-0.248954419234372	0.100747471361345	1.02006238824385	1.43583783898163	3.77578202815342	1.19221916336347	0.773637313667595	0.482945901940448	0.704630110285374	1.32858773571553	1.04480637982699	0.706860682803899	-0.479356154521801	0.612977634187884
"47"	-0.279679055449536	-0.396571042991804	0.0900058713966197	-0.494294979443047	-0.516463231640915	-0.601535124238082	-0.351404138075228	-0.191244584397025	-0.21775482970128	-0.245940612128481	-0.250596935393817	-0.512588118552318	0.655166103496827	1.76329834808093	1.1762963574798	0.567287700358979	2.22072100697236	1.45422352952186	0.510709767500726	1.63770580667177	1.02380862720728	1.13003731167733	-0.250898411178626	0.521278034288208
"48"	-0.0906491583175092	-0.532554280385922	-0.823795042717627	-0.485447101520231	-0.550601774686401	-0.587534462346486	0.723896792590582	-0.192130345606847	-0.216154502467788	-0.244457295703489	-0.24942511699112	0.254814908777506	1.07231831126649	1.93201531089097	1.45352487793355	-0.249012174303528	0.161083026057448	1.07808940408811	0.254947782399139	0.749021946305887	0.706734455409281	0.207115237239292	-0.122801877516482	1.19308888947554
"49"	-0.420561708109464	-0.797638896941713	-0.296060733316135	0.365733324563537	-0.185775758095376	-0.570693613482039	-0.146701347699949	-0.191434855676315	-0.212995635442857	-0.245189129737159	-0.249322131922522	0.99458392337065	1.36269115975423	0.939724299229486	0.108615335168087	-0.198285791530013	-0.395825859683163	0.65143940380997	1.20271223983657	1.01971441382576	0.361041725021486	-0.292777254063816	-0.457282979668783	1.02921665949301
"50"	-0.217352433244082	-0.47943850165264	-0.198444585863999	-0.489106955695956	-0.545415247318536	-0.588940589428239	-0.347908373737912	-0.192130345606847	-0.219750548315975	-0.247258128713555	-0.251367622347288	0.697945182644624	1.24911565254227	-0.262718106313346	1.8382262792051	-0.484961493172205	-0.488115350718447	1.46816633998846	0.569890567640825	-0.162864125561702	4.20160364432979	1.87532813400548	-0.555794400522195	1.38812117767641
"51"	0.253955276836718	-0.623691375320551	-0.622907512630405	-0.493916529401593	-0.550601774686401	-0.597702531982268	-0.0983910307104868	-0.191746998288561	-0.217917056459156	-0.246687922608248	-0.251187239002773	1.01331925489534	1.4837637694127	0.590846517473369	0.96884325855917	2.09541935737826	1.34428318417491	0.90916689266577	1.36997828426355	1.11394280441812	0.729110438895921	-0.492927510698519	-0.126446214692424	0.53890572436601
"52"	0.149432193183808	-0.353702008974785	-0.384833106390873	-0.490070374212083	-0.549921861603772	-0.58268732937389	-0.117111517325621	-0.192130345606847	-0.218292096813386	-0.247258128713555	-0.251212825795453	0.295989347250261	0.735955774636768	0.556067423964971	0.781058399265327	1.58660792816099	-0.0220767708319228	0.427603669626843	1.49879974689409	2.5055859963874	0.331531369988382	1.00748519190331	-0.437473130009245	-0.156468070083572
"53"	0.623188550824987	-0.511433439236073	-0.344868807042202	-0.480501853892449	-0.547845039280575	-0.601778086975971	0.935629316715217	-0.192130345606847	-0.211871095838081	-0.242896193314638	-0.244458904813596	0.928348874565764	0.940727378772629	1.5672184219959	0.933487256372923	0.422861536237556	1.24948889194376	1.35018871296333	1.59408542277857	1.05667152286329	5.50022141059426	2.81831144848195	0.181342994754403	0.905941533932091
"54"	-0.077323959965681	-0.0914499804759941	0.69458540950982	-0.48692664903329	-0.546602075834298	-0.502939158693418	0.253363092280404	-0.192130345606847	-0.218394549697751	-0.247258128713555	-0.250943349380582	0.308856359272997	0.202654427472005	-0.361940814263776	-0.310482070879356	-0.431514327147872	1.19921092120823	0.366791565514801	0.708391990604357	1.03268611434887	-0.651901211489823	-0.665636931875422	-0.184026742072299	-0.189824170500153
"55"	-1.05438843458428	-0.590897990096889	-0.833308075696557	-0.495330746245244	0.383279342059404	-0.564165768641486	-0.494749578442538	-0.189827185509071	-0.214575262774627	-0.242690423870452	-0.244871766496032	-0.434712632702563	-0.19838460489025	-0.522372169502699	0.12678504225188	-0.544519188919477	0.435944019270239	0.110351105317457	1.31290780722922	-0.0232837329517693	2.38509536171513	-0.122393256208645	-0.349809558278072	1.50189990454222
"56"	-1.05027413722993	-0.933574607690579	0.117588886616934	-0.33016194835176	0.16127419716597	-0.563348865726674	-0.484854464088824	-0.192130345606847	-0.2156695665679	-0.247258128713555	-0.251637736660037	0.258951593016591	-0.0241385163873196	0.455374276399296	0.652980695981373	1.19246877650574	1.11739550200169	0.346413611755915	1.19917974246387	0.499035249809683	1.08315362688924	-0.627434449012716	-0.1845638022877	0.953008059964741
"57"	1.59228353181394	-0.439867816816088	-0.0437980447241083	0.327938446251399	1.52690097191041	-0.180963462747118	-0.663486111471925	-0.191729084016902	-0.216270018773277	-0.246661276205404	-0.248966078590039	1.02774954875262	0.918571762587437	-0.128070590066955	0.748746291307035	-0.540868347100535	-0.64453563673015	0.596097171496365	-0.172117386983943	0.369807742711587	0.81439860783775	0.531204044896742	-0.447017457265816	-0.0548566040458725
"58"	-0.568220850529511	-0.950479835406603	0.0768597202950834	-0.476166804742102	0.194206689734638	-0.594850223224229	-0.668848193709545	-0.192130345606847	-0.218664888863683	-0.247258128713555	-0.251240893302104	1.84534594821599	1.14068740969655	0.722035304016076	0.491982105893534	0.810161287794419	4.66566169968799	1.48811528419453	0.975439616662894	0.895626637123614	1.01610674883325	0.870480576687998	0.131634235674562	0.12682137348999
"59"	-0.495843384268084	-0.804834431032818	0.162524821291277	-0.353836379421816	-0.525062082360678	-0.598525232272604	0.0761106480948671	-0.19048386118434	-0.216285524317638	-0.246645799759307	-0.250025414333504	0.91947424384354	0.509588039572916	0.938445656085795	1.6281975774762	2.97370815979382	-0.280168332309644	0.743569205277774	0.180627707804597	0.916675056840349	0.754242884116422	1.01006899559413	-0.398912206543389	1.17925975887579
"60"	-0.196510456334812	-0.466520759473232	-0.818288000510729	-0.443287599816097	-0.234766242908271	-0.563432664154709	0.49061660632118	-0.192130345606847	-0.21910249408941	-0.247258128713555	-0.250998917373549	0.873489707418361	0.606378989068829	1.00410398151433	0.75436578834326	1.70048144366772	0.902516309823195	2.30870330634839	0.654716381174966	2.16318205239073	-0.161145628737375	0.875648184069624	-0.309813916808214	0.93140375293336
"61"	1.02935084674129	-0.629175950182595	-0.262310978124554	-0.477453367796936	-0.550006574317094	-0.582326838023096	-0.376504872169397	-0.0464909360613763	-0.0590523270028372	0.105941286763999	-0.00795720321820467	1.0502367566802	0.933901658634767	1.00742845368793	0.583439420158091	0.973258514958156	-0.407973842238442	1.09031617634344	0.739037552227292	1.92063572751533	0.820560110536969	-0.296180312583424	-0.170055504183058	0.0146451639039789
"62"	-0.246451477508117	-0.570670649877772	0.258276605496285	-0.200521505674462	-0.548373388050814	-0.589088158987044	-0.605611154025118	-0.192130345606847	-0.218297291170747	-0.247258128713555	-0.251637736660037	0.582093973460477	0.0393966294205176	2.26484612119376	1.17325246325184	0.548616637316666	0.947093280258191	1.1399740320822	1.41805694980372	0.784021062811621	2.18606261004955	0.841869677282408	0.228527570821855	0.693578318112648
"63"	0.348940024062571	1.16190369744331	-0.262406586496202	0.692587174935793	4.74836556005833	1.78223343315252	2.59055853856776	-0.192130345606847	-0.220218649071073	-0.247258128713555	-0.25023141990947	-0.572570040019053	-0.938111394611163	-0.624028774677145	-0.951362293289801	-0.561431976987592	-0.64991459116264	0.298042784675613	-1.22025523405434	-0.158483117271823	-0.943291645720548	0.0211653976370262	0.289138652274355	-0.600662119047439
"64"	-0.932027238180475	-0.385117121486148	0.728908814931286	-0.0171946246661609	0.197812933755587	-0.264382426202858	-0.650242322318586	-0.192130345606847	-0.21896375823124	-0.247258128713555	-0.251346288207131	-1.02938504256082	-0.599681000470819	-0.631539524503186	-0.710894649281351	-0.572184312704312	-0.64492682238907	-0.677846695598595	-0.820399469758927	-0.136259902036014	-0.716507810187298	-0.671130140535159	-0.308709107222244	-0.433050682078711
"65"	-0.0189550355613047	1.12407248782297	-0.0889251961417457	0.0373255733588196	0.876041968469102	0.0827064464471693	-0.161200173557997	-0.192130345606847	-0.220332723360937	-0.247258128713555	-0.232783247311851	-0.260995945150748	-0.944151597447914	-0.644535014094091	-0.889781971601172	-0.534462774643425	-0.64991459116264	0.018543061014267	-1.49119457117945	-0.61812186410937	-0.550933639626559	-0.714216642569525	-0.449932927006569	-1.43363873058919
"66"	1.4479841616279	2.78341778014026	2.28737307697196	1.04124576279582	1.86949415390059	-0.212801595059231	0.634401405047825	-0.191637522183976	-0.219691200844933	-0.245792172823748	-0.250865667594496	0.081939988367365	-0.897734462569423	-0.649087623007203	-0.914905806267293	-0.559975234689264	-0.623488028812108	-0.777162407076111	-0.664052053574853	-0.317937134079417	-0.92081026810879	-0.625974494894736	-0.441362980426513	-1.16138291524952
"67"	-0.129742101345416	3.47359972248521	1.07974373469192	0.964085396727981	-0.505292380468475	-0.198445185124089	-0.581326098276323	-0.192130345606847	-0.219651274068204	-0.247258128713555	-0.251306525906041	-0.161859826351277	-0.87761649169096	-0.646594908198577	-0.500444485274736	-0.564626026756167	-0.635744572968854	0.141990559837831	-0.939999737949033	-1.103018714607	-0.892548428096317	-0.779116329583895	-0.413735068488481	-0.7641782340789
"68"	0.296094792992073	0.369444414516735	-0.373790339465582	-0.258901392863945	0.603872608397465	3.37851443210844	1.31107058603546	-0.192130345606847	-0.219880639833163	-0.247258128713555	-0.251009761637482	-0.827505231497558	-0.778682713659965	-0.626135978577948	-0.765801818239464	-0.558597370143895	-0.639167599106747	-0.776840649911497	-1.17842037231189	-1.09112390997638	-0.900963743624988	-0.285971137024601	-0.106828172252672	-0.749992988528076
"69"	-0.635501713147823	0.792811770418734	-0.0677479418218164	4.62343831412026	-0.426861676188331	1.47296980062897	0.941837641357991	-0.192130345606847	-0.219771635856306	-0.247258128713555	-0.249785352098584	-1.13296809691731	-0.942845758857605	-0.630291568794944	-0.857563521926817	-0.57194069027745	-0.64991459116264	-1.04711666818724	-1.0783635311448	-0.850413203099527	-0.894275270300178	-0.3918650752798	-0.311248634812216	-1.38849522529231
"70"	0.2736298752579	0.258327117918298	0.160421437115031	0.0456965875207918	0.458653244214242	2.84204638243952	7.39331848221769	-0.192130345606847	-0.21998917864369	-0.247258128713555	-0.249466899302158	-1.18380361712751	-0.92800485292507	-0.641380601458605	-1.07677073548155	-0.571921220452353	-0.64991459116264	-1.47298372603149	-1.35367811858725	-1.09019386352378	-0.84065398233618	-0.204780882837665	-0.493941175514358	-0.9844946838055
"71"	1.35863699832013	1.24269899437117	0.704385267603693	0.758987195454111	1.72779598081329	0.814967678601606	1.52788438509849	-0.192130345606847	-0.220220133726946	-0.247258128713555	-0.251363440572307	-0.187545749417224	-0.734460998930734	-0.573396424151692	-0.572491120193334	-0.344449263121684	-0.570112716743092	-0.0960024895883106	-0.825078881863028	-0.730143511834367	-0.820037270014975	-0.456061043402769	-0.0409692452668164	-0.871368834349977
"72"	1.30912306683759	1.94561807764358	1.70731708618636	-0.397113353036435	0.599228718691243	-0.215073112196546	-0.457556938197981	-0.192130345606847	-0.220232460634713	-0.247258128713555	-0.25108163146512	-0.142715636500627	-0.849659013388586	-0.60993173401795	-0.835202606636839	-0.511660114870144	-0.64991459116264	-1.22816942471553	-0.381681646704849	-0.770771856868996	-0.796234412219042	-0.562795243020834	-0.431304609820914	-1.34587420089881
"73"	0.491872707238166	0.14321758311872	-0.127646586658998	0.465617401729744	1.03381514438563	0.743343739167471	2.12140022094768	-0.192130345606847	-0.219749734274896	-0.247258128713555	-0.251054556244057	-0.595995217047361	-0.731439778541844	-0.575416680318724	-0.691671286503266	-0.554381903397123	-0.150882988260282	-0.619608648803464	-0.793974554347534	-0.65157906149632	-0.510275829052103	-0.267695452382264	-0.263105022645832	-0.955530667785408
"74"	3.34463253301752	3.21248833347246	0.353263522728113	1.35924404928415	0.439584378424223	0.0180393576423979	-0.216081763400118	-0.192130345606847	-0.220127050067761	-0.247258128713555	-0.250868006553384	-0.212221551913162	-0.797112158032192	-0.619242813390309	-0.389880881087014	-0.541591226760569	-0.639376231458171	-1.12935779946258	0.645357556966764	-0.525606716982324	-0.691115933274199	-0.46763564367625	-0.498314380125488	-1.01891912907528
"75"	0.757123877848492	0.945182195095632	2.6721967728533	1.48890287143366	0.579241281310982	0.0444964713995252	-0.543109562029142	-0.192130345606847	-0.217873718462667	-0.247258128713555	-0.250564544357101	-0.496498340901458	-0.611754692321233	-0.0975749510899219	-0.308515246916677	-0.571250759552197	-0.637670783283161	-0.92281115025804	-0.820353593169671	-0.0390945226459683	-0.297185122543829	0.252594383504419	-0.245420396981527	-0.325029146921811
"76"	1.28514909886272	1.46845055931667	1.54492626694301	0.263292829898764	0.806910951010906	0.0898741107319687	0.498926210073816	-0.192130345606847	-0.220348143624803	-0.246688730075001	-0.251337818340856	0.675409873737515	-0.101022980431992	-0.644454459576038	-0.902730229355473	-0.559390640710052	-0.608853439742769	-1.21807697498547	0.275821630510569	-0.592496636849577	-0.312102444868256	0.0020074385636793	-0.440380927461206	-1.35261070872315
"77"	-0.424120788865829	0.174300009113321	-0.13553427731992	-0.441646814205905	-0.543697348338933	2.27342925031672	0.523797713719637	-0.192130345606847	-0.220095814148646	-0.247258128713555	-0.250918542240865	-0.0954804746078171	-0.749880412619216	-0.35091251714944	-0.58447938053728	-0.530698608457889	-0.483754691977935	-0.152631750560371	-1.41100091686248	-0.163010975001586	-0.521277354266368	3.61004771764253	-0.277728405082347	-0.74791565131352
"78"	-0.372300573053163	0.424385216427681	-0.952240109607511	-0.0356910571557881	-0.519309102512164	2.80668239174025	1.05966209180916	-0.192130345606847	-0.219916728987663	-0.246267905318972	-0.250594667312472	-0.50671979905036	-0.804049775221495	-0.591413145367872	-0.74236383268421	-0.495475198724909	-0.547272326177351	0.0342019096921476	-1.26329665009422	-0.998829037009159	-0.567658876558783	0.494442610271351	-0.1788172579829	-0.514244890921919
"79"	0.513113301192148	2.20720473310884	1.08289881095629	0.343677957909239	1.67608380239968	0.220209653204829	-0.641701577863865	-0.192130345606847	-0.219820129446295	-0.247258128713555	-0.251224626906204	-0.227998673197115	-0.826966291356481	-0.641391469925326	-0.809118774560363	-0.5297351017287	-0.646379970976311	-1.69459933577878	0.987138146923146	-0.698619832072559	-0.809903219522838	0.165858404322567	-0.538082921847119	-1.15830845617197
"80"	0.969672180618574	0.0382787504030022	1.32196754426096	-0.480006443573282	0.540287041650729	0.34068965728609	1.2167040514653	-0.187030749607828	-0.216302968055044	-0.24304395973041	-0.24897440670123	-0.488802184177578	-0.794762319951945	-0.48440925456651	-0.0814875666531986	-0.204236568841894	-0.323265468624076	-0.95916970985942	-0.589548472623288	-0.317153937066701	-0.0922340853908402	0.475809814549796	-0.0126815164927194	-0.81658648437755
"81"	1.09543585822547	2.31385452505362	1.40557706526673	0.0578437477917575	0.24721167260859	0.0053905383162812	0.564829963974032	-0.191012965531127	-0.218024432353855	-0.246842552491419	-0.249886990493883	0.111882848121208	-0.914775264533276	-0.587429532653702	-0.373420437685073	-0.531588728923249	-0.614334890882789	-0.415507354049995	-0.708093579260508	-1.14004924836446	-0.607570821017017	-0.429550797404344	-0.434396542203871	-0.967223108678765
"82"	-0.947382536195734	0.114891702548716	2.81713906427097	2.89844130397653	-0.535198009541446	-0.574486678177458	-0.635590676161639	-0.192130345606847	-0.220054061594068	-0.247258128713555	-0.245907287385369	-1.24019239542378	-0.636797252433587	-0.348630139137952	-0.539944866525199	0.106651607601159	-0.642069044366081	1.89138426384405	-0.499859740628022	-0.516183877923088	-0.28429461031783	-0.691682933470864	-0.532093933216509	-1.06361155543415
"83"	0.713959346435304	0.887865060922102	0.75496209620524	0.529761759749328	1.00231154095734	0.105685134889615	0.683838771741668	-0.192130345606847	-0.219887656091986	-0.246630323313211	-0.25097648463149	-0.411479859592352	-0.747295590730944	-0.619763860471363	-1.03237670889537	-0.285186110882298	-0.24533764643098	0.409692520796665	-0.578216955077083	-0.181734278586821	-0.771474900056652	-0.51595067204105	-0.235093496268227	-1.17312877338553
"84"	2.39706287244306	0.978260740190804	1.45863971153111	0.21517202992575	1.02748720676396	0.00786759876764572	1.80811860820462	-0.192130345606847	-0.219835518699073	-0.247258128713555	-0.250822255099991	0.332810647076071	-0.753819188829916	-0.525076499751606	0.0334779768795655	-0.202948565027746	0.261881563285969	-0.7285770752194	0.170121968864998	-0.281028974855188	-0.575660722827374	0.524103836380524	-0.301926803930598	-0.691055964126537
"85"	-0.515660345919521	-0.415914387609239	-0.598876348416796	0.716697700755605	1.15351863106214	1.51992854237717	0.127897626884283	-0.191307465300071	-0.204547439597804	-0.236854188758615	-0.244546792965737	-1.07761589472978	-0.956610215155283	-0.638033113708422	-1.04804105688385	-0.549047171320381	-0.64991459116264	-0.328847424380629	-0.38301206779327	-0.281004499948541	-0.463707840230633	-0.699373425594496	-0.510298495217742	0.151749420064659
"86"	1.31826278621993	0.44833864563453	-0.560322272549927	0.0566240191813304	0.323214966408594	2.06662105433471	1.85587495161058	-0.191644669797416	-0.220014026278528	-0.246535715125335	-0.250306160277561	-0.388295187461666	-0.54451575411072	-0.652570007609046	-1.05059324512114	-0.546813133697002	-0.643403927521556	-0.548393063035569	-1.12680003408117	-0.655103448053541	-0.878920156994491	-0.395205114197193	0.17827407923782	-1.15041457475666
"87"	-0.477450054919193	3.05203837910278	0.20569200109014	0.0243262739216653	-0.325211523377076	2.09676740706195	0.924798178030746	-0.192130345606847	-0.220288268965254	-0.246272884697281	-0.250859430370796	-0.697223728456137	-0.93600661107357	-0.647889534381564	-1.14361933564164	-0.528779582620064	-0.64991459116264	1.17955016332972	-0.53270737853524	-1.16939466143466	-0.893699656232224	-0.733267468319107	-0.539279798898586	-0.303187429923053
"88"	-1.03297415748939	0.212226272024165	0.876528140755083	4.49394657808176	0.52919614022781	0.128347602848907	-0.689786484912452	-0.192130345606847	-0.21995312825305	-0.247258128713555	-0.251075004414938	-0.111690504707488	0.617792488315746	-0.652570007609046	-0.111996752645702	-0.564398878796695	-0.64991459116264	-0.760323782127979	-0.802186463824339	-0.55287176298749	-0.634422001200984	-0.781863984240467	-0.357811755487561	0.250452614001981
"89"	-0.0385157433982834	0.465068024763123	-0.461319803708902	-0.144948665150072	1.31460887105454	1.61295006783799	2.53363297722787	-0.191776945884113	-0.220172741030607	-0.246732467857447	-0.251084005862778	-0.217705063578927	-0.64476432249614	-0.63758558860813	-0.737727747629325	-0.560689128276176	-0.493555560579697	-0.630548392400339	-0.872331768796595	-0.633810279270332	-0.827860756994905	-0.464484663565502	0.00946070895942167	-0.68696064218927
"90"	0.762505207952115	1.61502273327286	0.470957428226231	1.92416219063401	-0.256148548258898	1.50295804311463	-0.565482453787964	-0.192130345606847	-0.220086057284857	-0.247258128713555	-0.251462952641344	-0.198729227156612	-0.458243127450202	-0.554830525705298	-0.209167222230421	-0.364563090126358	0.079874096244578	-0.656610722734072	-0.357642313934763	0.776678590817411	0.348799792026984	-0.309456442116708	-0.159030425189736	-0.469908579514115
"91"	0.0402395955785481	2.78322767355925	2.72105265076519	2.85316096789081	2.6468778886052	0.512291972810406	-0.300610491228656	-0.192130345606847	-0.219861839360626	-0.247258128713555	-0.251637736660037	-0.368501634387438	-0.812912021695571	-0.652570007609046	-0.95283741126181	-0.561041582033071	-0.64991459116264	-1.21259637794821	-0.562343655194545	-0.0657232210783033	-0.741599719205831	-0.265657818577314	-0.274874313651925	-1.13546368206104
"92"	3.63078262582921	1.55209745495963	1.19934980762299	0.728978529915384	1.79685895593147	0.255362830248662	1.56265100309802	-0.191739669722882	-0.219593283332294	-0.247258128713555	-0.25056659980582	0.123306830758217	-0.561456967698791	-0.641528284741701	-0.869551782270763	-0.556890016250721	-0.64991459116264	-1.28142023545914	-0.715204450595171	0.185144572057205	-0.824690826000965	-0.0865771156164782	-0.466420675619407	-1.13745792578702
"93"	1.32239131989731	0.466588877411176	0.55136406878181	0.469677594227467	3.97523447160483	0.945882958626914	0.0186884207835487	-0.190671599132285	-0.217727152304595	-0.245088330970844	-0.247209662220521	-0.00380000763460379	-0.801062123948037	-0.634532188780995	-0.730000939204516	-0.471657112688846	-0.513017805222677	0.157220398962894	0.579478774795306	-0.203835119289394	-0.518958683513767	-0.223392672025149	0.344072240021177	-1.36662383204763
"94"	-0.987546050715155	0.742338473161446	0.521821081942721	0.893892521489567	3.29991424692708	1.52625295204023	1.3924473951992	-0.192130345606847	-0.220224661345899	-0.247258128713555	-0.250612989157091	-0.239278352895551	-0.594086147898801	-0.631002494382836	-0.942277439747905	-0.465616474645744	-0.646991918774528	0.0453561580654322	-1.2288892081523	-0.0529717947150251	-0.766764593387907	-0.694170107104948	-0.116027246513627	-0.968706920974876
"95"	-0.229880397506485	-0.0861460068659061	0.740620840458109	1.10712781636998	0.88686070053195	0.858342588207414	-0.61132281269647	-0.192130345606847	-0.219679339103497	-0.247258128713555	-0.251158817108411	-0.719710936383722	-0.936641067355237	-0.629531415446019	-0.90731948526839	-0.560548346463932	-0.638986865267432	-0.491549297287099	-0.878983874238699	-0.378316728778471	-0.792675333686204	-0.657730072450852	-0.233559038509936	-0.496913963303339
"96"	1.36623919481572	1.22558940208057	0.524020074490614	0.381923968721124	0.258744849241625	0.217310965442594	2.03467470132247	-0.192130345606847	-0.219826137844734	-0.247258128713555	-0.251046121816553	-0.0291732743336435	-0.746568259896581	-0.560066569378713	-0.511660064776201	0.346030611044721	-0.427163166654269	-0.482861853842522	-0.673456754372311	-0.392781398607064	-0.676109431305441	-0.587877044702387	-0.233996358971049	-1.06432378533629
"97"	0.458331930190187	0.75260422853581	-0.83049718957012	-0.0576795893656792	1.14635717477525	2.85242895496971	3.72276592803611	-0.192130345606847	-0.220164972752882	-0.247258128713555	-0.251067278762855	0.19266844323218	-0.55369131232883	-0.631988328246622	-0.670457685191518	-0.554191198956423	-0.645033564522356	-0.187059767174067	-1.40166044328998	-0.274738923846815	-0.838310989862397	-0.318090127620157	-0.0853687805029703	-0.766018161326078
"98"	0.447797051151349	-0.256538535422243	0.560924905946563	-0.492262543988631	-0.545463897591648	0.0983593603632386	-0.671726946090056	-0.192130345606847	-0.220169973290938	-0.247258128713555	-0.249496951379986	-0.279779377654966	-0.541360257260102	-0.650424444413932	-0.977258808798403	-0.562886722380782	-0.513545450995173	-0.739945828369093	0.248846196028105	0.15582363389366	-0.627644348231843	-0.323383774206214	0.191163524407466	-0.770469598214412
"99"	1.44468133468599	2.20387786794123	0.447628985544232	0.303025907098704	0.0089784296208848	0.320346139536586	-0.634656562084619	-0.192130345606847	-0.219946577160558	-0.247258128713555	-0.25140504568949	-0.591137018115412	-0.874104043246247	-0.648372222168308	-1.1292427890573	-0.5566224309622	-0.64593238180378	-1.36188097709028	-0.912932550288058	-1.35931993701822	-0.911957161598859	-0.589851658905122	-0.465691808184219	-0.999866979193212
"100"	0.490705328750078	2.13943173697994	0.609685175486807	-0.158232010975956	0.24083270323191	-0.32445377731914	-0.609853827573303	-0.192130345606847	-0.218595036386337	-0.247258128713555	-0.250194563587605	-0.266479456816512	-0.874436377489025	-0.577718237977368	-0.0297881939199313	-0.543253650288133	-0.637565254128662	-1.05054874460979	-0.396729167980781	-1.21898082230222	-0.820775028890803	-0.555148864618753	-0.298942283590721	-0.967045051203231
"101"	-1.00129264422854	-0.386637974134202	5.45306187059356	6.31902816872492	4.08444242733358	-0.0761416429233124	-0.674867403232432	-0.191775045885604	-0.217751108370633	-0.246729641723812	-0.250246126999445	-0.569347274390928	-0.515601556018531	-0.64001756786743	-0.923311637250646	-0.57432948804904	-0.647532907313684	-1.11147882634886	0.355968031940609	-0.116239428398468	-0.76074091377538	-0.69290131244702	-0.531478615655434	-0.860269918375065
"102"	-0.724791931163493	0.0693611763976032	-0.382538505471332	-0.4345840842932	-0.303335911061318	2.23458683430277	-0.482504851993251	-0.185867679091764	-0.213218915281655	-0.236778286883847	-0.2415189043694	-0.556432161388668	-0.763968251395557	-0.547471934413355	-0.280370932593585	0.0284228488115733	-0.245853162415602	-0.193494910466347	-0.193082988273885	-0.895202282264208	-0.408821822765216	-0.215032071464632	-0.338385520267595	0.262797932305626
"103"	2.22964371366368	2.09152487856625	1.96603333986459	0.0130479614279902	-0.172898745246987	-0.201559956883145	-0.554966506969973	-0.185867317187286	-0.215001665244553	-0.245108383061873	-0.24107024952823	-0.545272734139043	-0.899505792893724	-0.621931799921491	-0.487894275227167	-0.416792144016379	-0.64991459116264	-0.682887557844214	-0.695706900161418	-0.239617432807844	-0.811078769379926	-0.648737175214778	-0.486008028903993	-0.867392217396399
"104"	-0.466858230588252	-0.0546833677092915	-0.295104649599659	-0.415770188192639	-0.271424053592919	0.461327771608928	-0.43436645784005	-0.192130345606847	-0.219746982040772	-0.247258128713555	-0.249295659160567	-0.414197564935472	-0.798253507956884	-0.346245469674968	-0.166295142758223	-0.375581014226461	0.282017011155927	-0.708628131013333	-0.636755482967599	-0.631362788605595	0.259539075292237	0.86199393692305	-0.0243203785893576	-0.904368819815492
"105"	0.620085032405437	0.589397728741527	0.670014057996403	0.766806825449726	2.08025530210606	0.979138812771829	1.52769335972486	-0.192130345606847	-0.219988829768942	-0.247258128713555	-0.249930757376098	0.0809539182871181	-0.663372802150672	-0.630173933625724	-0.639246062069486	-0.394851148810239	-0.644602957052848	0.664953204723758	-0.896325224977425	-0.151874892477034	-0.744080534766306	-0.0611802159238506	-0.181088255465171	-0.686307764778981
"106"	1.30226115913932	2.97295404140397	1.30796091781459	0.0723802394502721	0.523531615421319	0.370467086116323	1.54106513587853	-0.141591290020089	-0.170064271854921	-0.229281227239182	-0.147493820250224	-0.661725205567243	-0.847879850270684	-0.652570007609046	-1.25909999973606	-0.561134438121998	-0.64991459116264	-1.00603900350486	-1.18836182920365	-0.907121561801476	-0.938954272109913	-0.465366937996511	-0.479440549698507	-0.675268201295913
"107"	3.59006674197641	1.35514703703666	0.916253419174635	-0.185801219293828	0.661266322202572	-0.388488425157606	-0.657153620336296	-0.192130345606847	-0.217214810355049	-0.246691421630843	-0.250294784432062	0.476897131240951	-0.491689156125726	-0.227254938723074	0.264369061355449	-0.551066042415116	-0.575862236195116	-0.41700888748486	1.17702134985328	0.0207710990134908	-0.0142424328033499	-0.06435220256867	-0.244399982572263	-0.58321248644517
"108"	-0.902700412748032	-0.580955415910236	-0.950184529617089	-0.37277559010564	-0.544950348030363	6.81841355125973	1.3122167382772	-0.192130345606847	-0.219314028478354	-0.247258128713555	-0.249283007519311	-0.30428682672257	-0.431723526258836	-0.631329827027621	-0.169315622415194	0.750553669418691	-0.629765194036628	-0.149735936078845	-1.42643838914709	-0.469045207720259	0.297562032738737	0.467743305466281	-0.49747810064722	0.166765600501305
"109"	1.59225505916789	1.3562876765227	1.82443734145459	0.619503709976778	0.766851023325362	0.0949336384624154	0.0205795719824245	-0.192130345606847	-0.220135496713052	-0.246689806697338	-0.250290815289707	-0.120685387878522	-0.906083101577388	-0.606672472644682	-0.724521929594197	-0.548882925872762	-0.634547362905743	-0.872080770637235	-0.439119136453224	0.231916118660323	-0.446925852615653	-0.483348531161846	-0.495437271828692	-1.1074730469072
"110"	1.90733336036732	0.221351387912488	0.583536285841206	-0.163946355972751	0.263286675437821	-0.029288308002822	-0.104618457890623	-0.192130345606847	-0.220137566703224	-0.247258128713555	-0.251191916920548	-0.459652990585885	-0.915965849160601	-0.564100688497058	-0.372437025703733	-0.565822672160243	-0.441373213148037	-1.21481650238405	-0.544130649259956	-0.702119743723132	-0.765053965664834	0.178819435844776	0.0778361466688745	-1.03488494938144
"111"	-0.34576406693371	-0.41649421268131	0.849423167393006	1.56258784639234	0.711617653815824	-0.215758256576711	-0.617886444534184	-0.192130345606847	-0.217168487541271	-0.247258128713555	-0.250818534029034	-0.522785526211458	-0.630351982270622	-0.640747033780906	-0.716537560888561	-0.573982026554991	-0.64991459116264	-0.552361401399142	-0.8486135721513	-0.736727261722509	-0.548712255758682	-0.155730625780357	-0.550782094254737	-0.425631620598154
"112"	0.421345962970049	2.17089437613656	4.77280830632134	2.79117202070335	1.78529175812842	0.361560209174183	1.04590826490824	-0.192130345606847	-0.219388803966034	-0.247258128713555	-0.251077733200307	-0.638035473151552	-0.548163597987676	-0.13479625300277	-0.456776310389073	-0.544733856221836	-0.563659669594407	-1.1750687673154	-0.780349207338535	-0.102974028995595	-0.28851037532256	0.0615819691908851	-0.140409780292873	-0.854809489125376
"113"	1.83415866001646	2.38733071861273	1.15398363527624	0.918086590364888	0.278868371301922	0.0876605673498983	-0.401051632680057	-0.188171924902974	-0.212921596468534	-0.245117130618362	-0.24261679749574	-0.56573970092661	-0.825645906149485	-0.601713894533447	-0.709442945880327	-0.524664959582771	-0.64026595139869	-1.16205905262618	-0.933118249560649	-0.779533873448753	-0.87015623012889	-0.586469606919587	-0.472405060876742	-1.3505689830037
"114"	-1.07215251845545	-0.817562066631219	0.453700117143851	-0.325000658382432	4.33296707424899	0.609529771379928	-0.648035979253231	-0.192130345606847	-0.186952135495629	-0.24656303441714	-0.250722494959557	-0.734020977792185	-0.965404204427981	-0.642663080531727	-0.457642649515491	-0.571132442922758	-0.64991459116264	-1.0598797023836	-1.06009088564418	-0.409791458726984	-0.81032479602331	-0.761376311560385	-0.568463651003525	-1.1386093641288
"115"	1.48004436108123	0.0205988383693756	0.240875881856433	-0.274273315077546	-0.378590739121126	-0.0979397748953201	-0.471998456443942	-0.18958887141033	-0.218513748570025	-0.246502070677299	-0.248452216410183	-0.26599844702127	-0.618636360984816	-0.541225762656424	0.389566772408338	-0.551048070268872	-0.142234449506499	-1.18272658783321	-0.554223498896252	0.187396263468763	-0.757108870078998	0.599685345970329	-0.0943683752553477	-0.632890522118975
"116"	1.83159612187188	1.25600645504164	0.96300591291028	0.0996319841572115	0.0504842570318095	0.399980997877262	-0.327774299357962	-0.192130345606847	-0.220291994172286	-0.247258128713555	-0.248029006606608	-0.541737312144011	-0.965569812064113	-0.642804370599105	-1.15343004088405	-0.555954965419752	-0.646826347170055	-0.7078773642959	-0.719975615877783	-0.765216053060044	-0.464032129846381	-0.725146342247006	-0.37504371611317	-1.41530474585844
"117"	-0.978300982542422	-0.646142962537446	-0.578612154046101	-0.496748471897227	-0.549568721859079	-0.376240151776816	-0.62777009736548	-0.189383219190726	-0.214239180100604	-0.242354786856849	-0.248624874102615	-0.688036441367006	-0.949784495017421	-0.652570007609046	-1.00605873110905	-0.53687952908695	-0.64991459116264	0.270049911354196	-1.34320908091905	-1.66644575057337	-0.805971207931888	-0.736010921668864	1.50020943800563	1.23226153409288
"118"	-0.78595117488086	-0.458868969587711	-0.371208913431099	-0.470883541911732	-0.545335297569014	-0.573210728527936	-0.697370192245317	-0.192130345606847	-0.21939806852879	-0.247258128713555	-0.251637736660037	-0.764228392933412	-0.956178292536724	-0.648611328436178	-1.2663351021702	-0.554651485590782	-0.593584462767647	-0.0528870295300369	-0.644462749962588	-1.27076972476805	-0.633546419238464	-0.773997037230633	3.74136171687774	2.04562808232923
"119"	-0.930478326235305	-0.598815929195819	0.128918478657167	-0.496748471897227	-0.550601774686401	-0.521474949347565	-0.690105497286403	-0.189377428719079	-0.215166799291997	-0.246234395448728	-0.248537659287123	-0.831016603002828	-0.955684826539872	-0.650138667671317	-0.839159669133181	-0.551606205255004	-0.633767417545479	-0.456477766344175	-1.1034809637624	-1.52535770371396	-0.697926015204915	-0.708437745046414	6.1498466142915	2.98399097838999
"120"	-1.0448928071263	-0.33012879292995	-1.02499616826385	-0.49599023512543	-0.549829834338897	0.332099000827103	-0.671365908133907	-0.192130345606847	-0.219955221501539	-0.247258128713555	-0.251316129812989	0.236007425783526	-0.850028273658339	-0.626460753936445	-0.610773943752615	-0.569493982256852	-0.644410699915054	0.196796530210413	0.370877923448773	-0.792676898318389	-0.779347030478945	-0.785685072788101	1.28837754447354	0.634403883743731
"121"	-1.01434450517828	-0.454468002237405	-0.77311782532585	-0.494674097828946	-0.544266352407333	-0.280741565864635	-0.673654392109921	-0.192130345606847	-0.218601432423386	-0.247258128713555	-0.251197764317767	-0.69125920699513	0.224698146605756	-0.6486017386126	-0.526715633919086	-0.566993357797522	-0.61226797502915	-1.14481286860287	-0.330758632630811	-0.716755737898258	-0.750655506725605	-0.798426375963921	-0.286413435994274	0.691085513455181
"122"	-0.678381518100502	-0.00810725536264141	-0.759995576317226	-0.489215227495896	-0.550601774686401	-0.582206147205359	-0.654307342269301	-0.183156200266724	-0.211953662861803	-0.246651317448785	-0.241571708138227	-0.707156580727894	1.42445833214931	-0.629510317834148	-0.488432810359806	-0.53127421636398	-0.49405288188251	-0.833362658495353	-0.0734368434945232	-1.5742585671954	-0.65880047306487	-0.800227056064542	0.0960655048373731	0.223209820245378
"123"	-0.880736613584356	-0.520349437885289	-0.631980747099756	-0.494519209004032	-0.549466998560752	-0.275276221847476	-0.620908465944913	-0.192130345606847	-0.217689008665467	-0.247258128713555	-0.251164912577027	-0.904827556082784	-0.939639908333838	-0.639775264991701	-1.00615238939299	-0.552977080632388	-0.64991459116264	0.0109281414517362	-1.22119111647516	-1.54285726196683	-0.747769329145444	-0.592666534470724	0.598408613457933	1.18388925323965
"124"	-1.04659831862475	-0.47944800698169	-0.416192652291265	-0.495946625650454	-0.550601774686401	-0.477694223455043	-0.669870179458433	-0.189959461595768	-0.214793890950116	-0.245966451064573	-0.248746677158626	-1.0504171958578	-0.525907274456188	-0.652570007609046	-0.615363199665531	-0.545146217132877	-0.326855885834623	-0.456048756791357	-0.495639094416481	-1.30782473343216	-0.728587598373926	-0.792337632063252	8.88033747228266	3.67491333595124
"125"	-1.08586779205818	-0.231957754498072	-1.0167470779581	-0.49265319131619	-0.546432480301803	2.10077286651522	-0.615435588990591	-0.192130345606847	-0.218173673218329	-0.247258128713555	-0.240345881048488	-0.755690469067858	-0.572434068445091	-0.480202518623766	-0.0650739523932256	-0.515109768496411	-0.64991459116264	1.0641465936215	-0.373377984049533	-0.603216645961123	-0.536202783831188	-0.788773033296633	0.242721305086048	0.356693574403547
"126"	-1.09014723075963	-0.930742019633579	0.104968581559459	-0.457411388780398	-0.548599288619674	-0.367675847024758	-0.66364084202456	-0.192130345606847	-0.214612088442484	-0.247258128713555	-0.251220551447536	-0.846120310573441	-0.825489250277468	-0.622466272755554	-0.204086260326835	-0.567475111162116	-0.157299646045347	-0.743806914344461	-1.20385894105429	-0.206356034674072	-0.465329288309375	-0.582814469991119	0.0698262771705948	0.440914760330822
"127"	-0.911692074370911	-0.679611226123682	-0.343578094024961	-0.494984042564883	-0.550601774686401	0.332626034965691	-0.657027543589704	-0.192130345606847	-0.216623351365402	-0.247258128713555	-0.250140838410731	-1.10904507475092	-0.669750934082773	-0.490546741656227	-0.0216165086464212	-0.544659970731722	-0.643510063165449	-0.727504551337353	-1.25887414688995	-1.09888245538359	-0.377771092057307	-0.802699315059435	0.3341749874802	0.345297895969412
"128"	-0.985496020199489	-0.517763988383598	-0.977270381304836	-0.47605318618661	-0.529532464099855	0.15854665899001	-0.653006459474922	-0.192130345606847	-0.217099177757978	-0.246216362024581	-0.248071178744127	-0.961947469267826	-0.976964288812285	-0.434804293807014	-0.929446254848525	-0.54537236663978	-0.617048930919478	0.421275778722768	-0.773238336003872	-0.902348955005239	-0.64107804556422	-0.730246728719603	0.942127151315146	2.16267119624648
"129"	-1.02325359612761	-0.591601384446614	-1.00528698049057	-0.496031004136518	-0.546949942297639	-0.118947355659446	-0.64815823549235	-0.192130345606847	-0.207597767812208	-0.246680251674096	-0.249659615338989	-0.538177839659217	-0.952942229809068	-0.649824760779541	-1.31709789206409	-0.567715738231271	-0.64991459116264	0.862941113349561	-1.31407285908264	-1.42026245457017	-0.699612321206807	-0.773291217685826	1.37208221518832	0.596536993946971
"130"	-1.0950394008041	-0.551564938486595	-0.88063900008067	-0.487907945763296	-0.550601774686401	0.200656686663207	-0.619622865180425	-0.191762107800516	-0.218931351643526	-0.247258128713555	-0.251060793467757	-0.521799456131211	-0.940530608863304	-0.517263990143653	0.323748413371556	-0.564098843799679	0.0881223519985364	-0.527371594947456	-0.53862545854925	0.0756438397168868	-0.526141698502594	-0.679452929334348	0.388801683675364	1.54481175614576
"131"	-0.729860062160556	-0.350935958221137	-0.941030028031837	-0.496748471897227	-0.550601774686401	-0.454019849949662	-0.68605002860437	-0.192130345606847	-0.211632310454922	-0.247258128713555	-0.250797696031671	-0.475550364318648	-0.400067850406358	-0.644992768339532	-0.608479315796156	-0.567414704781685	-0.646320535015731	-1.07425152240302	-1.47723157247353	-1.38024598220172	-0.362529480117132	-0.804234262504051	1.11367952869209	1.06874541906142
"132"	-0.816303015571135	1.04109096521353	-0.998089104231087	-0.493245678665858	-0.550601774686401	-0.594120807976423	-0.68936049832927	-0.137123579239598	-0.219211149191519	-0.247258128713555	-0.251191952359319	-1.01132312474946	-0.967580602078496	-0.652570007609046	-1.05293470221956	-0.563730914027962	-0.634657137485998	0.533461776784843	-0.207992879782049	-1.1476119945185	-0.715137686560761	-0.655915107907062	1.98924112557301	1.68155989735537
"133"	-0.994672754021699	-0.501129662545508	-0.538427955442641	-0.484887028876101	-0.549739167920824	0.0214650795432211	-0.677998309106126	-0.191212827279083	-0.216656223119447	-0.246575684729601	-0.247864216321344	-0.80566738679355	-0.392548368549566	-0.432125536420981	-0.34176393771434	-0.475031882372429	-0.493076433958695	-1.08259575820534	-0.373515613817301	0.0892029379995279	-0.499525628290044	-0.798240888268068	0.143418871258237	0.150503017735926
"134"	-1.06565506062663	-0.807020656714396	-1.01227929875101	-0.496748471897227	-0.550601774686401	1.87931312148046	-0.678787243899192	-0.192130345606847	-0.215678869894516	-0.245948955951594	-0.250948275369754	-0.754680348497849	-0.900770229575	-0.646350687358132	-1.03930742190672	-0.566577502302488	-0.64991459116264	0.10949308621182	-1.48633119395244	-1.74322842770749	-0.829238987861836	-0.772501372004732	0.633547696122799	3.25446028372515
"135"	-1.0953076131299	-0.815214250355786	-0.311166856036446	-0.496748471897227	-0.548621572486029	0.0975161057414975	-0.664013341503127	-0.191603684115287	-0.218015865540596	-0.246474751385494	-0.250193783934642	0.289928623830206	-0.722946792337521	-0.354863524463446	-0.227219856459293	-0.570478456489992	-0.64991459116264	-0.246799347404063	-0.310710563125987	-0.718615830803457	-0.663316205964167	-0.757601437387709	-0.105416471115044	-0.581431911689837
"136"	-1.07460116601583	-0.689420725703629	-0.769288710041366	-0.34475692014913	-0.549756178505828	0.471763047552974	-0.649892745884854	-0.192130345606847	-0.219832843992671	-0.246589142508815	-0.249523813968423	-0.529327259426756	-0.899094011744423	-0.652570007609046	-0.783269088193729	-0.553956063376398	-0.643884873610739	-0.828107291473325	-0.799387991879729	-1.01304895777128	-0.921580455946193	-0.789253452730852	-0.194484071695053	-0.771478590575767
"137"	-0.986808609182436	-0.728078898951349	-1.00156685874977	-0.496748471897227	-0.546479599622266	0.0387517992889139	-0.689654677404651	-0.192130345606847	-0.219803926152437	-0.247258128713555	-0.251637736660037	-0.81812554049033	-0.303590212654478	-0.484735308568151	0.110909963124545	-0.533948571570334	-0.647464980501593	-0.346651320822603	-0.642719439570864	0.281184105741472	-0.333991993931273	-0.801849180625555	0.117578602608615	0.488278048822693
"138"	-0.445190546943506	-0.747602844820741	-0.334112865231855	-0.493867740257175	-0.547668979725779	-0.577347419481715	-0.477805627802106	-0.0501733141246804	-0.125257125037921	-0.0175472953058062	-0.0451147546374338	-0.525984241349821	0.109847013007369	-0.498250566596966	-0.43120759887425	-0.550467969326221	0.0192858058166041	-0.598908937879965	-0.23689513101326	-0.618684786962259	2.12655546555971	6.12621036874503	0.215177788324722	-0.454951751569313
"139"	-1.00325156227684	-0.480588646467731	-0.960553257522264	-0.41126721750072	-0.369473065558726	-0.580668788623098	-0.447375285783832	0.940811622665738	1.18495362068855	1.20106807032224	1.1172202329338	6.98878368874364	-0.344589292302227	-0.644963359547227	-0.311442068289711	-0.401071508315779	-0.624659159831292	-0.608132643265565	-1.19958783059456	-0.00262691174139196	-0.766424089291371	-0.778475630294709	-0.018013757202781	-1.02693171547428
"140"	-0.410653227283746	-0.812419683614987	-0.399413383067122	-0.486083365430985	-0.483644709991777	-0.555726898014411	-0.0877127123249156	0.00710711712538932	0.357810356754696	0.166501293228049	0.321797017288028	-0.288846412295287	-0.346055143676095	0.435619239829269	0.0587422989715924	-0.369165956469944	-0.056331291786597	-0.931391341314413	-0.563582323104454	-0.618831636402143	2.10093658591559	1.53922358885905	-0.207388861442281	0.702956011824071
"141"	-0.308692681775418	-0.352608896133997	-0.935795469684135	-0.294423900066246	-0.548575643906517	-0.582946630170076	-0.0678842785427636	0.000764741149035031	0.266831575216935	0.524276353638442	0.407417088083314	-0.267176921019614	0.991081051920792	1.72071953139601	0.862306960580743	-0.0787959803220531	0.195228378921261	0.192828191846841	0.590535032805975	0.0241486361308273	0.827289120063749	0.520196621043197	0.000131205789011609	1.1095799334504
"142"	-1.08125522339793	-0.624185652431168	-0.96432500778376	-0.491166626186468	-0.549181050626827	0.446412705486882	-0.298528314656156	0.794692689686963	1.36648478129415	1.38813120140008	1.24419734951473	-0.926978057153699	-0.0517882777982329	-0.620533603643865	-0.590613998135158	-0.538765605989994	-0.599262416471218	-0.450578884992919	-0.52935838751956	-1.13605983858094	-0.637632468396894	-0.715483336574046	0.178197356349906	0.123913101389612
"143"	-0.733561506147175	-0.317619779899707	-0.889377605249255	-0.460684605695229	-0.538363169093229	-0.600806763058553	-0.348500552396146	0.608031407564046	3.39829255048961	4.27374822051599	5.19423820668086	-0.938498241749756	1.50021263597444	-0.553500736835859	-0.955389599499095	-0.493403409644011	-0.606279498756019	-1.61683062909158	-0.41292360398811	-1.18356563238348	-0.457465265127476	-0.604898639260647	-0.437227616767918	-1.41116787717688
"144"	-0.848599537986688	-0.4726707073688	-0.644844853504932	-0.421157044411841	-0.388410949844211	-0.548785858409205	1.30056419048615	0.0376156646179237	-0.0150165810177938	0.141617859460931	0.0964312407116772	-0.673894753386878	-0.753785619714484	-0.652570007609046	-1.04146156243727	-0.309148972540882	-0.596807953895021	-0.393627866856244	-1.37674945532403	0.375681720306955	-0.118906906286146	-0.765342345193113	-0.326155891934015	-1.37765746028151
"145"	-0.915014832165053	-0.313637047027616	-0.00507665420685579	0.885738719271918	0.920932902295918	0.192645767756667	-0.507542547714125	0.205358390155168	0.065941742476716	0.225029175030749	0.266229024321551	-0.754391742620704	-0.690194525380927	-0.642539052146789	-0.977446125366278	-0.555401822696466	-0.64991459116264	-1.01129437052689	-1.37368031150281	-0.892510042532998	-0.673117859600162	-0.759466817613271	-0.106298784326061	-0.798483974364992
"146"	-0.966735393716541	-0.683622474982924	-0.698662805905331	-0.484000469971042	-0.457393975212868	-0.584714829705039	-0.525126433356197	3.70802373731332	2.44477910001417	2.01728237966549	1.92373578391026	-0.675866893547372	1.0177125501636	0.624538764309629	-0.215606229251095	0.774117150049632	-0.241874591993104	-0.599445199820988	-0.418749930823609	-0.845762970836528	-0.18198123654921	-0.232656553550748	-0.329754195377207	0.314612657685831
"147"	-0.697144991848055	0.272109845041286	-0.580935437477136	-0.47029038621762	-0.547908148550942	-0.533401731903816	-0.505790845037994	-0.071779011459251	-0.111678144563836	-0.15704255997302	-0.114709413175423	-0.707733792482185	0.363786181546125	-0.436594394208181	-0.737540431061451	-0.499873382291828	1.60701438951423	0.417950954688424	0.823588106225897	0.480360896037743	-0.532927458712129	-0.110356512185588	-0.489775122700598	1.30093236715691
"148"	-0.824303829111442	-0.453574501306674	-0.584539873088248	-0.496748471897227	-0.550601774686401	-0.553550247022042	-0.454596044906812	1.230787585636	1.2341061963127	2.19950071022621	2.85931933895809	-0.50082742905864	0.0540215740437729	-0.545931169425207	-0.559542862439033	-0.148043658252515	-0.548752160297915	-1.18568675374766	0.0473103394269797	-1.16645767263697	-0.578773903138559	-0.620592620865578	-0.339129732280366	0.658085527989666
"149"	-0.920820404694835	-0.558693935274348	-0.619718973435959	-0.465197601553809	-0.538767680804636	-0.570049577764684	-0.346150940300573	0.260612156328628	0.753395557262943	0.499069933170183	0.899378107445963	0.106086680088537	0.974744082410499	1.30445725596737	1.19338899429832	0.247333574588429	0.383785931414325	-0.00612498827280493	0.282794872077464	1.75126937351555	-0.0877751031742997	0.179029501185493	-0.312031208268945	-0.83872496383553
"150"	-0.645951174248509	-0.0826290351172815	1.11354129406933	2.43511151812525	0.274309534520722	-0.259312357789639	-0.395511896844967	2.97543859779063	2.46660315370218	3.7724459447858	2.80173133604321	-0.992708045673582	0.311865949677798	-0.652570007609046	-1.21208354119964	-0.551746987067248	-0.645655216150872	-1.41261135671108	-0.510503109335389	-1.08439331064835	-0.362610552521069	-0.691844683783216	-0.247514931821594	-1.15477698290723
"151"	-1.0772149549233	-0.323456051936614	-1.01029733720676	-0.494137250154247	-0.549272567574151	-0.606804938589825	-0.652590024160423	11.0278132325343	10.713692088394	9.48204335421643	9.0765555724191	-1.25009638710782	3.72707585668907	-0.632587372559441	-1.32763444900701	-0.564587087105972	-0.64991459116264	-2.0696180363752	-0.558902911000353	-1.70456297018598	-0.56581853298941	-0.798289623427114	-0.508104220623386	-1.7161316637222
"152"	-0.710641026076189	-0.42947849216407	-0.690775115244409	-0.433177219238433	-0.523350817509228	-0.603164186760458	0.201576113490988	0.164788898175179	1.3656707402152	2.45371815958307	1.76876203821995	-0.219412648352037	0.994885551669764	-0.396521718084902	0.544899036317984	0.83577159619203	0.230586710572421	-0.0867787842027096	0.257516871397469	0.711820088201889	0.206193433501625	0.216673210241894	-0.282293416913263	0.00574229012731134
"153"	-0.337336163702639	-0.526879598942871	0.882933901655468	-0.494449199923516	-0.550601774686401	-0.244792567271535	-0.653556612550959	-0.124480446301856	-0.126544085219879	-0.149102470236623	-0.17068140813158	-0.774497952061839	-0.884572012408493	-0.596849296693275	-0.768869127038403	-0.548809539608933	-0.616529775998493	-1.05237203520927	-0.22427906896789	-0.670571589054677	-0.384986536007709	-0.747373355948221	0.249166027670871	-0.267516582324539
"154"	-0.805397992133634	-0.457509707533513	-0.828159564883337	-0.479271264684806	-0.549178328933226	-0.573319824594624	-0.617443265667377	1.06087343323096	2.15401137938582	2.48817007437151	3.35177650111508	-0.663817598176548	0.0858227160631236	-0.593720456920663	-0.647043114207248	-0.455137714932959	-0.611850103836909	-1.22854480807425	-0.675612954067338	-1.28626234067583	-0.442953304822735	-0.784912032334264	-0.0141622682294703	-1.03987055869637
"155"	-0.831051846225509	-0.626951703184816	0.240636860927314	-0.46807983696886	-0.529646435019385	-0.541243999886008	-0.646945224369839	1.37021128577241	0.909962791447441	1.20268300382794	0.894168608105356	-0.778057424546633	-0.592978367089541	-0.63288146048249	-0.661770879356354	-0.481846321156589	-0.0709052319165693	-0.694899825323136	-1.21905326741584	1.47861891346389	-0.0598051238160002	-0.767987067832734	0.0507146057910787	-1.11904678281687
"156"	-0.499971917945467	-0.572277050487279	-0.101784522128339	-0.407613044252769	-0.518883837887052	-0.571868899611091	-0.370869623647495	0.179943648190005	0.349592418243403	0.757849569680675	0.304892723509323	0.0214289561258634	0.193702663356776	0.31101546547657	-0.188468741480327	1.65515169703023	-0.0122516426544134	-0.365849498311237	0.476531708505088	-0.473132517130369	0.209274184851235	0.10283880210761	-0.231426142225912	-0.414295294655864
"157"	0.0517710172291688	-0.548950972997753	-0.322735469005798	-0.489072201784865	-0.547996773698815	-0.417812604628653	-0.473087301073597	0.00831044951462628	0.169611812073899	0.186216939776901	0.23897660940368	-0.572978898345009	-0.554284366701464	-0.570979788610116	-0.488713785211617	-0.522772891964312	-0.476543533087158	-0.691682253676996	-0.262035501925488	0.0195963034944171	-0.483408434387348	-0.423290850250992	0.402918695051642	-0.0744429263545412
"158"	-0.00548747397922176	-0.77891339871255	-0.125686615040224	-0.496748471897227	-0.550601774686401	-0.556470016149821	0.0134734280836185	-0.178378880205333	-0.197350541182678	-0.233856737594229	-0.214862923967873	-0.0424250941925734	0.588923049044133	0.225346374849266	1.94850890854101	-0.139337151849896	-0.0650404794797473	-0.278760559089052	-0.0882549818241758	-0.269697093077457	1.05631866118606	1.82050108007847	-0.285830342046124	0.0119149492791342
"159"	1.08971285636923	0.544817735495448	-0.159197349302686	-0.261106929529375	0.14045324112049	-0.334156475810549	1.36895127424348	1.51008736650627	0.430686415251071	0.457983333229128	1.12955292525034	-1.02010155351264	-0.734875018021063	-0.652570007609046	-1.21294988032606	-0.548288347367859	-0.64991459116264	-1.71771222543688	-1.14293483052246	-0.495355732366178	-0.912792207359411	-0.661185647305639	-0.526243045784145	-1.18709441471653
