"N:GEXP::TFF3:7033:"	"N:GEXP::CCDC141:285025:"	"N:GEXP::H2AFY2:55506:"	"N:GEXP::ALOX15:246:"	"N:GEXP::ERG:2078:"	"N:GEXP::HDAC1:3065:"	"N:GEXP::ITPR3:3710:"	"N:GEXP::EML6:400954:"	"N:GEXP::MAGED4B:81557:"	"N:GEXP::CHD1:1105:"
"1"	-0.468553498388418	-0.225163191217441	0.425875556741476	0.0188174669479627	0.109567591052728	0.396451910250622	-0.110304815796374	1.89809196382159	0.555772166702288	-0.325718472668696
"2"	-0.544554351274039	-0.413461961038897	0.66791661558788	0.898427565204155	1.2822488364118	1.55435424579053	0.291070775745696	-0.33955689896968	0.191667802109156	0.422682437560986
"3"	-0.531358343864582	-0.36414609264808	1.14998629817312	0.554069966512964	1.17229312595374	1.47648502265758	0.847597010884504	2.2446781086908	1.19160084881163	-0.407495716461416
"4"	-0.475042064899542	-0.277625037426944	-0.896911760610428	0.461422930269807	1.06036108736654	0.252013747025114	1.87325671750904	-0.47777010111688	0.315756033298635	0.83651548412641
"5"	-0.545114145213674	-0.385548073105292	0.543740222018722	-0.042184888905844	0.964008674420794	0.683205153221321	1.63246642487614	1.0063099540312	1.38902226056841	0.0407718878636079
"6"	-0.544130723427828	-0.403808741388887	0.900947453611771	1.47493950055704	2.23437699587776	2.83334082627245	0.307287085952135	1.35153321248708	3.79467260512645	-0.450007516164625
"7"	-0.532448681249709	-0.372290975899003	-0.190318352046918	-0.755716423401821	-0.797538786967274	-0.980881375964739	-0.114074012222735	-0.294466008482525	-0.0511660233622023	0.988321256157506
"8"	-0.218655431908849	-0.398112655279036	-0.0927609864914793	2.95477170767318	1.21479701402997	1.32526668960783	1.1085481216119	0.209351798938115	1.56357279515225	-0.301602688109785
"9"	-0.398485452625203	-0.43500990953473	0.248415369983342	0.124439755622151	0.538969793658548	0.0863447489964251	0.734521118093661	0.0814469740263002	0.459677889172483	0.914891783942872
"10"	-0.547202025312854	-0.418592171053819	0.290813718726844	-0.36771903685806	1.18997741271976	-0.599616674837947	1.07935876324031	1.9967153806409	1.4977046688942	1.85884697280732
"11"	-0.489671346522011	-0.307051927404705	1.75577500271217	-0.0130139077209709	0.719944983770541	0.314473493284793	0.6367849782008	-0.0886660301105308	0.331619273705783	-0.0400391786631292
"12"	-0.521545307398434	-0.438819075474093	0.158358898919742	-0.416236212764741	1.40437051483371	0.50404430210803	1.02659001327125	-0.322533208679512	-0.0581553634262514	0.628710077758994
"13"	-0.539847038992457	-0.429466456670743	0.966808966223037	0.343712186992606	1.90661452562813	1.02652829795791	1.21803012943807	1.80591128277439	1.05309481665233	1.15632015916646
"14"	-0.49644838342365	-0.406804085523883	2.85049396406679	4.17897277247004	-0.408949043558316	-0.401485045529557	-0.363279255016818	-0.428470782583708	-0.659933883600528	0.430682385323317
"15"	-0.442411625726314	-0.327067544755377	-0.411205973683106	0.338578094304068	1.46314702672656	-0.182533500801273	0.498201267733883	-0.371675588777209	-0.743714480860424	1.04930636518629
"16"	-0.506623520834534	-0.42671505912084	2.41850647336303	1.22080191247443	0.0997116170060673	0.394534286461948	0.102435642965933	-0.276595676632559	-0.796628542287728	0.340943840858906
"17"	-0.483963465613189	-0.41527689697116	-0.501971370750507	-0.727838300103061	-0.646108419056091	-0.825553849082116	0.129608919528073	-0.358802507109462	0.478578382068196	2.54599224437374
"18"	-0.546635170909115	-0.41523490616553	0.364930788995287	-0.103560633318817	1.89788788194098	0.532123793299333	2.89497191624553	0.630277202716358	1.18208656390769	0.768457957510635
"19"	-0.40692775041754	-0.432329163181603	0.986933317298702	0.178721117410963	0.672487442071906	0.381932758707802	0.160200769593193	-0.29459816716503	0.398237564735109	0.250161824947234
"20"	-0.518695905813804	-0.391268820481943	1.77246906667266	0.405554667104537	1.33933135276538	-0.0654899631282559	0.856625551161602	0.804850562387731	2.78103532882195	-0.121468598640095
"21"	-0.53136036114004	-0.388140838722812	-0.691025927957917	-0.439544993570702	0.156717133562405	-0.471478313816171	0.579721097420305	-0.160568613310876	-0.665770531455061	1.62271324900131
"22"	-0.537633079177142	-0.368931711448541	0.520414269635565	0.664779674305794	2.5603428041918	1.49518185459715	2.18785313551395	0.294305052035824	1.17403601514282	0.97684307023764
"23"	-0.519935521582835	-0.387034414320477	-0.16772419424833	0.128313661923503	0.61679092206864	0.0574434190385473	0.876874024986939	0.45074789245105	1.13561294149228	1.03527747128423
"24"	-0.546861105760428	-0.222943677205529	-0.443953781342597	-0.216230631047271	0.377526885446318	-0.0226858607024886	0.480845433026452	-0.0668598474972152	0.199279230032309	0.616227067482506
"25"	-0.540540981750059	-0.410929182286564	1.42944035515565	2.08823020898781	0.248346892277454	0.428366649019274	0.585331064194424	-0.0538091775998522	0.177981869208872	0.0216802250878031
"26"	-0.302130290366897	-0.341904296078253	-0.305690342020473	-0.714162944123593	-0.247095469760809	-0.671596053477117	0.956290117133066	0.0346958400901767	0.00527930150060209	0.460131468390449
"27"	-0.520434797258725	-0.391792039250517	-0.132666659931292	-0.668413510911733	-0.620082487589128	-0.690635318236098	0.277834760388008	-0.30412598218187	0.571617110407698	-0.0389957072158686
"28"	-0.548515271636107	-0.305578916604007	-0.492206486762657	-0.340190965333519	-0.740851536239526	-0.500105697518524	-0.336544257108906	0.102344565697394	-0.261504906546255	0.57031432380304
"29"	-0.496738871089623	-0.447607817744688	0.858869264999017	0.615912446624895	1.09547299490776	3.07160558201524	-0.189107317826582	-0.353408780879729	-0.109111677767552	0.286064972151126
"30"	-0.463326737676364	-0.373877295222833	-0.0631233058164094	-0.309764465118449	0.312924055562346	0.280093238216417	0.591729932546154	-0.226796633081166	0.278485651857619	1.37769069434827
"31"	-0.0172809092995039	-0.296514234753553	0.358001609022643	-0.2869877630093	0.0704260274559633	-0.373405554338254	-0.07121035983923	-0.434186645602047	-0.0120293783438753	-0.214685381262041
"32"	-0.534516388594308	-0.3444237444161	-0.14734828878422	-0.435652417841393	1.25355357864053	0.401793862233357	0.62319833991973	0.0802079863778165	0.274533564282136	1.38464717066334
"33"	-0.526701463469454	-0.447387199384945	1.52891868149558	0.849653684663047	0.544231446469916	1.21014077572348	-0.112057930413286	0.283856256200277	0.248753511532803	-1.055839309026
"34"	-0.52198507344831	-0.329893592626401	0.299526647999377	1.12176059715554	1.06300474707176	0.154009474111078	0.332619592166517	-0.122159996207877	0.285163947992116	1.56242378760403
"35"	-0.54549944482618	-0.430531556788171	0.405591125600437	1.24852601299253	1.34690299949393	0.927428240021777	0.497149398963736	2.1491521609927	1.08273547346846	2.20473843402888
"36"	-0.551260783534642	-0.413278667839715	1.16142058855702	-0.432833334219687	0.499879563259943	0.399944725008564	1.97563861113672	-0.480425664643464	-0.45896291170651	1.83488577661096
"37"	-0.554093139141651	-0.300986588813593	-0.0655702439585642	1.03303414078363	1.15727816549203	1.41751809115584	0.992667245433996	0.446700532799336	1.76044530585688	1.27539184542609
"38"	-0.524001340268726	-0.361186740632197	0.4377900873215	0.741511023214485	0.442283714924769	-0.164795480756035	0.0956861516908206	0.0764497238440821	0.100714897767827	1.28775891443066
"39"	-0.520937098847804	-0.382175478240344	1.03084099237288	0.754719643494995	1.70513172285134	1.09549426778631	2.63866655925295	3.92321727526842	1.10249591134587	0.696767604374768
"40"	-0.523643273874905	-0.403318848656528	0.012960462398064	0.654931551057781	1.05548443354136	0.102644551200157	0.503109988661238	1.42285760145147	0.166052419675469	1.54464612590996
"41"	-0.502596030382347	-0.354974767481739	0.267785057893669	-0.659942257975646	-0.452017596814298	0.979820461390915	1.25177758581363	0.169869392539763	2.55525402937073	0.259862244697694
"42"	-0.378564857476019	-0.405033806480147	1.86645893362832	0.427164529966291	0.188595049619573	1.78152417818456	0.40931835665643	-0.445998327850926	-0.123072061193911	-0.798372391187106
"43"	-0.537676450599492	-0.404261308960686	0.772883401312086	1.18911055851518	2.45074642612086	1.30430980106017	1.34223830004631	0.339941097088312	1.3359618255272	0.87199351333327
"44"	-0.542726699708959	-0.414651034011044	0.561806400825284	1.35946908863484	0.912649809662023	0.762375621068019	1.71591468064116	0.52256787647483	1.10139810924157	0.727105570526604
"45"	-0.529661815204282	-0.409370856833155	0.644361977397045	1.0012027661147	0.504807550283273	0.376590806725066	-0.0585879345974614	0.192171170212473	0.559047276313452	0.686564772445998
"46"	-0.539117793914337	-0.39409686791514	-0.0749692306541301	-0.130537956718588	0.925046777017588	-0.110965041545391	0.720408545427517	1.62605157580282	0.801881101784811	1.36223185809255
"47"	-0.50207153876323	-0.145780572953538	-0.877839364250082	1.73701159552194	0.573491369420941	0.0922345934902103	2.20512131449054	0.540739695319259	0.493417007177997	-0.0180489840893779
"48"	-0.515951402552998	-0.275678796911994	-0.339673053041425	-0.341054426376591	1.23574095887912	0.581297146166054	3.49830631165589	-0.286540617491056	-0.60363493235163	1.28138214447518
"49"	-0.459780367420945	-0.300053459799575	-0.160817882856455	-0.326907667341175	0.434635068398975	-0.00350962281574495	0.345066705946594	0.731585092774053	0.873238238564369	-0.456229697757549
"50"	-0.495765535681068	-0.429145860202355	0.391023839651348	-0.576461910860023	2.05727746222683	0.507194684046567	0.552197197934782	-0.117823539438184	0.656349136157989	0.0491969536229714
"51"	-0.5444766861689	1.31902535762915	1.36609438642884	3.12573699420149	1.42125913702825	0.237083676099006	0.384248817634584	0.35513934557638	0.0104389713908164	1.17065822979364
"52"	-0.525849164588387	-0.315110162961469	2.01190310731154	3.84553678913447	2.89195526430341	1.39354779379741	0.932973692728132	0.224013152778507	0.946608012535146	-0.157719569659741
"53"	-0.503525994368552	-0.416278011099056	0.187127573525635	-0.474144110934457	0.26410618411248	0.118807380276127	-0.407457743363008	0.050720080343901	0.569549583111264	0.181717827425067
"54"	-0.51611177595192	-0.426669069190863	-0.0566514974591216	0.790378250895384	1.18782141839705	0.772237686266916	-0.202956923300189	-0.225020750785006	0.554070573440622	-0.157062569118873
"55"	-0.501002382770413	-0.413078045101701	1.02535253298861	0.488960336508327	2.17277715808613	2.76314209829419	0.339632050634167	3.36938979639615	2.11631615466775	-0.503920207606422
"56"	-0.479991450236101	-0.371997706780312	-0.484133877751623	-0.728921126924644	-0.863070747737936	-0.972799961426754	-0.674544755249596	-0.38374745843227	0.346091964780816	-0.456809404117139
"57"	-0.509833006088443	-0.277831658851477	-0.235872564936377	-0.496225376852158	-0.707387424359223	-0.579276165365223	0.388193325522637	-0.298765295622764	-0.131031126450093	-0.661291160689576
"58"	-0.527381285298848	-0.391051534725822	0.423565830083928	0.798359431347566	-0.122561131025397	0.305227807160827	0.150208016276793	0.109571993646883	0.0207034210660298	1.65904151420223
"59"	-0.520174568724625	-0.399531677901066	0.753445107659455	-0.740715071301613	0.687938734717973	0.924072398391597	-0.29008671976073	-0.279371008965163	0.356008777123001	-0.03945947230354
"60"	-0.494940470018686	-0.431516674418683	0.427613568879829	-0.00942004283899458	-0.304306319109785	0.171473547900791	-0.202781611838498	-0.165417184975276	-0.0614853631426309	-0.663146221040261
"61"	-0.434312264761861	-0.426061202290304	1.44430493265472	0.268147677331311	1.42839445157244	0.969958396192019	-0.30007947307713	-0.360144743728653	0.705439186921977	-0.603165936368097
"62"	-0.354761007069905	-0.409450839320071	0.570953833132405	-0.273172386320144	0.132128531643912	0.41083408866568	-0.0754178349198194	0.238591907442334	0.617651611981382	-0.678527763114695
"63"	-0.441201260451427	-0.405820967455543	0.388211004216908	-0.389669616780053	-0.461437238676601	-0.446480717999523	-0.233198150441926	-0.348952555304016	0.403781465361829	-0.77344501772477
"64"	-0.487270788726818	-0.422136061744912	0.71731275004633	-0.148974016827428	-0.357872511389423	-0.317452031647291	0.0872712015296416	0.185398037734094	-0.237463040462065	-0.160811336910883
"65"	-0.452518175771622	-0.412017610629343	1.55773309326301	1.9862484587655	1.07907203809574	0.330978755180169	0.227870993806008	-0.265754534708326	-0.739286679039744	-0.557214545597991
"66"	-0.541101784327423	-0.448269672823916	0.75984831027444	1.60735241835142	0.221499629639936	0.504866140874604	-0.912249566156734	-0.129511322922215	-0.688549925119304	-0.62017065624938
"67"	-0.496364666492137	-0.437400719372787	1.02009275941201	1.02173913686885	0.441488050353294	0.612116099912607	-0.66586683789588	0.32011729471257	-0.0138407518159718	-0.484016955927192
"68"	-0.540359426958826	-0.432267843274967	1.03838762402625	0.420256841621714	0.251426884167036	0.44877564505588	-0.300254784538821	-0.0130464839647338	-0.264908093069587	-0.488847842257103
"69"	-0.370425151002403	-0.38766760900856	0.00429327028706756	0.198183996057511	-0.0535949792978515	0.55595711753	-0.165966204883339	-0.021058604091596	-0.182591231948758	0.31164934615433
"70"	-0.537322418756588	-0.417815007889288	-0.611809164178255	0.473744752722297	0.567819051024295	0.767101193975824	0.851804485965093	-0.492505794216181	-0.0260080584719734	0.799723453837814
"71"	-0.254068702576588	-0.33483251119345	0.279287954019873	-0.409888607258913	-0.478043528281261	-0.352174719535073	0.170631801563821	-0.363832796962307	0.745124732992455	-0.484364779742946
"72"	-0.311742607924959	-0.412554159812403	0.982816972760498	0.112724689578306	-0.119763471725694	0.682931206965795	-0.323308241751218	0.241069882739301	0.242349665924381	-0.00471573781882614
"73"	-0.349637127406217	-0.442706890858924	0.152847570954702	0.0543827272085601	-0.142144746123319	0.110109586663211	0.34015798501924	0.403212066337553	0.0815765477495146	-0.555977838697534
"74"	-0.544848873490928	-0.418806124206319	0.112987634676425	2.99355744425659	0.979459967066861	-0.391759953458423	0.679736286315152	-0.341374080854123	1.12646459062311	0.159766279941955
"75"	-0.478230368761141	-0.418993416529847	-0.060973659224236	1.1700210684278	0.894144191725454	-0.057682494845796	1.01598366983893	-0.377523610478053	0.97569976829912	0.374334927171245
"76"	-0.0321986613124877	-0.201561692370046	-0.640189072911096	-0.675512560892883	-0.802492440589684	-0.690087425725048	-0.0765573594208124	-0.459548722766511	-0.0363456949541403	1.19659042761259
"77"	-0.547723491018785	-0.372470936494564	0.373712324010122	0.0658644254029262	1.55726644555235	0.375563508266848	1.07830689447016	1.84749996817516	0.613754414511114	1.45382546290765
"78"	-0.520849347365374	-0.426635743154649	2.26162800929592	2.58437025698014	2.01595423770827	1.49757888433299	1.56216652873795	-0.384647789456835	-0.272592707799694	0.103882586877554
"79"	-0.53029423106041	-0.417225137048284	1.12505954513622	0.340398363530005	0.863703605216757	0.790249652567679	1.89192738817916	0.96282148756942	3.10104464222566	1.8221322367
"80"	-0.467543852021616	-0.433400928506274	2.34967204525195	1.8495882461106	1.27429219069705	0.874693585833232	0.860833026242192	0.0354392326792671	0.597708207086582	0.308209755087434
"81"	-0.526417027629855	-0.428698624796351	0.428025203333649	1.68534395364729	0.545514776423909	1.44196779446144	-0.405967595938633	0.0966452225143687	-0.185244253700819	0.266161720471896
"82"	-0.543424677017477	-0.440693998271544	0.906435912996043	0.641162847938521	0.470157641525481	0.674370386480642	2.0509348839331	0.462270477581949	1.38206951390784	0.173756526753375
"83"	-0.543662715521538	-0.300886610704948	0.308902766114175	-0.484482306666376	-0.249174464286276	0.231878697244033	-0.253534279998109	-0.0359677554616848	0.00901182865522529	-0.794082564126146
"84"	-0.5376905715277	-0.388127508308326	0.273753757474065	-0.108694726007355	0.621231243709454	0.650194629430569	2.24044657402132	0.56366096681621	0.160234068522674	0.972630537357958
"85"	-0.135977397256768	-0.338531701213305	-0.20266738566153	-0.310137853677615	-0.428789324647037	-0.409018567556492	0.749334936606569	0.235081442438296	-0.249246116381561	0.24069328774061
"86"	0.0122620897850326	-0.392619857990095	0.10024983518876	0.440559844526385	0.297472762916279	0.502058191755475	-0.0435988046228613	-0.304989143576981	0.299435375348028	-0.226743273541497
"87"	-0.515064809989143	-0.260788723931175	-0.454679145722695	-0.351934035519301	-0.139911752003373	1.5592167918261	-0.302446177809962	-0.434884608644026	1.21062941861951	0.819162940429372
"88"	-0.361054906499318	-0.42870928912794	-0.0297123093146523	0.316548169313252	1.10417397199583	1.27814793365754	-0.432439626654008	-0.00181299595181371	0.247966753358054	-0.471920416557097
"89"	-0.428078883596193	-0.428270718491352	0.593593728092527	-0.303930268881474	0.985542951048785	2.1206696425244	0.574461753569568	0.0872702159741743	1.02473492895789	0.750796237088484
"90"	-0.531060795734505	-0.0983576234197282	0.0834642969051941	-0.112848673728081	0.228660610783213	-0.129250954101678	0.471553925556817	-0.134302075163019	0.365083941185222	0.253292239289016
"91"	-0.535299091472068	-0.431008785626768	0.851322633345643	0.848533518985548	0.413357457761783	1.57332502398563	0.593307735701375	-0.213233848289096	0.325398395114744	0.46600582616762
"92"	-0.279456114217345	-0.452354111822415	1.11362525475232	0.990561192178458	0.964599006199631	0.918251040461692	-0.811366585526516	-0.5067913218032	0.322306252520964	-1.00026479268671
"93"	-0.542215320380319	-0.337258646629895	0.76556545546639	0.961390210993585	1.74979160525027	0.654509282955086	-0.455931362520633	-0.487318565927862	-0.874938425727859	-0.00448385527499023
"94"	-0.542499756219918	-0.423228489212037	0.999968408336348	1.12367421352127	1.7944514876492	1.81405529602814	2.27436934185857	0.878157331589691	2.44547381894064	-0.150994975888506
"95"	-0.547037617363015	-0.408373741829605	0.396032058839496	-0.0967929656839267	0.262643187964928	0.358099434477135	1.46197602838142	-0.19130789686976	1.32169039817129	0.0178928102051535
"96"	-0.540996886003599	-0.405230430093815	0.180792976652954	0.771942190786544	0.435610399164009	0.751760203666429	0.330252887433685	3.00091486973705	1.09865360398082	0.112191711365
"97"	-0.540294874144165	-0.415750126685412	1.38690479492754	1.2543602092295	0.822098048108327	1.14487308034467	0.998890802324035	0.38380125984464	0.0579006157000918	1.4727625373209
"98"	-0.539668510114411	0.191092331521206	-0.570028267115483	0.472624587044798	0.904975496537149	0.696080627230991	1.07497597669803	-0.258209099929059	0.908916806954149	1.07160573648516
"99"	-0.24895490929019	-0.269500149797751	-0.387239701038451	-0.683507743416033	-0.164192354732907	-0.748506464715735	-0.232935183249389	-0.299855604753429	0.322598999748777	1.318792528214
"100"	-0.540127440281139	-0.294081434109864	0.316952506544441	0.0559229550151213	-0.0358080261355184	0.0537451445889607	0.505213726201532	0.162476766237143	-0.655780532305922	0.194664602789226
"101"	-0.556674848272985	-0.29259509289468	0.146581579824324	1.50700424307545	1.10135064609705	0.763745352345643	4.41834086261147	2.65015746645128	1.66969366523467	7.09746010896189
"102"	-0.546492952989316	-0.440739321680796	1.0420465969491	2.21261527276011	1.43011411371079	1.22616663167169	0.44210159999269	0.469456605943156	-0.338936548302945	0.120848659668199
"103"	-0.512454455546303	-0.417880326920269	0.577128349939711	-0.336555094238636	0.777694831700194	0.448638671928117	0.906326350551066	2.16170723583067	1.12280525027544	-0.0359425870553651
"104"	-0.418748984602271	-0.395192627985886	0.50257677663668	0.507723111606437	0.666353124891823	0.739638081859452	0.513190397708484	-0.0981649354155736	0.603855898870667	-0.533833055761226
"105"	-0.465736373211118	-0.441565140858202	1.18497522674786	-0.484883699367479	0.585144005403191	1.09467242901973	-0.282460671177161	-0.163459584490672	-0.295024464130909	-1.001733382131
"106"	-0.531679090662427	-0.393900910822196	0.423748778730071	0.270948091525059	1.01187688170471	0.508221982504785	-0.130903912545094	-0.237666684717197	1.39725577635067	-0.491978256598884
"107"	-0.479746351267937	-0.429497783144785	0.995623377990466	-0.522619280628231	0.493257580697343	-0.0934324811917965	-1.02132835762102	-0.424390383261368	-0.754198490956498	-1.03423558535864
"108"	-0.315303099108585	-0.18281246439554	-0.196470000273456	0.0804265792104148	-0.368729482800198	-0.214242779878281	0.6267922248844	-0.159998678992574	0.76334824792385	2.29903733518873
"109"	-0.376648445790781	-0.420273136320499	-0.831873516906802	-0.544135796350194	-0.0244890559413065	0.10949320758828	0.0429174017217604	0.118988299775361	0.0823816026260019	2.60898700211577
"110"	-0.544441383848382	-0.338418392690174	1.46465796953806	1.63297620822421	0.896787851430678	1.08891955765371	-0.340313453535267	0.193410157860956	-0.915077730001447	0.0151488667697644
"111"	-0.502720092823023	-0.398687862664105	0.206039889820607	0.832104422382227	0.872866581088262	0.713339241329061	0.61259199648741	-0.375594919705246	0.458122669524723	0.465658002351866
"112"	-0.542840675772344	-0.436715536068209	1.08824113010006	1.71348811629446	1.13045656945359	0.585474826562809	-0.424287643685366	0.251436079398283	0.248277797287606	-0.65460521400898
"113"	-0.525801758615121	-0.299613556121539	0.674091132395186	-0.44944912510259	0.446647036768343	0.388370495712637	0.0471248768023499	0.703914368624581	0.792897421231282	1.40706248323412
"114"	-0.530745092125306	-0.452034848395476	3.44644917887568	0.51668443702643	1.4355810993148	0.224071228961573	-0.246784788722996	0.561843784931767	-0.92725052566797	-0.623069188047327
"115"	-0.51126123711281	-0.401819177026857	1.35031506569906	0.842092566339928	1.98566765079406	2.39591714276305	1.45557716002969	3.39673012383936	3.89127919030492	0.349716730434023
"116"	-0.529398560756994	-0.42226136764108	2.57652836646854	1.14066339296334	1.10342964062252	3.39876589767586	-0.213037332347435	0.395571642505236	2.84562268595832	0.0194000467400854
"117"	-0.53578727213294	-0.404764532107531	1.0493645427948	1.0200588883526	0.782032486944688	1.10679455082671	2.34615938542113	-0.186620393599663	0.713672702704234	0.207224907246992
"118"	-0.543094852480071	-0.416703251321158	2.02745374223364	0.647417106304558	1.18599908986238	1.01474860897034	1.3602953806005	-0.103120886009509	-0.457480878865703	-1.29869762660324
"119"	-0.514831814673727	-0.247531626724885	0.0227939521282185	2.33928734145731	0.241596576719455	0.32885567169985	0.112077773358951	-0.289547227518044	0.535115190439693	0.00962233280834735
"120"	-0.469299890307932	-0.437229423546642	-0.418363839463428	2.16748193067088	-0.155799376833797	1.22000284092238	0.319383576808829	0.0381650055059315	-0.057130748128904	0.725289157266558
"121"	-0.519852813289051	-0.424238268109348	1.34619872116085	0.831357645263894	-0.474398871211923	0.402204781616645	1.03561855354835	-0.0814386021610417	1.08712668188566	-1.10468923159405
"122"	-0.529811093588184	-0.44055069631582	1.228196844399	1.20021886815038	0.635861205184966	2.29181756566359	-0.314367357204965	-0.210652624021421	0.684507760133307	0.472769067029494
"123"	-0.530208496853439	-0.434540678944824	2.51432582678012	0.267260879503291	0.787935804733052	0.696491546614278	-0.459875870408686	-0.442025307458122	0.260335323733178	-1.05375236613148
"124"	-0.537356712439376	-0.42256996673643	-0.227068161340773	0.44583395792461	0.394800506627054	-0.205065580318197	0.584366851155123	-0.196714012975978	-0.194191340850871	0.0232647558040135
"125"	-0.485021526590986	-0.428333371439436	2.28815556298657	-0.290674975031068	0.561556400848812	1.0769344089745	0.197892733856807	0.409985198815931	-0.908871488771799	-0.341409191468245
"126"	-0.552586738693281	-0.450454527758165	0.899117967150347	2.6092472697346	1.16361781546475	1.98664143700884	0.726719758048401	0.541606986673198	3.78021821075315	0.6090387086236
"127"	-0.502367069617848	-0.411371085526774	-0.564494070569675	-0.714816374102134	-0.850781580098506	-0.617902587394235	-0.285440966025912	-0.161150937505664	0.119322643435727	-0.666006105747568
"128"	-0.521322398460309	-0.394667409655139	0.0398081762194622	-0.405828006677978	0.977457972338633	0.285366703635271	2.66917075358722	0.210466887821751	0.471570745302409	1.63894502706981
"129"	-0.548354898237184	-0.437568016074586	1.5110811884967	0.82552344902692	1.00392023598995	1.67242508192177	3.04819413376366	4.58442368367596	1.43275137772306	1.006910506755
"130"	-0.484662451559437	-0.418872776278749	2.28815556298657	1.37011066257108	-0.423784337826467	-0.420935229671825	0.513891643555248	-0.302507038321185	1.69750465187696	-0.422181610904342
"131"	-0.555044687975258	-0.209886536216529	0.103131276365503	1.02360607966468	0.111877584969914	0.317418415531686	-0.557874977494083	-0.440782189850809	-0.725948383472488	-0.0774882094925925
"132"	-0.535598656877603	-0.431599989509221	0.990363604413872	-0.0333169106256426	0.58532367159675	1.24095972947004	0.465155057205087	4.33001821985395	1.92767715974538	-0.365718211480352
"133"	-0.530251868275789	-0.440040141441008	0.99059229022155	-0.623098141899903	0.429399082186686	0.3684409056232	2.37131658017382	2.54021796244248	3.2058847431864	1.39160364697841
"134"	1.74976161464008	-0.415392205056464	2.34738518717517	0.709632974975655	-0.12712978566161	0.844080091778323	-0.103730635982953	-0.383425321643664	-0.37953692946034	-0.227013803175972
"135"	-0.522776854065632	-0.304299196813354	-0.509929636857702	1.94909629712844	1.2823771694072	0.621019353217166	2.77356872902435	-0.375817937481974	-0.762212446317895	1.05576042932305
"136"	-0.478405871725999	-0.39965631727651	0.196709508867344	-0.652031087878308	1.68408511160587	0.875104505216519	2.86665911518239	0.385742340493931	2.03068759053228	0.234973518325996
"137"	-0.491720898387487	-0.427649521176306	0.243612968022103	0.40686152706162	0.535941134967126	0.736282240229272	-0.0820796704640861	0.0621187667099523	0.69411352854594	-0.518953925865103
"138"	-0.543285485010865	-0.299513578012894	0.347665010515597	-0.129604485320672	0.281893137274813	0.517125235809345	0.136446066534031	-0.238496806441681	-0.569218836381797	0.7294630430556
"139"	-0.509853178843025	-0.435302512132697	1.02512384718093	0.511410323628205	3.02413824956462	2.5080981344005	-0.259670181157302	-0.451780270210518	-0.879196068222372	0.0404240640478546
"140"	-0.534671718804585	-0.343990505945306	0.795980667887565	-0.0743896521339441	2.14967721891427	2.33236161148127	1.56093934850612	-0.291752625532345	1.53997004990978	0.363088623795214
"141"	-0.519762035893434	-0.429045215572986	0.105715425992264	-0.653683332252619	-0.186753295324091	-0.35422931645151	0.167476195253379	-0.374422011398015	0.0612855055216863	0.112655476452671
"142"	-0.538076879777934	-0.445774885752868	-0.104904202879181	-0.000598738128688862	-0.644260423922343	-0.306014775479126	-0.147733812867452	0.204189350402766	-0.00471069764853595	0.349059729893155
"143"	-0.542571369498682	-0.406042918856734	-0.111558959882611	3.96334087955146	0.922018118326166	0.804220911599449	0.48847148161002	0.188743304385001	-0.651700367818271	0.972360007723483
"144"	-0.550853293892097	-0.334179320883638	0.259575237398028	0.722701574546478	1.48758162905057	0.440488770826251	0.816391570703465	1.51144521831806	0.0326511673011712	0.086684631543074
"145"	-0.550372173695329	-0.329313719596262	0.752987736044099	-0.320816766469773	0.988417610145728	1.06857904818099	1.01580835837724	0.119029599363643	0.0893526459883127	0.431764503861217
"146"	-0.524887932832581	-0.432771732942537	1.10836548117572	0.558457282083168	2.68174581783947	3.21214001109952	-0.0689313108372439	-0.442227675440707	-0.00514981849025633	0.0109749809807223
"147"	-0.52037528763271	-0.451566284326295	1.38873428138896	-0.151961125300759	1.43062744569239	0.207497480502316	-0.12178771653715	6.12407233485855	2.09747055187726	-1.24606028915254
"148"	-0.551007615464645	-0.339178226315874	0.340438538992972	4.68211385594674	1.13807954938031	1.12446408430807	1.35398416797962	-0.135912759106048	1.05053327840896	-0.390954761667803
"149"	-0.526228412374518	-0.424915453165235	0.13029915031765	0.292931342945979	3.0934380670802	3.70483235166107	1.43278667000983	0.55907671251682	2.53823809675407	1.2834690873697
"150"	-0.514667406723888	-0.418450868660268	0.94576987191666	-0.627429449186233	0.653365825757421	0.0295009009750065	1.44023740713171	7.15449706251427	3.60200833582164	-0.381602165733097
"151"	-0.534659615151836	-0.409282876097548	0.725774124930416	0.808300901735371	0.170012431885765	1.02392580853043	0.408880078002202	-0.314277420981781	0.432507287091035	0.33155259783356
"152"	4.25703328156875	-0.211479520747601	-1.49131191192711	-0.778392310599995	-0.882733929293006	-0.835210454589369	-1.02100403141689	-0.503305636552132	-0.922590355735213	-0.406916010101826
"153"	-0.197514385107487	-0.398574554140974	3.40139807476311	-0.336433742956907	-0.862739648609806	-0.281839018429053	-0.806326381002893	-0.419455082461574	-0.903113516734741	-0.391379879664835
"154"	4.13196220316374	0.694028874454822	-1.15370305405206	-0.776246259856186	-0.905464269438117	-1.15134443346511	-0.92342567183955	-0.51485713139483	-0.977800653230679	0.698429429272258
"155"	0.588416133385884	-0.400198865146089	-0.507802858846297	-0.765870258532652	-0.8483047532873	-1.12134731848514	0.0784179727142344	-0.459300925236815	-0.478613569373496	-0.748401702990516
"156"	-0.466477721941987	-0.414870319329339	2.88754106491063	-0.731385491415142	-0.847883821062391	-1.04443690724652	-1.07034544230988	-0.46260076234061	-0.918855998910416	1.5423273004716
"157"	-0.29800496205499	-0.191103982205808	-0.836858867514183	-0.751019195327508	-0.898893620073677	-0.978210399973371	-0.628525496555648	-0.446741720440017	0.144480608325956	0.330084008389268
"158"	0.756455179049379	-0.171808207237379	-0.673302777862872	-0.768267879818199	-0.882456730022943	-0.551676080121088	-1.17074631642045	-0.533493983603324	-0.937985200577859	0.334837600537899
"159"	-0.476525770999008	-0.255396571271603	-0.866610891093092	-0.747844459103196	-0.806334730471937	-1.3359842096889	-0.543324126173711	-0.514468915264972	-0.899726797242973	0.579512331375189
"160"	-0.229810965192392	0.642306866249289	-0.887764328303308	-0.775843466947986	-0.88066520140717	-0.780421203484387	-0.744494028464397	-0.488202377117114	-0.931078195671633	-0.0172373951859533
"161"	4.04219344527628	-0.255616523110621	-1.21329857553295	-0.776987436146132	-0.908233695478832	-0.85144177022922	-0.439715052314194	-0.515666603325173	-0.980534180470388	-1.307509163269
"162"	3.58205291327336	0.634441921702572	-0.74746558529285	-0.779703371178368	-0.896796658928853	-0.857742534106293	-0.725560390601744	-0.545522901686571	-0.75450953488605	-0.617967772082941
"163"	-0.233280678980401	-0.348369547103944	-1.09182067449439	-0.769993868432945	-0.868175834294917	-1.2980426532987	-0.795860286739927	-0.494599683342119	-0.707926132260215	-0.756633533296683
"164"	0.326251014845333	0.782476174569179	-1.11919436567345	-0.76471088705644	-0.896747892390601	-0.750218628812766	-0.168858844001245	-0.443441883336221	-0.63907564361881	0.629096548665387
"165"	1.1082680189499	-0.293881477892575	-0.921907119389634	-0.778173411557184	-0.890867674541409	-1.11449866209701	-0.467677230453945	-0.502372265856941	-0.796463871972083	0.0296028786688556
"166"	0.178576364931814	-0.401094002478821	-0.680163352093212	-0.71664131068506	-0.849064484620064	-1.3337926396447	-0.400708252087896	-0.462555332793499	-0.48322433821156	0.332557422190181
"167"	0.126823163053099	-0.293774834576687	-0.907820073636669	-0.764699685399665	-0.837278382322599	-1.08107721892297	-0.731783947491782	-0.446068537151007	-0.688586518522781	0.465503413989309
"168"	-0.200842889613427	-0.275958735616199	-1.01868695319897	-0.775448141810968	-0.882967495344632	-1.20907860681699	-0.0992601937098267	-0.512726072639438	-0.689409870101007	0.302026220585149
"169"	-0.382589322015018	-0.0261267725275435	-0.385707506127008	-0.40858174730183	-0.880875667519625	-0.460657436722937	-0.515449603764805	-0.520227316859242	-0.751508875800961	0.0531776039588173
"170"	-0.13239673331856	-0.433384932008891	0.190123357606217	-0.756128084288302	-0.879600037545356	-1.08950106628037	-1.16641612331668	-0.49759803345145	-0.893498599971239	-0.118917890657902
"171"	-0.174971331862714	-0.248151490998483	-0.694959323849979	-0.676819420849966	-0.76616393625207	-1.09107625724963	-0.0157242822139557	-0.441831199393192	-0.333520724588394	-0.37603698468104
"172"	0.792463545977271	-0.347056501277077	-1.08335929961031	-0.778791836358303	-0.912722783657897	-1.08155662487014	-1.0510348848046	-0.546243992497988	-0.596846856006703	-0.287419205845169
"173"	5.24812071415548	-0.258142636655711	-1.17908717870432	-0.262017403115048	-0.894427631833783	-1.62568237490649	-1.15613410608849	-0.526499072335867	-0.976000257779626	-0.162241279264537
"174"	0.442950400099033	-0.40487917367211	-0.0490591286442119	-0.746313099274915	-0.90191971210519	-0.469629176591378	-0.960092064052271	-0.506316376537948	0.238672028874973	-1.01135650770019
"175"	0.768155376706621	-0.234227873067895	-0.627634222069573	-0.763508109160226	-0.865483408051441	-0.99149679336633	-0.645968986993926	-0.499316096324014	-0.750118326468846	-0.492326080414638
"176"	-0.535672287431825	-0.286256480806605	-0.549903916039818	-0.772109581356322	-0.904075706427897	-0.568044368888701	-0.540519142786651	-0.443602951730524	0.0432083642041982	-0.382954813905472
"177"	2.46629785737325	-0.170508491824997	-1.35163062059738	-0.776859550564617	-0.881789398446867	-1.21400963941644	-0.829537618530812	-0.533593515611085	-0.912869318101629	-0.470722356747279
"178"	-0.299770078080867	0.0262750868167729	-1.56030642010356	0.60130361924751	-0.920423533379824	-1.69862056544	-1.03745701209661	-0.538416894526633	-1.018863392041	0.153118980351999
"179"	-0.301938649198373	0.461213185457496	-0.361649759159281	-0.739742860840684	-0.907473964146069	-1.2108592574779	-1.27510046399216	-0.556256664681269	-1.01469979459342	-0.206608139318432
"180"	0.153461285477906	-0.416703251321158	-0.0650671351816725	-0.77701077293108	-0.909888934453492	-0.892944627941244	-0.805528713852198	-0.425294844244761	0.0902491843734918	-0.488847842257103
"181"	0.637637654564627	-0.450851107589123	0.5990821874768	-0.69331852780813	-0.900644082130922	-0.486819304125566	-1.01878634142649	-0.514559774359194	-0.98215709791458	-0.861946855288724
"182"	-0.288664976683778	-0.321675392095806	-0.158050784583551	-0.774819448824472	-0.90267174345823	-0.902532746884615	-0.866765007420945	-0.507997269781058	0.0462456166927639	-1.0976554610977
"183"	-0.543644560042415	0.25665797517041	-0.313282710835383	-0.738583489364472	-0.881871531563923	-0.886506890936408	-0.450146084284822	-0.455972178421221	0.148963300251852	-0.552731483083834
"184"	0.193302475776274	-0.336592125905597	-0.193885850646694	-0.739994431382422	-0.888321547912688	-0.282112964684578	-1.34963413193018	-0.536168131944635	-0.772751346519183	-0.757213239656272
"185"	2.13818800410593	0.0360129545987682	-0.507299750069405	-0.779808386710634	-0.897895189369471	-0.698031867135271	-1.26220630598477	-0.538808001627671	-0.678889266601456	-0.106009762384382
"186"	0.0420471619245465	-0.331493242364717	-0.808890593235163	-0.779762646612136	-0.894907597236577	-0.891711869791382	-1.28324368138771	-0.519898985132393	-0.923369795229267	-1.31720958301946
"187"	-0.465833202433109	-0.314550285553059	-0.743806612370001	-0.322557690626887	-0.878955805908452	-0.544348017785797	-1.00543637361871	-0.511821611656044	-0.963009599545398	0.271533666070756
"188"	1.58071393124751	-0.411770331440628	-1.6262891361929	-0.772821353297233	-0.915502476338245	-0.669130537177393	-0.658065477850621	-0.533898719568495	-0.961794698549972	-0.278994140085805
"189"	0.0767644725592254	-0.160510680960526	-0.993920280227439	-0.756983144088793	-0.852983774299556	-0.605985925278901	-0.971364591039017	-0.496747261932824	-0.633879380325119	-0.118067654663838
"190"	0.0436912414229348	-0.361133418974253	-0.80715258109681	-0.774912795964264	-0.88339099422945	-0.882192237411891	-0.325499635022358	-0.472306165587067	-0.87591729927086	0.655106040665623
"191"	-0.447737232935818	-0.346429971796237	-0.194251747938979	-0.726251398726604	-0.867790835308719	-0.318205383849984	-0.081641391809858	-0.459350484742754	-0.921986564577848	1.60802735455838
"192"	0.616254534708287	-0.183592293642969	-1.11763930218124	-0.770731777572998	-0.81812339942931	-1.24133577840505	-0.553579846682648	-0.461378294527439	-0.698137396830199	0.182529416328492
"193"	-0.0798366212565866	-0.345343543015631	-0.459367204780095	-0.777552186341871	-0.865267808619171	-0.991428306802448	-0.110041848603837	-0.458788810342108	-0.269482268504175	-0.493794669858931
"194"	-0.0292433527663049	-0.392593863681848	-1.06117677626554	-0.76398091242327	-0.877213043830931	-0.376898369096196	-0.283600195678154	-0.482263496322048	-0.824201671807419	-0.337737717857513
"195"	0.381423498625604	-0.38004261192259	-0.977294822009248	-0.778726960096148	-0.876902477982065	-0.918353143141179	-0.709870014780379	-0.496986799544865	-0.657335751953682	-0.759222888369514
"196"	-0.214731831142756	0.0347399000153588	-1.22210297912856	-0.545083269819079	-0.881016833814564	-0.25437590631268	-1.20067198293114	-0.506927610444533	0.280425102241884	-0.69116536175374
"197"	0.782377168686545	-0.357440894161642	-1.03673026342476	-0.78149423605527	-0.908802980646423	-0.569345613602445	-0.599774416838287	-0.518942073671881	-0.781497169950114	0.10090676089833
"198"	-0.403821146211997	-0.295581105739535	-1.48822465352345	-0.409109158641653	-0.829183136972815	-0.559415061839667	-0.978201738044975	-0.506626123450069	-0.941787255199088	-0.734566044541653
"199"	-0.250538470524834	0.0676393629667128	-0.681764152746958	-0.741226613627671	-0.854803536174317	-0.777407794673613	-0.594953351641778	-0.449690511043408	-0.271440015590178	0.152423332720491
"200"	-0.375902053871267	1.09687400022059	-0.921198193385833	-0.454811918283617	-0.855624867344873	-0.552497918887663	-0.689533885224196	-0.529580434617646	-0.877864068335821	-0.199574368822082
"201"	0.0366509500740081	-0.365645764277751	-0.213918727399288	-0.760608746998299	-0.845181128179283	-1.12244310350724	-0.720476358212698	-0.465797350473698	-0.77134250048533	0.52355134412951
"202"	1.42477853833288	-0.132523475747249	-1.16554897888978	-0.759773290097164	-0.86574007404224	-0.795145814718851	-1.17370908012303	-0.51207353914457	-0.863894536558592	0.468363298696616
"203"	-0.490370332468258	0.684364323952499	-1.32222162572999	-0.771029088213234	-0.832273395502029	0.36789301311215	-1.32724685827221	-0.54199591684722	-0.831630132713188	0.296035921536061
"204"	1.19137976782548	1.7864563415794	-1.11038996207785	-0.78149423605527	-0.873337387369874	-1.0926514482189	-0.85935809816449	-0.507443855298068	-0.98022496621101	-0.283361261328044
"205"	-0.475477796398501	-0.426757049926471	-0.248793313070184	-0.318730457895431	-0.87642507923918	-0.721522758546532	-0.248888526263291	0.0428318589818873	-0.2778438611986	0.352074202963019
"206"	2.06677645288759	-0.282297347704274	-0.845823351175161	-0.777652534517147	-0.894912730556393	-0.884589267147734	-0.695494474921698	-0.226742943616398	-0.792566674501815	0.732438869034825
"207"	0.633199648556707	-0.41554350526088	-1.27390031456762	-0.779184827816826	-0.892004704880646	-0.339984111164215	-1.06771577038452	-0.335455849853198	-0.0327229480099473	-0.435708092628091
"208"	0.346837310895705	-0.268673664099621	-0.31113306424321	-0.773581665750835	-0.837386182038734	-1.12107337222961	-0.672879296363529	-0.496937240038925	-0.456401373463141	-0.553659013259177
"209"	2.06929804721028	-0.106915749519716	-0.98902640394313	-0.775133561949871	-0.866676904908654	-0.887534189394626	-0.922987393185322	-0.494413835194847	-0.63786806130408	-0.854294731342146
"210"	-0.128876587644096	-0.30084661946149	-0.253184080577602	-0.776583709766533	-0.867182536910527	-0.582974439814809	-0.490905999128033	-0.493026169028545	-0.555642683691942	-0.128347780773887
"211"	1.49366849522854	-0.266507471745652	-1.58442362538129	-0.744289333284233	-0.904447872114555	-0.889588786311063	-1.39383015142254	-0.512110708774024	-0.997423865845058	-0.686798240511501
"212"	0.376703074053545	-0.388826688548115	-0.897186183579642	-0.767954233428499	-0.880280202420972	-0.16780888956681	-0.392380957657562	-0.387047295536065	-0.783235356615257	0.588246573859667
"213"	0.0666074906274643	-0.440168113420073	-0.493052624251065	-0.775212440282995	-0.876846011464089	-0.681937524623182	-0.502739522792191	-0.421090546157573	-0.0119744882386603	2.20976255581199
"214"	-0.250992357502916	-0.260322159424166	-1.03112746113665	-0.708744142658691	-0.879412671372074	-1.13196273588673	-0.519394111652858	-0.447559452288016	-0.672467124291296	-1.2265435083797
"215"	-0.524401769447168	-0.171741555164949	-0.828580441276239	-0.283347224557428	-0.776191876512566	-0.87712423168468	-0.971347059892848	-0.528936574036317	-0.602354163229945	0.156906395234648
"216"	1.34075901550114	-0.381782231013008	-1.29455064300095	-0.778473522611614	-0.839064777618556	-0.781448501942606	-0.880728565344651	-0.421871108376118	-0.77754508237463	-0.416655076942925
"217"	-0.23978639233292	-0.0502214967109197	-0.545055776917044	-0.775262847738482	-0.864343811052296	0.0790166866611339	-0.898101931198252	-0.478249176340961	-0.695941792621597	-0.457002639570335
"218"	-0.0232116991464508	-0.358227388616313	-0.468308819860305	-0.71130652164597	-0.892607869959022	-0.748164031896329	-1.3686992533891	-0.504375295888657	-0.840906560494531	-0.275013489749959
"219"	0.578531483640972	-0.398178640830741	-0.379532989319702	-0.774848853173506	-0.807366527754947	-0.621806321535465	-0.846946046676751	-0.489598303201073	-0.659330092443162	0.00633733010400836
"220"	2.59792508101723	0.382030523410882	-0.680483512223961	-0.764664680222243	-0.886604452434246	-0.567017070430483	-0.835752409847766	-0.463885179536205	-0.845114801894351	-0.178009292245363
"221"	-0.512155898778498	-0.378509614256704	-0.327598442396026	-0.730531365086049	-0.815528506262337	-1.08895317376932	-0.650264117805361	-0.449017327754399	-0.416075442831821	-0.241776991800178
"222"	1.44424524650399	-0.442840861524508	-0.385204397350117	-0.78149423605527	-0.892459003684359	-0.532842275053751	-0.849435469432767	-0.434570731773077	-0.79339002608004	-0.112541120702421
"223"	0.340432461316094	-0.339538147506995	-1.21345865559833	-0.761259843298345	-0.846654390966466	-0.510036249281302	-1.08236304300882	-0.517915365907171	-0.902791494784146	0.0731967969099648
"224"	0.0889387299491317	-0.0502481575398916	-1.231021725628	-0.776769003839019	-0.851010012830316	-1.17661597553729	-0.101451586980967	-0.424402773137853	-0.193020351939617	0.306393341827388
"225"	-0.287948843896136	-0.315796679307496	-1.07748207435298	-0.77853793213807	-0.893939966451266	-0.156645579654169	-0.842764868315415	-0.524193316322038	-0.987100866724281	1.19110254074182
"226"	-0.0320574520304175	-0.277811663229748	-0.818884163030692	-0.778960327945627	-0.91282339672629	-1.13901685196649	-0.857464734378225	-0.517843091627676	-0.401383191335927	-0.601967876558279
"227"	0.451443129777824	-0.0694572848141628	-1.06661949848828	-0.74920452692996	-0.90358804104538	-0.949788475962662	-0.577334549741809	-0.493265706640585	-0.584112351596812	0.0395738280537903
"228"	-0.52921700596576	1.77219279807942	-0.732212241920726	-0.494400440269232	-0.907645930359904	1.11651964289785	-0.689709196685887	-0.528489299495215	-0.93104343193833	0.365098272508457
"229"	-0.31828866678664	-0.273725891189801	-0.827802909530134	-0.732846374152881	-0.84346659936075	-1.2020929773011	-0.882367727511464	-0.457760450593866	-0.377615775777813	-0.318761996353626
"230"	-0.194377521770071	0.12663977748158	-1.42197437503914	-0.688137761549697	-0.917152838659079	-0.588453364925307	-0.916570993687423	-0.546936173597608	-1.01871409095482	-0.370008038541313
"231"	-0.234501130632579	-0.112347893422745	-0.981113874997471	-0.760439321939577	-0.863445480084502	-0.796857978815882	-0.686904213298828	-0.476225496515104	-0.0983532171454027	-0.145777618652203
"232"	-0.510178968829515	-0.336718764843214	-0.611351792562899	-0.765316243257989	-0.859911189391207	-0.739192292027888	-0.282986605562235	-0.243262778929516	-0.517969774812683	0.365523390505489
"233"	-0.259848196764174	-0.136509269678551	-1.29228665350494	-0.748155771814401	-0.86743406958151	-0.815212377936051	-0.921944289988259	-0.324474289328803	-0.839442824355463	0.298006923158664
"234"	-0.247371348055546	0.287584536777842	-0.949646707860977	-0.735544106492858	-0.814394042583008	-0.428194805443235	-1.06172011839468	-0.506452665179281	-1.00838359018633	-0.880652047158136
"235"	-0.0446553372665343	-0.43462999272188	-0.492092143858818	-0.767146313933603	-0.851279512120655	-1.26236115351658	-0.31927607813232	-0.459808910172693	-0.776026456130348	0.378122342053894
"236"	1.60734196729502	-0.364052779746679	-0.547205423509218	-0.627863513386264	-0.875442048494421	-0.655227764709504	-1.03919259556735	-0.417129915641253	-0.682969431089108	-0.630721311993904
"237"	-0.343948410614247	0.665368483310003	-1.6680174355199	-0.741084259239489	-0.909236232838891	-0.964376114069364	-0.227938806591189	-0.549261753413812	-0.947998985439257	-1.75558353214082
"238"	0.709956979739132	2.6989232131435	-0.385204397350117	-0.769825843581321	-0.908205462219845	-0.287728862922838	-0.632995938828775	-0.450528892685549	-0.682877947580416	-0.513929804081996
"239"	2.5739195030653	0.263123226196102	-0.654459067310204	-0.597871077371225	-0.872572522717295	-0.63659941933381	-0.513258210493665	-0.492856840716585	-0.832416890887937	-1.68810571188464
"240"	0.140661672695975	0.682231457634745	-0.767155433333926	-0.756784314681037	-0.883935126129943	-1.30057665616231	-0.613799333773585	-0.502698532604375	-0.597834877900573	-1.23744198793998
"241"	-0.328496080604855	1.73573411446032	-0.176642940747773	-0.746751830831935	-0.86976459677796	-0.904998263184339	-0.513871800609584	-0.501571053844255	-0.634062347342503	-0.61479871065052
"242"	0.247960554314718	1.0734124707253	-0.776874580160242	-0.771863611642971	-0.885623988349396	-1.00779659557006	-0.437085380388826	-0.524114434108418	-0.93751314567301	-1.18480465048928
"243"	-0.200439434521797	0.579987178527417	-0.893184181945276	0.122712833536007	-0.872682889093338	-0.919654387854922	0.0917416438027679	-0.492910530181353	-0.649888994346174	-0.755049002580472
"244"	-0.211806781728446	-0.22569640779688	-1.08095809862969	-0.697010407186888	-0.875090416087028	-0.346353361605169	-0.170086024233083	-0.511631633549944	-0.94819110080751	-1.81363146228103
"245"	0.0508929148085132	2.37679374709023	-1.12973678140741	-0.540135871410124	-0.872182390411281	-0.588179418669782	-0.774296976951906	-0.434099916466653	-0.869769607486775	-0.633967667607604
"246"	0.0865886040403925	5.26622773899491	0.0886097275779493	-0.763912769011222	-0.913996873636221	-1.3535167700425	-0.993523959796788	-0.499861250889347	-0.90386185183584	-1.06890202566208
"247"	1.35477907993525	1.01095947885857	-1.22059365279788	-0.775790725814003	-0.918843497540468	-0.232117773051282	-0.845227994352177	-0.536331678314235	-0.975669087478162	-1.32377958842814
"248"	3.55693783381945	1.15579443224854	-1.23822532856986	-0.0469922666051112	-0.871925724420483	-1.57418047886781	-1.19000428048723	-0.504197707659041	-0.876755288210477	-1.37363433535281
"249"	0.510549300701479	4.92203643696737	-0.270861493511112	-0.755224017239421	-0.897630823398948	-0.513118144655957	-1.03597563024532	-0.497763231804581	-0.787425301313339	-0.150685799163391
"250"	0.587306631883904	0.503203991088276	-0.377429079889064	-0.725569964606126	-0.855375901333798	-0.781174555687081	-0.671126181746617	-0.500691372613831	-0.711292725380071	-0.55300201271831
"251"	2.19033457469899	-0.213152487765589	-0.772438075491288	-0.774770441576081	-0.88428162521752	-0.469149770644209	-0.853117010128282	-0.517743146624032	-1.00033487109163	-2.36590225222542
"252"	0.273247102182568	3.37117601567056	-0.619424401573933	-0.764765495133218	-0.89164280583362	-0.625778542240576	-0.396062498353078	-0.438543752165882	-0.639587951267484	-0.957211933714552
"253"	1.37807861147682	0.802805056660271	-0.667631369832457	-0.756371253587459	-0.887189650893267	0.0568955265274974	-0.981567718109446	-0.517908757973046	-0.854760823050808	-1.93730215232673
"254"	-0.285891222928828	0.147161950582719	-0.222128547894929	-0.617730681361887	-0.849670216358348	-0.720016054141145	-0.30227086634827	-0.216773223004931	-0.467653845032225	0.825887534200607
"255"	0.622911543720167	0.49147322634063	-1.1423145008297	-0.59103806673848	-0.904088539727437	-1.68355352138613	-1.38569569960007	-0.531937402120945	-0.991234091646974	-1.69181583258601
"256"	-0.465003093582083	3.93945158520712	-0.746436499158299	0.248778145824555	-0.860067755645594	-1.00752264931454	-1.03182951417632	-0.52948751054401	-0.731748437923545	-1.00490244356343
"257"	0.151464182774342	0.200783542852501	0.234922907330339	-0.730909421002205	-0.886465852799215	-1.63527049384987	-1.3362228051108	-0.524183817416733	-0.925409877473092	-2.15270557671382
"258"	0.214887323178427	0.324376480759097	-0.383969493988655	-0.751678226134437	-0.72883700121025	-0.83863478278343	-0.579613598743795	-0.50746450509221	-0.724502944035159	-0.178357116061117
"259"	1.3944185426878	0.40015988711179	-1.61701592669156	-0.45178280359738	-0.916123608035977	-1.22346078523205	-1.13953211066633	-0.536788451760642	-0.99739642079245	-2.4402476604882
"260"	0.751109399085294	2.05133167741547	-1.75053642236244	-0.316060729697392	-0.895957361138942	-0.951500640059693	-0.854256534629275	-0.539794648791747	-1.00581107392192	-0.976342243580997
"261"	3.93618561995075	2.29707786846418	-0.945736180549683	-0.777202134567652	-0.899486518512421	-0.871850766265826	-0.81118250849174	-0.48033893550807	-0.785430960823859	0.260480598147922
"262"	1.06287932114163	1.55670664791385	-0.553311334574221	-0.64300908681745	-0.868370900447924	-0.929379479926057	-1.39576734307423	-0.520496590174845	-0.996679190084307	-2.02653828461283
"263"	0.641067022843473	5.75625377549887	-0.680872278097014	-0.773549927723306	-0.79549315902061	-0.982935972881176	-0.635099676369069	-0.44572575056826	-0.606910041962794	-0.910912719128693
"264"	0.729221960364419	4.70781667617796	-0.981754195258969	-0.760611080676793	-0.886332386484	-0.476683292671144	-0.416486283640106	-0.542032260484909	-0.598694822882276	-2.23484223844949
"265"	-0.302342104290002	2.87675094238623	-0.329199243049772	-0.684189177536512	-0.895775128285475	-0.682279957442589	0.370837490815205	-0.51036786614849	-0.817139144936416	-0.372172275617112
"266"	5.36007950208254	0.0121248518399243	-0.754783531138546	-0.778254623568803	-0.91322174234401	-0.421483122182875	-1.14532615447522	-0.523802622216883	-0.883351249187151	-1.6954486591061
"267"	2.25095370221625	0.192592003150877	-1.00835035469192	-0.773042586018539	-0.880973200596128	-0.643790508541339	-0.754837404704179	-0.495879970578886	-0.595785647305878	-0.853637730801278
"268"	0.0283801206956128	4.82625740888573	-1.39000409912575	-0.195414218873746	-0.903254375257342	0.118807380276127	-1.27606467703146	-0.510277007054268	-1.00072642050883	-2.18414112023981
"269"	-0.377868897442959	4.19899475524879	-0.893618684979865	0.633321688196027	-0.875490815032673	-1.27811306320927	-0.38282648299539	-0.496049298890845	-0.840833373687577	-0.47393006527034
"270"	0.236764675522012	0.93637580980961	-0.422411578259328	-0.756825387422545	-0.863335113708458	-0.407100943767817	-0.462154919410672	-0.503631903299566	-0.882665122871963	-1.40799159893113
"271"	-0.40303440878332	3.20627878847921	-1.06506443499607	-0.607247797563291	-0.872410823143092	-1.0569014618729	-0.761762207440983	-0.525161378671387	-0.625883721665461	-1.53823229438551
"272"	1.86575495348343	1.28356645509649	-1.04766144503177	-0.779576885803951	-0.911962538993152	-0.472985018221558	-0.891974795612143	-0.478459804241203	-0.959567989948415	-1.62171001016635
"273"	0.0905727230702293	0.00817904915207962	-0.544461193817082	-0.716608639186133	-0.860570820987559	-0.116854886039176	-0.860146999742101	-0.372039025154098	-0.824366342123064	-1.79299391587965
