"N:GEXP::ITGB1BP2:26548:"	"N:GEXP::MYH11:4629:"	"N:GEXP::PPP1R12B:4660:"	"N:GEXP::RBM20:282996:"	"N:GEXP::TSPAN31:6302:"	"N:GEXP::MDM2:4193:"	"N:GEXP::DAB2:1601:"	"N:GEXP::ASAP3:55616:"
"1"	-0.0482410014591872	0.544510171455729	0.341567572053769	-0.159746861109498	-0.403887433740842	-0.512794659986165	-0.683704029588237	-0.792547097183614
"2"	1.49743916946652	2.79254915243498	1.59543768337189	0.00728843062391291	-0.484647102121711	-0.540431046293053	-0.586835941125217	-0.902710344695848
"3"	0.942793318851872	1.90383315828638	2.20329239263593	-0.202986029041882	-0.463498983298592	-0.50007379654517	-0.92661302735681	-0.869309243310883
"4"	-0.387265762626906	-0.585128962874667	-0.549832475891831	-0.0487038393289047	-0.440954566698258	-0.515189801638235	-0.0944121923790862	-0.481734124633971
"5"	-0.451570253462254	1.09779545214658	0.837043203239227	-0.00326987417788048	-0.472737718634998	-0.533107235374723	-0.58076406210842	-0.963913020255431
"6"	1.19975016717774	0.659546092298973	0.546478662959631	-0.280475256979925	-0.487140926536039	-0.505686116120021	-1.00397966909529	-0.820654527886529
"7"	2.15290939679507	0.0352554640424209	0.192561238897721	-0.206897589994042	-0.462794127302758	-0.502764634697496	-0.796907916396758	-0.326978563791164
"8"	1.89832225665805	1.7462787030831	3.27643591640078	-0.0807112987674121	-0.477241236269283	-0.36362760346723	-0.782508351917295	-0.603739509523827
"9"	0.586398149545194	1.0818888027345	0.278565188320044	-0.0464591603552951	-0.46809396148597	-0.542750489641058	-0.47340647367211	-0.666134241296258
"10"	0.129625718277219	1.70085705400146	0.983464598536937	-0.154006302475137	-0.41042503407591	-0.517767683727464	-0.713142303706827	-0.969120423711552
"11"	-0.460839836513397	-0.028129207379093	0.107477352102942	3.31320174120118	-0.484328819396948	-0.501540451186437	-0.61982711039605	-0.438475032067766
"12"	3.36642354685812	1.44489910604741	0.523433284764958	-0.185652119190119	-0.4435996058937	-0.51438550715754	-0.883585399240566	-0.619855795822513
"13"	0.00474656787280946	-0.20703365209745	-0.148519120884647	0.120436878145494	-0.50133682385007	-0.494692120240518	-0.848206834814522	-0.897746057967347
"14"	0.523802084179575	0.932680802355802	0.455436275338852	-0.127849557213214	-0.474084017976523	-0.500322181605384	-0.895424623403968	-0.867207459988232
"15"	-0.45744534131157	-0.581095750266133	-0.568661776627049	0.676036492243014	-0.370315313385609	-0.454932768816151	-0.772808384200059	-0.466896161774061
"16"	2.58728137895721	0.800226193182982	-0.339813284902858	1.76582813393048	-0.313463433583177	-0.508932863692827	-0.701957263412727	-0.782547941450853
"17"	-0.136403088379135	1.27434111615364	1.24966938543966	-0.243918165806944	-0.509508519400393	-0.507531262281616	-0.859192612205903	-0.935060554419487
"18"	0.438224320529722	0.738051152895466	0.763525818047858	0.293152454726011	-0.495880896989579	-0.484585213861782	-0.963422149037276	-0.895236465940301
"19"	-0.319259608754687	1.16674442678448	0.942806592900709	0.427895545336299	-0.429353710143978	-0.480262131028045	-0.957902942599716	-0.936087918655559
"20"	-0.323694987100594	-0.205303879575832	0.177402111796282	-0.0579735321273296	-0.480659422006868	-0.508495232872449	-0.693610779563012	-0.907807953500785
"21"	0.0736916627255128	2.13450981553987	1.69673219741387	0.00932526895181791	-0.427692786499814	-0.534149269841623	-0.892283412928095	-0.806004784428648
"22"	-0.235962130343153	-0.581420536225611	-0.496184500329865	-0.114402267436127	-0.447350708044542	-0.52424166290406	0.0904511458598698	-0.109812586225758
"23"	1.81842285036636	0.637712250330303	1.30268251778862	-0.068261644089707	-0.443538632191638	-0.530107098683129	-0.890649833093545	-0.904937607619851
"24"	-0.0863620052668492	0.938547513355694	1.44165578705383	-0.154764920831959	-0.420874707135263	-0.485466389432543	-0.914869674967357	-0.987495342834579
"25"	0.179344878767626	1.08926755265189	1.14736718375798	-0.0654557953726949	-0.412687158422403	-0.53163525819645	-0.652197932894269	-0.886609743347331
"26"	6.13978693435714	0.967336734344855	2.05796630999006	-0.175170715427236	-0.501007565858936	-0.523118016203088	-0.956872790989436	-0.998208163800031
"27"	-0.10610212159465	3.11691174101664	1.75912120606257	-0.0830806821284445	-0.385595323122299	-0.518986544701517	-0.928945907189579	-0.901541815908254
"28"	-0.123785510060437	2.60650788402603	0.807425949133527	-0.183108149686694	-0.451073762292436	-0.527132391890558	-1.00086477636129	-1.03291268454404
"29"	3.15064596724778	3.64104491137812	1.35008764936017	-0.0872167109779659	-0.352754887191808	-0.527172015221593	-0.817153779248432	-0.856502481497864
"30"	0.0917103872557588	0.982759531303334	1.4446788499729	-0.231065300276572	-0.49289318558855	-0.516830325821653	-0.877577434739735	-0.770431317445271
"31"	-0.366613532203778	1.17672388363997	0.846681954575402	0.0103644721803409	-0.402765517622905	-0.537268276526319	-0.877601872642898	-0.971551590987752
"32"	-0.26059815321205	1.14884188600131	0.619338860559897	-0.284154036408897	-0.420010100040026	-0.503817314238405	-0.7738234971007	-0.862933311067169
"33"	1.84234348963108	1.36439815407982	1.28809295326613	-0.254730036196497	-0.461717331724346	-0.501889373056739	-0.648682634516123	-0.963481684125783
"34"	1.14690120341905	1.02134676447788	1.39731753090742	0.589387727048769	-0.490837152355026	-0.486743798313648	-0.826684561482228	-0.915924915213261
"35"	-0.172297460718792	1.19771098381484	0.613906109806781	-0.0174030380857929	-0.503740407185346	-0.496146947021775	-0.856275102535913	-0.957019484656139
"36"	0.059786393919293	4.17842354265689	2.37254010359795	-0.0310789525731551	-0.425216034722064	-0.521415987147617	-0.761999311646937	-0.817729284680003
"37"	0.523757372704314	-0.138157255327584	-0.0900732377825685	0.0286128808732042	-0.480070416044951	-0.416373945182822	-0.547697699289392	-0.311003442044
"38"	1.99467548584584	0.00640576149656011	-0.315628781550274	-0.182019064703202	-0.330243396390587	-0.446085529528504	-0.850592350131028	-0.730011200859662
"39"	0.270198596498295	1.63039604044605	1.14784912132479	0.214484770326822	-0.406948313584345	-0.512723692826104	-0.803675335734365	-0.726858525875686
"40"	1.52887133657511	-0.0903526329119685	0.104410476677795	0.359245780060072	-0.493559018415065	-0.514054327077254	-0.889764429063541	-0.697802155687544
"41"	4.34417408786909	0.232848709781053	1.28888157837546	-0.272413118333044	-0.475220567782955	-0.449651629321586	-0.843922682406076	-0.907164870543854
"42"	0.222223183543075	0.851816961048012	0.374120264066396	-0.297684462444266	-0.463403864323376	-0.532036222650797	-0.601498683023365	-0.940989465583383
"43"	-0.345290629651732	0.592472045918764	0.108353602224412	-0.201890708839018	-0.490623744397809	-0.507619971231692	-0.64614485226452	-0.930551131245889
"44"	-0.453365866308742	-0.581248768604584	-0.529683542473679	0.244912640857975	-0.40785072437486	-0.496685114652241	-0.415469844787377	-0.458747830161247
"45"	-0.0963416065451392	2.07378633261315	1.53554598756939	0.939723919448432	-0.471238985038318	-0.506792021030977	-0.742787360082954	-0.795935046420126
"46"	1.34264804211239	0.184342501307718	0.476422465748069	0.090092143872623	-0.487248240251668	-0.546690941203464	-0.741415077828383	-0.512586421616467
"47"	-0.268248286629234	0.591020488557966	1.20647025445116	0.84280782635638	-0.468489071075331	-0.492858801938933	-0.526812691278056	-0.978727455690087
"48"	0.0485638136287428	2.87305010440257	1.39609078073737	0.85051871431202	-0.457890622182947	-0.524561606517336	-0.983566500598885	-0.917030704200179
"49"	1.20998909501254	2.13045755124097	3.07849101396061	0.0622622814127779	-0.475859572180562	-0.508560286102505	-0.85133112674205	-0.858204298591204
"50"	-0.464964470106239	-0.587111608784847	-0.227377250566379	1.03318985782179	-0.430485382054245	-0.485472303362549	-0.618473626528528	-0.495262394154765
"51"	-0.453613567881689	-0.579084738505861	-0.571015384453318	-0.261580463878921	-0.379132110703747	-0.523107371129079	-0.444814126970721	-0.418664940004272
"52"	0.503413651460488	0.0818867442580576	0.33249838329655	0.114409499420061	-0.439316813060878	-0.4392549403726	-0.511792780025979	-0.796531074526549
"53"	0.994211515402202	0.0872696028043503	0.482205716549774	-0.278091324773694	-0.350669586581294	-0.497773277773181	-0.41731208671817	-0.729454385128661
"54"	-0.167482034833165	-0.514152948863963	-0.385005884917696	-0.155330247388275	-0.478825333048849	-0.499872722924996	-0.621575360391598	-0.165807858329221
"55"	-0.466601804330302	-0.587111971674187	-0.573812374841052	0.0033810264846665	-0.454343172196991	-0.493952878989879	-0.932391651535644	-0.114204372273089
"56"	1.59030490358394	0.745671829039656	1.46601554043071	-0.169099690166205	-0.435755948860468	-0.482000826449548	-0.891736379864972	-0.925853488670262
"57"	-0.151792778164026	-0.130736168320504	-0.405904450314766	-0.186961515258058	-0.364144774736954	-0.485158865072278	-0.633719118425192	-0.719204270193196
"58"	0.0413652661116966	0.0993659141443338	0.46586365178435	-0.108312536516982	-0.476094930670521	-0.511665099355189	-0.785478497071022	-0.984232873199419
"59"	3.652487565579	0.965159398303658	7.74942991147092	5.86548487045359	-0.418946718676068	-0.436167868909931	-0.924342182201302	-0.710075629194816
"60"	-0.460253669072723	-0.587899959869361	-0.58201100910259	-0.354932921259722	-0.4756595784378	-0.532134393888882	-0.382065111001468	-0.706742577283895
"61"	-0.471315288052333	-0.431093627047966	-0.436936848366641	-0.2807038816902	-0.507006158667777	-0.543826233508988	-0.660751199001521	-0.350866742898608
"62"	3.23912997678961	0.767687115678426	0.744730252942317	-0.0247190288145945	-0.496390637138815	-0.485436819782518	-0.984325955435661	-0.650237544299939
"63"	0.409698399313104	-0.252068219216209	0.575482541980302	0.0324371487541688	-0.484799536376865	-0.509287699493134	-0.817943311504486	-0.794037167449673
"64"	-0.267036605649656	-0.46464274654941	-0.462234189373492	-0.288194458561394	-0.473882804759719	-0.515254854868292	-0.359112280414752	-0.35041972181879
"65"	-0.0209625304023555	3.86682256253892	0.922871902637257	-0.299997728830958	-0.473263311946771	-0.487701854974476	-0.81632665021828	-0.943961763640416
"66"	-0.472358853884929	-0.582878444149863	-0.56306691960146	-0.341250355871697	-0.341950347186455	-0.306611404287947	-0.688084053770633	-0.642324486939659
"67"	-0.344284621458356	-0.473781509766768	-0.482620148449502	-0.315668913517084	-0.469486600841062	-0.518603913430187	-0.357514417515595	-0.0493471033241193
"68"	0.287546648899624	2.50828583594536	1.17637106277865	0.452088196496314	-0.429097620595318	-0.52466983143643	-0.873321479911862	-0.843781986910774
"69"	0.105705079012501	2.56592475948038	1.14933874653129	0.366603338918015	-0.446984865832171	-0.48844701015512	-0.855833340440263	-0.826371692223143
"70"	0.0463729513409461	1.06519589308532	0.168070048002622	-0.176432308146663	-0.481910602373177	-0.505366763899745	-0.694174731174479	-0.813353183582842
"71"	-0.47365682801176	-0.587762559683297	-0.57350700167372	-0.333740657661099	-0.445845877077657	-0.535949470135179	-0.487843634925671	-0.535753093016135
"72"	-0.459929957991832	-0.587881272882787	-0.583228120521313	-0.303373060917201	-0.455311434585732	-0.520263362189621	-0.434023852804649	-0.656715428719751
"73"	1.50034541535849	0.847462288965618	1.49909398251622	-0.0905005931800985	-0.507170787663344	-0.520083578717465	-0.878761733123816	-0.934260621960866
"74"	0.145051177242318	0.648961819876487	0.898994086827187	0.42612889984781	-0.47092436073568	-0.502853343647572	-0.235230909762452	-0.990389216140766
"75"	0.696343667212378	1.25534990734986	1.87360328443268	-0.112095236268806	-0.469531721380588	-0.532939871155578	-0.939734301516947	-0.604343380105335
"76"	0.603746201946523	0.0244292653931356	0.998579913132303	0.0509557502864481	-0.48872014541944	-0.527376045806769	-0.996261051373012	-0.438184860489639
"77"	0.842013653613226	0.241134683048941	1.28209063993406	0.268045304724896	-0.501983145091925	-0.534239161577701	-0.911694627394797	-0.620655728281134
"78"	3.69044760807572	0.475561196817823	0.403956580702464	0.271911140735002	-0.473247458784235	-0.506786107100972	-0.676936610250631	-0.897549996090234
"79"	0.479403589245247	1.08987236821889	1.2793742645575	-0.270746236354493	-0.383034427635703	-0.518181067434821	-0.372252352961939	-0.638356194546893
"80"	0.747940709663753	0.294237489831469	0.620697048248177	-0.0815218772856601	-0.508336604846765	-0.474774003983301	-0.865245692835652	-0.962195518211922
"81"	-0.445827958694464	-0.586837808777666	-0.55982479415202	-0.321513392474297	-0.441964291204402	-0.51067155911433	0.270859266368235	-0.117968760313658
"82"	-0.483686953257095	-0.585358853271683	-0.546393632290121	-0.33378222579024	-0.472415777488111	-0.539830782397534	1.817458964043	0.639457483349154
"83"	-0.429513635601173	-0.586800612620296	-0.572903703465087	-0.346521194646766	-0.397448610803115	-0.536467530403627	2.33046694660768	0.0670352269301374
"84"	-0.483961481715199	-0.58682069249712	-0.571130173219231	-0.336118354647959	-0.413355430197	-0.497595859873028	-0.077587635970314	-0.125026987889724
"85"	-0.458666411700952	-0.5875301834943	-0.579296824351336	-0.345503606845396	-0.479313122665343	-0.540415078682039	0.473505878755457	1.07471485053994
"86"	-0.472124118639808	-0.585194645845243	-0.572271489002446	-0.321550803790524	-0.464456270420963	-0.512333373445766	0.995781466135253	0.453747673347752
"87"	-0.426737052987455	-0.587254526703329	-0.457121269914713	-0.335368257757611	-0.449949407226417	-0.5003399233954	2.17030468895099	0.26364607729902
"88"	-0.485193729973396	-0.587870458780449	-0.578740843649263	-0.35530848930651	-0.475335198342831	-0.517723920645426	-0.256247506483131	-0.411504760252106
"89"	-0.4778239375061	-0.586715212662236	-0.531983699042539	-0.336645438525466	-0.459664956912946	-0.523946557796805	1.89246452836814	1.30991067832465
"90"	-0.448557594259157	-0.587672121611563	-0.572074770850176	-0.321172533815342	-0.478975328355921	-0.536733657253857	0.439950757873157	-0.541187928249707
"91"	-0.479883348056629	-0.587480618858584	-0.585558507719363	-0.337884792295803	-0.44966648924885	-0.547942328792546	0.332123209760624	1.60368979499072
"92"	-0.468440787307794	-0.586446009253364	-0.577466337847584	-0.343130482352741	-0.412095713512403	-0.52954054418864	0.37607383868097	0.0620160428760456
"93"	-0.465135267941736	-0.587918795035748	-0.582539387925837	-0.304996296360153	-0.308829432226479	-0.53426104311872	-0.66507482802277	-0.621518400540431
"94"	-0.429656712322009	-0.586932583377015	-0.559718767887322	-0.338686641506931	-0.454777304955671	-0.526954382597404	0.0240552428031286	1.16286427048993
"95"	-0.473975620830372	-0.587604140341833	-0.514809196661719	-0.346732568583447	-0.443354491611411	-0.527397927347788	-0.277395691913151	1.95228781249758
"96"	-0.484319620632041	-0.587074473109033	-0.564601233564155	-0.345076909999764	-0.501970950351512	-0.506862988191038	-0.464007280147656	-0.0542094378765209
"97"	-0.48186093660743	-0.585752043871789	-0.562580162658983	-0.349095508884463	-0.424407523432724	-0.535047004416399	0.940702192081954	3.29703701523999
"98"	-0.473395265881482	-0.587193924183515	-0.583270180527143	-0.350495731314575	-0.358888841619226	-0.518189346936828	0.518546814124639	0.521271383825458
"99"	-0.467384255147372	-0.584356673877166	-0.573680499197771	-0.294317443983851	-0.440969200386753	-0.49588673410155	4.39452984457772	0.435004157895753
"100"	-0.479943708548231	-0.586626002366103	-0.570666636904973	-0.326701094991084	-0.462623400936985	-0.52554923282819	2.38329041421511	0.611616696799113
"101"	-0.422324030379179	-0.587267227830236	-0.559529497861084	-0.261464073117326	-0.486521433723091	-0.515503239928506	-0.596385521746062	0.950646894702854
"102"	-0.473202112308354	-0.585469897409784	-0.504040082668847	-0.29509268959233	-0.456912604001875	-0.502386143177168	0.641168692844663	0.730743893332951
"103"	-0.466366174855676	-0.585858068040684	-0.551361970478858	-0.323475408169749	-0.38683918664436	-0.45066291135246	0.0880261539305608	0.077308869290857
"104"	-0.457873677244572	-0.5869541148112	-0.585696955238556	-0.313667408098949	-0.427318407969155	-0.55485453018252	-0.184644450213842	1.51577564929327
"105"	-0.480856716873064	-0.587915406254127	-0.586854218773982	-0.341597865431315	-0.480310652431075	-0.54202366764343	-0.477560917209918	-1.00807399745636
"106"	-0.479766203991445	-0.580524199555319	-0.549721630251465	-0.332377223025277	-0.489784746257439	-0.533343792574927	-0.181956280865848	2.29853308747908
"107"	-0.465083849745186	-0.584598237214625	-0.571553840152962	-0.332528946696641	-0.467873236684507	-0.53426045172572	-0.0582628940840372	0.898729709643341
"108"	-0.477803817342232	-0.586772246770204	-0.581547034663272	-0.326094200305627	-0.438315624873023	-0.541979904561392	0.245876209980237	-0.486149438106555
"109"	-0.464265629747907	-0.583693372644838	-0.524504904255789	-0.313293294936681	-0.461322222134986	-0.509518342763333	0.816256869818187	1.12804368111467
"110"	-0.473136833554473	-0.58709394817029	-0.576213300173881	-0.337961277653422	-0.375193209550554	-0.49824639217359	1.2995634008456	0.102404789561317
"111"	-0.411374190087722	-0.587778309080661	-0.583280695528601	-0.214577301852827	-0.467504955524053	-0.545739389865642	0.0995495651915409	-0.146044821116234
"112"	-0.483656549453918	-0.587772309310237	-0.586427353527307	-0.353885404405371	-0.451201807066766	-0.552939599646865	-0.5398211751159	-0.757420651280055
"113"	-0.457507490262183	-0.587734266411073	-0.57317928412829	-0.320640461762338	-0.477898532777509	-0.537410210846442	-0.330670320809755	-0.115929716791683
"114"	-0.47253546421221	-0.587406613625806	-0.557884338258023	-0.324377436572107	-0.419723523640336	-0.501735610876606	0.979426869402704	0.503861089137826
"115"	-0.460528644645579	-0.583619040811653	-0.531988080293147	-0.307922692651674	-0.448862855855675	-0.515562379228558	0.00298225092130331	1.50330611390888
"116"	-0.419775476289293	-0.578309364948968	-0.544163575730978	-0.329012282971319	-0.419723523640336	-0.49426631728015	-0.0232978941730694	-0.726238970344009
"117"	-0.471073846085923	-0.58330937524135	-0.566685394478072	-0.311553668732133	-0.480780149936951	-0.510452743704141	2.82260871954808	2.79017785052755
"118"	-0.488242158356702	-0.586224646755843	-0.557762539491139	-0.344855559712089	-0.508670740734064	-0.524007471275857	0.614061418720138	1.77951808638563
"119"	-0.474933787745219	-0.582329513541254	-0.569299686715479	-0.321991425959418	-0.457293079902741	-0.538459933422349	1.4164893682898	2.15297674991041
"120"	-0.481088322314917	-0.586411232358262	-0.564314261649373	-0.318329273782103	-0.485351958117545	-0.507010836441166	0.142955040887468	1.29861751420295
"121"	-0.464236120174234	-0.586713216770865	-0.568007655911371	-0.352973607492665	-0.432298739953564	-0.506206541960471	-0.483162836550493	0.747840489017202
"122"	-0.426441957250731	-0.58573426229412	-0.583421771798158	-0.302872164961052	-0.409812858107209	-0.526054282450626	0.926979369536252	0.102012665807091
"123"	-0.355207634864657	0.572876021547991	0.18931911344828	-0.00200204623908243	-0.419791814186645	-0.517121882570905	-0.863488043646579	-0.966203022980111
"124"	-0.464244168239781	-0.583874756833381	-0.547058268007256	-0.260264832591611	-0.48956889935214	-0.506786107100972	-0.325745143402941	0.25517620420774
"125"	-0.470240424187055	-0.579258925389156	-0.558702755871477	-0.294302895138652	-0.40604590279383	-0.419597037035608	1.17774985276868	1.72493445979738
"126"	-0.488242158356702	-0.587629312765731	-0.583413885547064	-0.350813727502503	-0.476468089727139	-0.536763226903883	0.845300377808749	0.381753752071871
"127"	-0.459692092943443	-0.587036611654539	-0.570935645692265	-0.338953716736661	-0.45454926330996	-0.533735294741266	0.263527895419161	0.349599604225344
"128"	-0.450053193106643	-0.586052818653258	-0.549690523372153	-0.286429891479362	-0.496127230745908	-0.509955973583711	-0.231471232352671	0.67780718651245
"129"	-0.464160557781043	-0.587436019758674	-0.580172636347745	-0.322434126534769	-0.461229542107852	-0.524028761423876	0.327498806546593	-0.398141182708086
"130"	-0.451861325166204	-0.58689327036516	-0.57201124271637	-0.309308989758524	-0.494129732266364	-0.505017842029443	-0.0951453294739937	0.518055969040805
"131"	-0.479307464255265	-0.58785651778163	-0.579359476235021	-0.352902110310542	-0.469646351940464	-0.535136896152477	-0.0987358214003349	-0.200628447704484
"132"	-0.475344686202869	-0.587130902401434	-0.578164709194396	-0.274080000311595	-0.469541477172918	-0.510541452654218	0.657072128288039	0.773485382543578
"133"	-0.470998283692732	-0.583807864231671	-0.575105720020342	-0.304715711488452	-0.470031705737495	-0.528952699546132	0.134589758650705	-0.499630652776842
"134"	-0.466405073839153	-0.586803394771904	-0.522861935278032	-0.333177409511239	-0.428456177249628	-0.508743617932664	0.0902443636023317	-0.135771178755515
"135"	-0.479983501761214	-0.587470173693742	-0.573951260485305	-0.322234599514892	-0.445066633165307	-0.34961750328512	-0.74353929556491	2.51176998502714
"136"	-0.450332192712273	-0.587759711001976	-0.578503817991405	-0.346687467163329	-0.494134610162528	-0.515231199148271	-0.548581223480691	0.0107262558232935
"137"	-0.470484995956734	-0.587477854851443	-0.584831658243604	-0.346386721748995	-0.424361183419157	-0.540965074172515	-0.275346667724821	0.36434345738424
"138"	-0.464890249057305	-0.585816517211232	-0.544295013249199	-0.299027113015517	-0.444687376738482	-0.510778009854422	0.261967629294101	-0.241801441898207
"139"	-0.475325907383259	-0.585030256974133	-0.561081336826208	-0.341006766634931	-0.455538256757402	-0.50298936403769	-0.0378478457489237	5.42273988689877
"140"	-0.457531187344071	-0.587044050886013	-0.575972769515537	-0.337542270911681	-0.482463024113857	-0.531961707132733	0.411358411171769	0.415633244436992
"141"	-0.468466272848692	-0.587806783797556	-0.585328053937416	-0.351838381885826	-0.415127325978916	-0.548767913421259	-0.155638538997378	-0.0233100860435175
"142"	-0.47413613502656	-0.586767650171894	-0.420840133635229	-0.270773255638435	0.221019843950245	0.886370212063229	0.791687377945265	1.07455800103825
"143"	-0.488242158356702	-0.587012419031859	-0.582513100422193	-0.345531665332566	1.06346909585746	1.16408836510328	1.34486751363346	0.333287256049546
"144"	-0.471051937463045	-0.586316215832686	-0.570101017451564	-0.340834466739642	0.355332714852002	1.01836912977732	0.19557172623736	0.0207646239314774
"145"	-0.473294665062145	-0.587863497353273	-0.57850688486683	-0.354279885950918	-0.0149849672502	0.210112315978693	-0.472748530125398	-0.535070797683782
"146"	-0.383653075425805	-0.576795511584769	-0.478076791569678	2.45170226475564	1.23809777856249	1.23824904736738	-0.213481175946866	-0.395506111079688
"147"	-0.480363549300934	-0.585321959522096	-0.529942036259513	-0.330379874420055	0.50462072698014	0.798134376386961	0.378404838675034	0.780386760617954
"148"	-0.488242158356702	-0.587853729581866	-0.574586979948432	-0.323392271911467	-0.493668771078776	0.249439950512687	-0.716037255312358	-0.17804211946107
"149"	-0.47710318852489	-0.58619609946108	-0.576420095202548	-0.335305489882609	2.32379551747509	1.99937183902527	2.55285186539626	0.965390747861749
"150"	-0.488242158356702	-0.585299460383004	-0.529766786235219	-0.324525003430557	0.507120648764674	1.73454605339637	2.40227678513451	0.597186542643598
"151"	-0.481505927493856	-0.587571353289946	-0.550685067260022	-0.345057372979068	-0.455054125563031	0.944326726113325	2.60097573624146	0.869320428076396
"152"	-0.488242158356702	-0.587592775857329	-0.574231660524176	-0.346815497001083	1.97087972994133	3.59370822910337	2.47653041397769	0.214395333768243
"153"	-0.44418034083109	-0.581182238892214	-0.570800265048497	-0.289108957402494	0.828964237727737	0.880160585557862	0.83272425687303	-0.314759987609484
"154"	-0.482831175620597	-0.587668365706892	-0.573204257256752	-0.279722873842475	0.0713172106480873	3.04252995262695	-0.433535094741377	1.60776788203467
"155"	-0.475393868825656	-0.580419566462228	-0.567830653386834	-0.229402575110936	0.801404124395799	0.537270923861479	1.1566956592739	0.935667767291424
"156"	-0.485972603872446	-0.586562859620908	-0.551510056749386	-0.348631816403896	2.74463600910571	1.27107135889575	1.99999130228789	0.268273137598886
"157"	-0.488242158356702	-0.587448781367138	-0.565002994244849	-0.333154547040212	3.09206416345391	1.72709450158993	1.57289194853671	0.620478693644619
"158"	-0.458223320981114	-0.581333442783964	-0.561867333185167	-0.315317662825844	0.741649896375224	1.40366166961036	-0.380523643263458	-0.77827379252979
"159"	-0.479447858287585	-0.587576675666935	-0.526064629472006	8.08875625755563	2.16197131220305	1.91764132635463	-0.284595474152883	0.576011859915398
"160"	-0.475405940923977	-0.585704263441997	-0.568560569738019	-0.316238396886315	1.44528641816852	-0.0372437204151138	-0.254405264552338	0.107580823117099
"161"	-0.431132191005627	-0.585950725785549	-0.580552490775403	-0.304029837357627	1.03907961503274	0.445664148082297	1.07153896594235	-0.0587580734255417
"162"	-0.451870267461256	-0.578817410025247	-0.567756172126509	-0.272687467985374	4.96749329147109	1.598762220479	-0.188780095364602	-0.0135854169387143
"163"	-0.483008680177384	-0.586282950976501	-0.560000482301374	-0.287088746326246	0.709699676494835	1.2339910177637	0.184085911750478	-0.562841001958063
"164"	-0.486304810133636	-0.58789830509397	-0.578664609888695	-0.343409612339922	1.7461306641415	2.16389737176748	0.419892878891973	1.70721046610637
"165"	-0.48576111859446	-0.587425217752647	-0.555367309784099	-0.344483109274986	2.2634315524339	2.30263816968741	1.20820323978791	0.315092713853462
"166"	-0.465753627644598	-0.586172027801514	-0.559847576655178	-0.318002963968347	0.376636926352399	0.829773901914309	0.24134579870145	0.337443767844341
"167"	-0.484282510107574	-0.584522211897853	-0.556612461206709	-0.315521346658634	0.939570533267862	0.580974866599255	3.85652000723799	0.764701810448917
"168"	-0.475386267874862	-0.587819872006426	-0.568259139696233	-0.309061659390135	0.774331800680354	0.984482310848034	0.122521194165306	0.151341834088713
"169"	-0.486370983117023	-0.586520945902115	-0.581386242765982	-0.34036038222679	1.44589615518914	0.816112723602501	2.73406831654773	1.11565257048113
"170"	-0.446432904954747	-0.584670996527335	-0.524036110440802	-0.328579974428254	1.02395813692141	0.796537615285581	0.394928620891024	-0.543642622951161
"171"	-0.475299527612855	-0.583598719008602	-0.548486117580192	-0.256746090459832	0.174435935575022	3.68336340798086	0.197000403653077	1.57718222920505
"172"	-0.473387664930688	-0.572765625461853	-0.560734341778106	-0.194439621690509	1.81417731564248	1.00937995616956	-0.146427329343413	0.4928816240195
"173"	-0.47581057977509	-0.586923027291056	-0.56306691960146	-0.348312157490802	2.11355819276597	0.620775615533658	0.724520741019519	1.47515162835546
"174"	-0.447984393146309	-0.578668625395765	-0.536404380905358	-0.206307322560241	1.30077874428203	2.01344699243744	0.132841508655156	-0.768086417395
"175"	-0.481857806804161	-0.583167848398672	-0.556081453633098	-0.330296738161774	2.42208512519873	0.435019074073096	0.318062016248041	-0.0517782706003202
"176"	-0.432925121163599	-0.582269152947668	-0.565690850590203	1.01126266969995	0.423659845382468	1.00541762306613	-0.520778409035356	-0.431840298146263
"177"	-0.439108718192217	-0.438865507083905	-0.451338019113008	-0.303811604679637	0.679346967608465	0.494335792024367	1.10236832070256	-0.196236661657154
"178"	-0.481487148674246	-0.585724101392594	-0.566029959387212	-0.344503685498911	2.2035553770092	1.59663320567716	2.13270791485318	2.63544581711
"179"	-0.481775537689681	-0.584719865625149	-0.511159614905794	-0.345495708900859	1.53430802317877	1.3632103883754	1.8328736414231	0.302466328967387
"180"	-0.449796102123891	-0.586483628781632	-0.12604330526893	4.78658407860105	2.77731791341084	4.07604836032029	-0.324072086955589	0.31838655338896
"181"	-0.462598785950171	-0.586824200427409	-0.547080612385353	-0.348070230979202	-0.428636659407731	0.411954747053159	0.974727272640477	-0.300463155530407
"182"	-0.471388614871762	-0.587659698699817	-0.552321902486929	-0.340348119628693	4.14544584027376	2.15023619345568	0.23910879064263	3.16481288531501
"183"	-0.448893824553121	-0.582510897729797	-0.568327925330769	-0.337726002042484	5.24589921508532	4.30355724761694	0.182544444012467	-0.124321165132118
"184"	-0.468192191505342	-0.583951084557936	-0.521757860124979	-0.331784877185018	-0.42827081719536	0.550991241473338	1.5112332390163	0.710196608611512
"185"	-0.47940582950084	-0.586229364317265	-0.567167332044881	-0.326237610351163	0.497791672349217	1.02162179128014	-0.213030014657692	0.486686068702731
"186"	-0.485155725219424	-0.574346008538422	-0.564801894841972	-0.276395345104744	-0.242746133931888	1.67528847474515	-0.460755159188195	1.55490959996502
"187"	-0.477655822359118	-0.583306895497525	-0.548166724410916	-0.349127516343901	0.898596205482325	2.00682339083171	0.0475156298401652	0.19212270452821
"188"	-0.467809014162353	-0.587333394653266	-0.554605848428542	-0.337020383050317	1.14468606700379	2.85192398856219	-0.193686474384367	0.536956333994495
"189"	0.159940098504284	-0.453695584786725	-0.269459162649996	5.17524608606864	0.306956179636162	0.564238444684789	-0.275064691919087	-0.0957745558244698
"190"	-0.473101958603769	-0.587842250182405	-0.581706074060319	1.03574629776395	0.33869908892954	0.962482491229019	-0.669454852205166	0.422142498757142
"191"	-0.472333815458782	-0.58460676511412	-0.571363255751542	-0.330134622458124	2.13575262031647	2.57042092031887	0.117539621597345	-0.785324177630772
