"N:GEXP::FN1:2335:"	"N:GEXP::LLGL1:3996:"	"N:GEXP::RET:5979:"	"N:GEXP::C15orf43:145645:"	"N:GEXP::TMEM215:401498:"	"N:GEXP::AGPAT5:55326:"	"N:GEXP::C17orf28:283987:"
"1"	-0.0873428267820911	1.20944252605373	0.693434682058259	-0.104155594969151	-0.348900712139179	0.135725107787508	-0.15207026850142
"2"	1.31591091211055	2.54766951231453	-0.316452570774092	-0.104155594969151	-0.482153842891883	0.0470809737749705	-0.389167712429313
"3"	0.167689354601721	0.933535506172353	-0.324640240770732	-0.104155594969151	-0.423725286680593	-0.494112373174561	-0.951718729158997
"4"	0.308751831982685	0.260706880853343	-0.326386346744042	-0.104155594969151	-0.241234220552372	-1.09858357006461	-0.360686882759327
"5"	1.39550120898146	1.43053186119408	0.207267291348664	-0.104155594969151	-0.0674682249985814	-0.539330531737721	-0.732831534380711
"6"	0.211859296661576	1.01589193301077	-0.314261543567199	-0.104155594969151	-0.374576320645885	-0.948775443117557	-0.556993368592099
"7"	-0.890487133954118	-1.13176623135024	-0.352596124947573	-0.104155594969151	0.0467450671383476	1.073450457015	0.316916488097579
"8"	0.595884589092799	-0.490321380044099	-0.257918845213696	-0.104155594969151	-0.360203735311185	-0.226387788023167	-0.503345974597354
"9"	-0.084557588397425	0.247093389476898	-0.163631920901736	-0.104155594969151	-0.424733286130374	1.56432481653906	-0.930485578650554
"10"	0.772086084074246	0.635285733268568	-0.333919506825366	-0.104155594969151	-0.220258879107292	0.0527332435953656	-0.589771817061393
"11"	0.479748588568544	-0.310306338541457	-0.326948794341214	-0.104155594969151	-0.468842254916178	0.395453799046636	-0.846099284091272
"12"	-0.206995542438501	0.151409250661163	-0.301235704936181	-0.104155594969151	-0.482025145103291	-0.636751767666481	0.0556722537973058
"13"	0.788319241124269	0.613722378607406	-0.317317229020491	-0.104155594969151	-0.462125189589844	-1.02804508084261	-0.794418597004685
"14"	1.35270981925341	0.476288467574215	-0.254893940474677	-0.104155594969151	-0.471820689452168	-0.310988021676396	-0.249895726933113
"15"	0.362177768270369	1.25958382062728	-0.25100437748926	-0.104155594969151	-0.44109788941024	-0.3956342087428	-0.0972938390593996
"16"	1.20106906275493	1.50509430442003	0.0460882784277904	-0.104155594969151	-0.346862331015515	-0.241322647304698	-0.36283569215898
"17"	-0.539170386961244	1.15150724786772	-0.359538854964204	-0.104155594969151	1.21363432709583	-0.111825928980525	-0.557831040052981
"18"	0.470492594340714	0.742842707120629	-0.345740420404931	-0.104155594969151	-0.27003534678203	-0.0113717677822851	0.276781098971844
"19"	-0.0487152277705109	1.53133404924867	0.294852414689348	-0.104155594969151	0.422342768540775	-0.233510567065128	0.065032321860204
"20"	1.71352479181242	-0.163727486736304	-0.354111375563834	-0.104155594969151	-0.450133913026672	-0.509736533653701	-1.10872749732692
"21"	1.03508010851725	0.919766135123659	-0.35684610211466	-0.104155594969151	-0.467719946250443	-0.322889955688448	-0.274443142786784
"22"	1.18022197545152	0.558385094958881	1.11496257279438	0.0122884810047438	-0.483280867811982	-0.276752728861808	-0.410983590910543
"23"	0.23093395953838	-0.0184216522545203	-0.184380920568547	-0.104155594969151	-0.467191565888584	-0.684681177606904	-0.350197779249153
"24"	-0.704455998172485	1.6207050613383	-0.244154269440123	-0.104155594969151	2.07798786004419	-0.243068877005308	-0.498319945832062
"25"	-0.359002037310728	0.796101595139163	-0.348679698793336	-0.104155594969151	0.0299344181067154	1.08195183845218	-0.38326759170484
"26"	-0.441574508613705	0.502788011856607	-0.338475612187133	-0.104155594969151	-0.296022707695885	-0.6587634525768	-0.845480135620185
"27"	0.348195308904925	1.83477981122743	-0.301353231299769	-0.104155594969151	-0.44700839530372	-0.794463881679455	-0.423111616844182
"28"	1.07927818429817	0.634506334907321	-0.312540621814659	-0.104155594969151	-0.474899843996621	0.0224499443137368	-0.343095782080806
"29"	2.54223167927425	1.24243705667985	-0.189414966475572	-0.104155594969151	-0.292737316943626	-0.761101703715172	-1.05409674987809
"30"	0.154522773146936	1.7072182794367	-0.251225438982676	-0.104155594969151	1.11515254104271	-0.298948227424823	-0.636754259867381
"31"	2.33798086439875	1.55913259079981	0.0846481186717079	-0.104155594969151	-0.46097730123942	-0.510150114372267	-0.299755389104739
"32"	0.953464183730224	1.32193568952702	-0.183026569140531	-0.104155594969151	0.284788014125022	0.593283242760462	-0.935730130405642
"33"	0.57340574596807	0.179935230682797	0.000392908966021781	0.171188504029328	-0.377214225629451	-0.487219361198469	-0.0326110340799928
"34"	0.517954181764265	1.74566859859155	0.719766183995506	-0.104155594969151	0.694046981848041	0.612997257012084	-0.466779794304942
"35"	2.14188882862984	0.666201868264692	-0.347570753605479	-0.104155594969151	-0.419556597441413	-0.663588560960064	-0.364583876077343
"36"	-0.0223257974188268	0.891967593572522	-0.216182994906146	-0.104155594969151	-0.0946786145866348	0.280845986590821	0.196801684706766
"37"	-0.0164458497178653	-0.00478218093270087	-0.329601532262203	-0.104155594969151	-0.448875712286026	-0.0377949803573026	-0.372997011184461
"38"	-0.506844741466484	1.09539056585794	-0.133318513836253	-0.104155594969151	0.45072023124277	0.664097452461508	-0.730682724981058
"39"	-0.614821962884142	0.453685915098057	-0.0862575999594606	-0.104155594969151	-0.258796272821747	0.558542462400961	-0.901239918516284
"40"	-0.0795779197702949	1.38013076716678	-0.287504708123633	-0.104155594969151	0.101117884405662	1.18585250563846	-0.116159657178394
"41"	-0.336044920928026	0.156293480391643	-0.258195871642153	-0.104155594969151	-0.421907530337373	0.549535593418868	-0.615703211850434
"42"	0.979094003613362	0.581247446888788	-0.343471881763005	-0.104155594969151	-0.435850856588384	-0.654168111259406	-0.819548740831144
"43"	0.0255015283784683	1.62590105041328	0.301484259491821	-0.104155594969151	0.2646759870382	0.222531105273087	-0.721322656918159
"44"	-0.07535786161171	1.42143888031287	-0.115535655726667	-0.104155594969151	-0.456984472332477	0.228413142159351	-0.0252176729252521
"45"	0.188423907020901	0.678412442590892	0.401493598411822	-0.104155594969151	-0.0117045123762958	0.603622760724599	-0.375255082079013
"46"	-0.779249495603137	-0.243070239911231	-0.227440341589839	-0.104155594969151	0.88509525186992	0.336725337010336	-0.549891371423752
"47"	1.57004281442053	0.0506070626065734	-0.0372435098497032	-0.104155594969151	-0.34241786080078	1.22725653090818	-0.779522613200306
"48"	0.173456767418454	0.480185459380449	-0.258783503460094	-0.104155594969151	-0.207652890746434	-0.584227016408663	-0.720120780474285
"49"	1.14851527182002	0.0203404262448217	-0.293336254355006	-0.104155594969151	-0.279244033270114	-0.0965693958067765	-0.706026047632489
"50"	0.623596304334173	0.589301229955005	-0.283743864488813	-0.104155594969151	-0.288820427725604	-0.341730855089764	-0.515364739036095
"51"	0.48700708860131	0.890408796850029	0.0997306686655188	-0.104155594969151	1.67310941332418	-0.017115944429028	-0.424714118769348
"52"	0.247757924730605	0.5537087047914	-0.0288487695934076	-0.104155594969151	-0.33330509813028	0.207826013057425	-0.790630865181567
"53"	-0.444050276066741	2.06885911905523	-0.000334635189523805	-0.104155594969151	1.21139610468553	-0.207133307903284	0.322015357859469
"54"	2.71187801724937	0.552149908068906	-0.255492765279626	-0.104155594969151	-0.484600459795883	0.0275048197628707	-1.09474202598002
"55"	-0.75010577395995	-0.864718372841699	-0.309479339867863	-0.104155594969151	-0.334448190289825	-1.33202690898824	1.4859052220075
"56"	-0.660570206695308	0.420171785564444	-0.344435038295077	-0.104155594969151	-0.322066024169997	-0.782194320362012	0.0267907986460276
"57"	-0.586631974384795	0.686466225657109	0.0794713621803256	-0.104155594969151	0.312589933921512	-0.360158173772516	0.550590405185346
"58"	0.603311891451909	1.36350360212685	-0.215024520750778	-0.104155594969151	0.290503474922748	-0.528899106947236	0.368852118672261
"59"	-0.473618816897893	0.739205514768145	-0.348596870689473	-0.104155594969151	-0.461456920327341	0.0415206107809237	0.0106565178994753
"60"	0.554978158675583	0.0144169986993459	-0.309042813374535	-0.104155594969151	-0.0821125944831037	3.5467091074498	-0.352565111638602
"61"	1.93060458349002	1.58667133289719	-0.209176185038892	-0.104155594969151	-0.391019261710111	-0.617267520480729	-0.591228636993361
"62"	-0.738390892511719	1.88466130634723	0.128524627744612	-0.104155594969151	0.687332314617147	-0.678569373654769	-0.914387718402301
"63"	-0.310668304534402	0.589820828862503	0.242189410814854	-0.104155594969151	0.00791190831967446	-0.446826311018573	-0.268215237577618
"64"	2.03638737466522	0.714524566661995	0.131546734236879	-0.104155594969151	-0.383177489622602	-0.668505576169676	0.239959975191337
"65"	-0.631837237379557	-0.144086648032884	-0.182349393426523	-0.104155594969151	-0.0932557446258024	-0.593463652456626	-0.153964134412979
"66"	0.193966250069176	0.0417738811791094	-0.246944121451965	-0.104155594969151	-0.357933538295025	-0.927590919644369	-0.00176287202055707
"67"	-0.879650305940083	-1.11713952210417	-0.30554220668766	-0.104155594969151	-0.0649102565296692	-0.324406418323188	-0.126430237698772
"68"	0.595321914671655	0.210513626389047	-0.256872300928411	-0.104155594969151	-0.0817368928642322	-0.578344979522399	-0.406868074602732
"69"	0.666556496388567	0.866507247105126	-0.27860628345196	-0.104155594969151	0.0462574543989612	0.0468052532959271	-0.818055500400876
"70"	1.41941487188011	-0.00945857110018201	-0.20742728081883	-0.104155594969151	-0.372330104584122	-0.561617937127084	-0.438298964634955
"71"	0.187326691899669	0.498891020050373	0.620372459360967	-0.104155594969151	-0.380955254515235	-0.377069029820527	-0.486956750362707
"72"	1.93116725791117	0.931197311088612	-0.334067813903228	-0.104155594969151	-0.48118085563552	0.145007697248644	-1.07911763220965
"73"	-0.259774403141869	0.138679077427465	-0.23464302872974	-0.00108090324316912	0.0555540710531639	0.317378950064106	-0.469402070182485
"74"	-0.89089591692108	-1.18889613122963	-0.350592860097745	-0.104155594969151	0.0287513576898435	2.26644701642374	-0.381592248783076
"75"	-0.900369947487103	-1.5519398878984	-0.358535963328252	-0.104155594969151	0.147089373982893	0.350603267788867	0.346854137699535
"76"	-0.883221319153877	-0.961026030346432	-0.347249235053663	-0.104155594969151	-0.328812666006753	1.26153777713595	0.566324060450608
"77"	-0.355035182641658	1.62901864385827	-0.0398178968616338	-0.104155594969151	-0.260147199919392	-0.370405784910305	-0.605068426347063
"78"	-0.3098805603448	0.303651730558043	0.150686742021233	-0.104155594969151	-0.41548543075011	0.0291591426371327	0.306900851065295
"79"	1.09303557389515	0.750636690733098	-0.317389983436045	-0.104155594969151	-0.34790150570601	0.315265093058104	-0.856260603116753
"80"	-0.123157053687948	0.185416999156899	-0.0246234169977389	-0.104155594969151	-0.293768497982656	-0.621495234492732	-0.823190790661065
"81"	0.922995363825241	1.14137506917151	-0.350592860097745	-0.104155594969151	-0.209859138550871	0.510842819526408	-0.633148630535758
"82"	1.12015648099433	-0.228339610883666	-0.292695455848776	-0.104155594969151	-0.459655151287051	-0.624022672217299	-0.707009401086568
"83"	0.447282274468497	1.56536777768978	0.217117119916051	-0.104155594969151	0.281086953496565	0.425415424436047	-0.959767659283124
"84"	0.207357901292419	0.180870508716293	-0.312316762074491	-0.104155594969151	-0.259811466557847	-0.406800888144068	-0.456472793286264
"85"	-0.571383497571775	0.346908339607242	0.264967139376936	-0.104155594969151	0.126050083326091	-0.0946853058666444	-0.321316324097875
"86"	0.238136192129031	0.611903782431163	0.0481589810243433	-0.104155594969151	-0.262857047766146	-0.666437672576848	-0.637227726345271
"87"	-0.33508837441208	0.391074246744562	-0.348192524033795	-0.104155594969151	-0.436770925872045	0.482167889705867	-0.240681340863411
"88"	2.69105906366701	0.884173609960054	-0.193097459201334	-0.104155594969151	-0.369372453541942	-1.0338811643157	-0.510193028277607
"89"	0.00558285386994775	-0.296069328476015	-0.275094483778076	-0.104155594969151	-0.178452081943509	-0.533356588025108	-0.906921516250962
"90"	0.15469157547328	0.500969415680365	-0.18378489401035	0.0146036670574312	-0.446502397165963	-0.270273297604282	-0.288027988652392
"91"	0.547325786548016	0.143199587922696	-0.317790132721595	-0.104155594969151	-0.254735497877349	-0.488735823833209	0.0652872653482987
"92"	0.148136418466945	-0.133097131139303	-0.357476547107908	-0.104155594969151	-0.447625505196845	0.160080416769697	-1.151339480337
"93"	1.47323468026259	0.703612989604539	-0.339095703667398	-0.104155594969151	-0.343177257689988	-0.69465306826565	-0.576587596677077
"94"	-0.303831810317495	-0.345015545562316	-0.259860828459652	-0.104155594969151	-0.252497275467051	-0.803286937008852	-0.405447675169063
"95"	1.82493432719906	0.918207338401165	-0.287552278318419	0.00863635652726515	-0.287397557764772	-0.595807276528497	-0.196102650945171
"96"	-0.574506340609128	-0.704318190097102	-0.314804403437106	0.0500162311872688	-0.361522687802968	-0.992017604914237	0.89072143880172
"97"	0.41096164058361	0.407441612330745	-0.358536802802278	-0.104155594969151	-0.477832714719258	-0.929980497129414	-0.498793412309952
"98"	-0.123860396714379	1.24971144138482	-0.325247460315938	-0.104155594969151	-0.272985004172745	-0.186270458322314	-0.874143067781668
"99"	0.77875377596481	1.10474334619291	-0.343896095970623	-0.104155594969151	-0.4789534246547	-0.292009262035558	-0.43065065999212
"100"	1.89650651356866	0.728293937710689	-0.310173305062383	-0.104155594969151	-0.389604385400744	-0.153275907663422	-0.563840422272351
"101"	-0.425875892263769	0.722318550274463	-0.161673148175268	-0.104155594969151	-0.35268170928229	0.135449387308464	-0.384797252633407
"102"	0.0635664529689038	-0.402483184731582	-0.121988412737006	-0.104155594969151	-0.367126237480178	-0.7903280744938	-0.663159121134312
"103"	0.348476646115497	-0.616012355767837	-0.354103820297603	-0.104155594969151	0.468626010525155	-0.285483877364858	0.633374197819463
"104"	4.45026064137576	-0.128160941518074	-0.351687254402491	-0.104155594969151	-0.472278725681133	-0.629766848864042	0.149600718910983
"105"	1.27463874331959	0.955618459741013	0.0762813608829333	-0.104155594969151	-0.279060179286411	0.263199875932027	-0.67251918919721
"106"	1.71065515226458	0.217684091312518	-0.338327305109272	-0.104155594969151	-0.359260484438273	0.504868875813795	-0.861832939356533
"107"	-0.234032048374501	-0.501129037320055	-0.270163973000879	-0.104155594969151	-0.484793746288315	-0.340995600478981	-0.170389779145925
"108"	-0.250743478682497	-0.218077532460582	-0.337742751362758	-0.104155594969151	-0.220746491846679	-0.695618089942302	0.953073331889978
"109"	2.26370784080765	-0.788207433712636	-0.311866244347403	-0.104155594969151	-0.447493609947667	-0.365167095808476	-0.861577995868439
"110"	0.585587647185852	-0.461016001661218	-0.333271992526931	-0.104155594969151	-0.47731792356489	-0.00879837664454452	-0.789574670730889
"111"	-0.148899408455316	0.0359283934697582	-0.11379234800011	-0.104155594969151	-0.417483044251301	0.136644176050986	-0.812046118181505
"112"	0.13730493585991	0.207084273599561	-0.349915124734387	-0.104155594969151	-0.414882709429622	-0.397058764551192	-0.616395201318119
"113"	0.0577146389889995	0.37938327132586	-0.332799928299852	-0.00104829498890592	-0.359740103526195	-0.0897682906570328	-1.3692797421595
"114"	1.10462666697073	-0.0127060642720438	-0.279216301243917	-0.104155594969151	-0.321594398733542	0.352165683836781	-0.763679696440147
"115"	0.3852474195373	1.28244617255718	-0.119847753971651	-0.104155594969151	-0.146261647492542	0.496735121682007	-0.918029768232223
"116"	2.46852133010431	1.09565036531169	-0.0689196630834582	-0.104155594969151	-0.336934215895549	-0.717308100960404	-1.04805094716042
"117"	1.46184052323441	1.26841700205474	0.0148318622068501	-0.104155594969151	-0.0681077171158094	-0.251432398202965	-0.895266956795213
"118"	-0.0505720533602882	1.33596486002946	-0.201545366145919	-0.104155594969151	-0.2113059894661	0.117849230062844	-0.234489856152545
"119"	0.613862036848371	-0.0642762558412088	-0.332444550962335	-0.104155594969151	-0.442169038706597	-0.336078585269369	-0.661228834724454
"120"	2.40887784146297	-0.384115363351531	-0.2041869110799	-0.104155594969151	-0.451798990626904	-0.0922497749684256	-0.876182615686424
"121"	1.83587834469032	1.4874279415651	-0.349804034338329	-0.104155594969151	-0.455829389695734	-0.895377577009434	-0.476394805855935
"122"	0.570761176188691	1.07148901611304	-0.302447345779839	-0.104155594969151	-0.288924345194654	-0.162788264190429	-0.764153162918037
"123"	-0.45890488078496	0.41367679922072	-0.260350521641269	-0.104155594969151	0.184123961221863	-0.179423399759396	-0.514053601097323
"124"	-0.621461521053649	-0.401599866588835	-0.330552936157917	-0.104155594969151	-0.278028998247381	-0.281302116766029	-0.0554102660153017
"125"	1.86522181575301	1.13384088501279	-0.333807576955282	-0.104155594969151	-0.461556041605511	-0.246928963711919	-0.317492171776457
"126"	1.54804224455377	0.188222833257388	-0.350023137059018	-0.104155594969151	-0.464639192975697	0.0676221494637233	-1.31286439029402
"127"	1.35979951695983	0.743102506574379	-0.348314247767511	-0.104155594969151	-0.415797183157259	0.533865479526553	-0.856989013082737
"128"	2.25048499191075	1.03563669149569	-0.347003828813504	-0.104155594969151	-0.464623205672766	-0.939584760482768	-0.369282120357942
"129"	-0.796115661376948	-0.800002328912838	-0.303074153052309	-0.104155594969151	-0.215670523166181	-0.174506384549784	0.447374713005369
"130"	1.08889991689974	1.79710889043384	0.23298317900045	-0.104155594969151	-0.487271538433029	-0.762342445870868	-0.0227774995392044
"131"	0.162850354579877	0.340673152717267	-0.234463940937606	-0.104155594969151	-0.434489537743834	-0.913758942279012	-0.118381307574645
"132"	0.939087852269978	0.166815358268475	-0.343901972288803	-0.104155594969151	-0.429136189357489	-1.01867058455512	-0.593231764399818
"133"	0.861579450757302	1.89687188067343	-0.125133642086365	-0.104155594969151	-0.274927461478825	-0.0811290489803315	0.0714423295608663
"134"	0.0406093365862022	1.25101043865356	-0.286041225072286	-0.104155594969151	0.20811290926938	-0.147439824190332	-0.0402593387228281
"135"	-0.752744716995119	-0.19656613769017	-0.0709623832124902	0.0157449559566433	-0.462564041055292	-0.867759575691894	0.896694400522792
"136"	0.432934076729309	-0.789792210380505	-0.149257327336206	-0.104155594969151	-0.423579802223924	-0.776266330062573	-0.299427604620046
"137"	-0.537960636955783	-0.753472246746402	0.901512310544304	-0.104155594969151	1.42570590047158	-1.27233342527529	-0.381228043800084
"138"	-0.168339809705863	-0.224468599022806	-0.353239162051205	-0.104155594969151	-0.284096179709582	-0.678799140720639	-0.0447390600136317
"139"	0.4795797862422	0.265980809764446	-0.326098127328576	-0.104155594969151	-0.454410516560634	-0.394163699521234	0.434554697604045
"140"	2.34332627139962	0.703353190150791	0.56846498210954	-0.104155594969151	-0.453782215555458	-0.950337859165471	0.588831928399523
"141"	-0.0875678965505489	0.404324018885758	-0.162146051876372	-0.104155594969151	-0.385479661244623	0.137195617009074	-0.298954138142156
"142"	0.269195820176216	1.8802447156335	1.78346372187071	-0.104155594969151	0.0124043404432015	1.41851463653814	-0.071143921280563
"143"	2.33966888766218	1.1912565642913	-0.321377485057786	-0.104155594969151	-0.477890269009809	-0.817624401919122	0.0888149072495921
"144"	1.02624612010528	0.992250182719614	-0.0171241157021149	-0.104155594969151	-0.223096625377492	-0.833386422637785	-0.526072365536065
"145"	-0.655033490391245	1.02732310897572	-0.201475409977117	-0.104155594969151	0.805798229333642	-1.06742715593268	0.389939587187506
"146"	0.0981709298692998	0.749857292371851	-0.348458917124595	-0.104155594969151	-0.454052400974987	-0.517226940001054	-1.25539284397786
"147"	0.11392581366135	1.18398217958633	-0.167899247198687	-0.104155594969151	0.10767267860725	0.0685871711403763	-0.555281605172036
"148"	-0.437804589992036	1.55523559899357	-0.346476359300733	-0.104155594969151	-0.463465724940584	1.34834377462153	0.0574568582139674
"149"	1.95086086265123	0.930417912727366	-0.202096620756083	-0.104155594969151	-0.464354618983531	-0.284794576167249	-0.904007876387025
"150"	-0.276035693912949	0.498631220596624	0.908843717034802	-0.104155594969151	-0.0563970177190709	0.676780594497517	1.52385538123528
"151"	1.0090001490972	1.28660296381717	-0.339315086212763	-0.104155594969151	0.536971730553902	-0.489011544312253	-0.306930227269684
"152"	-0.459298752879761	-0.0433623998144188	-0.287876874941662	-0.104155594969151	-0.323752684629186	0.451195289226629	-0.0578140189030498
"153"	-0.0757235999854541	0.289051001257352	-0.153541443113669	-0.104155594969151	-0.124830667913937	0.557439580484786	-0.404573583209881
"154"	-0.265429281074373	0.418872788295699	-0.343081806165763	-0.104155594969151	-0.336598482534005	-0.202997500717629	0.359091425128071
"155"	-0.352362479141221	-0.331583913803495	-0.301039827663534	-0.104155594969151	0.175602728759799	0.0141323765292533	-0.332898042557025
"156"	2.33629284113531	0.0249908364669277	-0.194482591343622	-0.104155594969151	-0.468765515862111	-0.400459317126064	-0.611114229064733
"157"	-0.83873543540655	-1.26314681511108	-0.353647146427661	-0.104155594969151	-0.204735207961582	1.66500874480317	-0.0581053828894437
"158"	0.492858902581214	1.24607424903233	-0.183429516672833	-0.104155594969151	-0.339260368471966	0.0219444567688239	-1.01519965769453
"159"	-0.21492925177664	0.802856380936635	-0.334565342175751	-0.104155594969151	-0.416326362884265	-0.0863677380821609	-0.487575898833794
"160"	-0.763187954251563	-0.828086649863099	-0.269931718520455	-0.104155594969151	-0.468074864375505	-0.239254743711871	-0.563476217289359
"161"	0.0231382958096608	1.29803413978212	0.409076847110009	-0.104155594969151	0.213788401809779	0.147764902039081	-0.879533301529952
"162"	0.494490658402533	0.621256562766125	-0.352188980045142	-0.104155594969151	0.509873252086364	0.348397503956518	-0.848721559968815
"163"	1.94861016496665	1.03979348275567	-0.31554314057966	-0.104155594969151	-0.473381050218204	-1.60402516156482	-0.0607640792652865
"164"	-0.361449671042707	-1.07151873802586	-0.339509844186709	-0.104155594969151	-0.355047830116034	0.0871983034758232	-0.268725124553807
"165"	1.53079627354569	-0.914911627305995	-0.146400317402314	-0.104155594969151	-0.479158062132213	-0.323349489820187	-0.217736426934905
"166"	-0.755710011194551	1.98104690368809	-0.0477089527025516	-0.104155594969151	1.01387297697672	-0.268343254250977	-0.789574670730889
"167"	-0.900283014289036	-1.31149549345376	-0.343664401139549	-0.104155594969151	8.01471293033075	2.79169452900191	0.615965199632438
"168"	0.841238770432923	1.4619675950977	-0.144959220324983	-0.104155594969151	-0.486033881376649	0.367238403357834	-0.530697768820065
"169"	-0.588713869743031	-0.318256201826175	-0.208848790168896	-0.104155594969151	-0.246949681350098	-0.455281739042578	0.330574174959785
"170"	0.659016659145229	-0.00371700317233029	-0.348810656741334	-0.104155594969151	-0.477591306445005	-0.933518909943807	-0.310608697597905
"171"	3.27117639186715	0.841306700091479	-0.35901334422416	-0.104155594969151	-0.4350626825539	-0.471824967785198	-0.643200688066342
"172"	-0.410289810798062	1.07174881556679	-0.336241212155583	-0.104155594969151	-0.0716409110634944	-0.788903518685408	-0.494386532015747
"173"	-0.0967957570573212	0.564880081302604	-0.334658523792596	-0.104155594969151	-0.409625284860861	-0.119500148980574	-0.0169502198113302
"174"	-0.3952664037535	1.76125656581648	-0.203369823028287	-0.104155594969151	-0.477166843552194	-0.55481683197734	-0.488887036772565
"175"	1.55766397715535	2.2109694202559	-0.164994667070008	-0.104155594969151	-0.453850161592913	-0.954335806111604	-0.682644087724392
"176"	-0.495619386764648	-1.31014453629426	-0.354446885349411	-0.104155594969151	-0.488134133362655	-1.44907025234228	-0.368990756371548
"177"	0.136995464928281	0.420431585018193	-0.352799837311125	-0.104155594969151	-0.482494372444307	-1.34333144862903	-0.515510421029292
"178"	-0.182040931860735	0.479146261565453	-0.346569820742253	-0.104155594969151	-0.447744610603679	-0.456844155090493	-0.312284040519669
"179"	-0.443543869087711	-0.483982273372625	-0.322471599537856	-0.104155594969151	-0.115478095699477	-1.37853176312028	-0.486009817406928
"180"	-0.468695415712877	0.547733317355174	-0.353097290940873	-0.104155594969151	-0.425454313492548	0.892439962522833	0.273903879606205
"181"	0.158433360373892	0.476288467574215	-0.355466566465875	-0.104155594969151	-0.0741669049265452	1.00704777497865	-0.526254468027561
"182"	-0.208852368028278	1.08266039262425	-0.30143438045558	-0.104155594969151	-0.464140389124259	-1.23203228192174	-0.517404286940851
"183"	-0.482143334378234	0.00945482913274091	-0.0624277306185897	-0.104155594969151	0.351678889587076	-0.855903595093017	1.02139818669931
"184"	2.66433202866264	1.7087770761592	-0.331960454274222	-0.104155594969151	-0.422845985019405	-0.294812420239168	-0.620037251148041
"185"	-0.1889055597987	1.1912565642913	-0.334227593792772	-0.104155594969151	-0.406670831279268	0.00756103844537959	-0.747217631208902
"186"	-0.198724228447674	0.749597492918102	-0.279462546958102	-0.104155594969151	-0.474024539161165	-0.206673773771545	-0.176253479372099
"187"	-0.0500656463812581	0.71088737430951	-0.328574575704183	-0.104155594969151	0.307202212833865	0.138252545512074	-0.534958967121073
"188"	-0.333878624406619	0.231947081323335	-0.353480091096561	-0.104155594969151	-0.333057294934854	0.224139474734175	-0.579319134049518
"189"	0.205529209423699	1.52250086782121	0.239307216660192	-0.104155594969151	-0.380995222772562	0.177221039883578	-0.623060152506876
"190"	-0.738368385534873	0.867286645466373	-0.302352205390268	-0.104155594969151	1.30164442972934	-0.0263066270638167	0.474216620251891
"191"	-0.189552635383017	1.01303413901953	-0.0355085968634021	-0.104155594969151	0.0740833551498466	0.618925247311522	0.420022918782658
"192"	0.193797447742833	0.724916544811953	0.411427374381772	-0.104155594969151	0.377658256849465	0.714278579647455	-0.171045348115311
"193"	0.659044792866286	2.00079166217301	-0.102775650537098	-0.104155594969151	-0.330859040781883	0.25088436120141	-0.983550244672512
"194"	-0.245538740286909	0.947824476128545	-0.323811959732111	-0.104155594969151	0.676381012109616	0.253963239884064	-0.251134023875286
"195"	1.16072530675886	1.66902775973561	0.349250331550143	-0.104155594969151	-0.465731125765864	0.373901648268056	-0.430359296005726
"196"	-0.783103815387978	1.01693113082576	-0.344800769145577	-0.104155594969151	2.12363160991134	0.44549706599306	-0.700053085911417
"197"	1.2997621562237	0.616060573691146	-0.330600506352702	-0.104155594969151	-0.398333452800907	-0.796531785272282	-0.761348784548997
"198"	1.37577947052034	0.854036873325177	-0.320081896811564	-0.104155594969151	-0.487464345306374	-0.590338820360798	-0.224765583106654
"199"	0.0593182610892617	1.48872693883384	1.45413806161624	-0.104155594969151	-0.474488170946155	-0.543006804791636	-0.19989038276829
"200"	0.565218833140416	2.08600588300266	0.40938465425274	-0.104155594969151	0.854879249330895	0.543239975814037	0.208966131138704
"201"	1.2501624059998	1.5596521897073	0.217061154981009	-0.104155594969151	-0.433709357360816	-0.931175285871936	1.48823613389865
"202"	0.644612193963926	1.27335319167597	-0.355457612076269	-0.104155594969151	-0.387438105853634	-0.390946960599058	-0.777701588285345
"203"	1.63055844841464	-0.324517368661524	-0.330373848365782	-0.104155594969151	-0.485207177942103	-0.141695647543589	-0.253865561247727
"204"	1.70708216969031	0.422250181194435	-0.295860272925399	-0.104155594969151	-0.237573128181242	-0.39889690107815	-0.471587300080438
"205"	3.87014331317563	0.894565588110012	-0.350833229493751	-0.104155594969151	-0.470725559201415	1.1819005121055	-1.65849491915357
"206"	0.822473578487749	1.8069812696763	-0.325384574406791	-0.104155594969151	0.186961707492062	-0.888714332099213	-0.503455236092252
"207"	1.37552626703083	1.29985273595836	-0.35289889524615	-0.104155594969151	-0.253200716796002	0.284384399405214	0.937303256126417
"208"	2.30140702702435	1.32972967313949	-0.34411128114586	-0.104155594969151	-0.471577682447621	-0.526325715809495	-0.761858671525186
"209"	-0.53250269507068	1.27854918075095	-0.314658894605997	-0.104155594969151	-0.0982917450489732	-0.0854486698186819	0.0117491328484516
"210"	0.792257962072282	0.873781631810096	-0.303300811039229	-0.104155594969151	1.44688907685476	0.389479855334023	0.679154764181577
"211"	1.23820557455047	1.62668044877453	-0.236397529443306	-0.104155594969151	-0.381514810117809	-0.088022060956423	-0.382466340742258
"212"	0.861410648430959	0.541757929918949	-0.218332048411758	-0.104155594969151	-0.451349747414552	-1.15800133329852	0.102472594111798
"213"	0.219961808326059	-0.168222017286161	-0.106094371185087	-0.104155594969151	-0.461378582542981	-0.532115845869412	-0.774350902441817
"214"	-0.129937280462741	-0.873473614433039	-0.302511705455138	-0.104155594969151	-0.450161091441654	-1.01720007533356	-0.400713010390165
"215"	-0.297586124242789	1.35934681086687	-0.347703670326204	-0.104155594969151	0.363669366785102	2.04816830384751	-0.207502266912826
"216"	-0.696164990576919	0.483303052825437	-0.333032182780276	-0.104155594969151	-0.400140018032076	-0.343982572335288	-0.040951328190513
"217"	-0.0231698090505438	0.998485369609589	-0.314213973372413	-0.104155594969151	-0.264847466981018	-0.551829860121034	-1.37037235710848
"218"	-0.294238211436979	0.196094756705981	-0.267880603651166	-0.104155594969151	-0.370907234623289	-0.917619028985623	0.615455312656249
"219"	-0.543615514888287	0.577090655628805	-0.275116869752093	-0.104155594969151	1.43130145649732	0.0652325719786783	-1.28864475892504
"220"	-0.396448020037904	-0.35629084185502	-0.351308091967582	-0.104155594969151	0.0287433640383781	0.079891710781166	-0.581030897469581
"221"	-0.591639776732983	-0.171313630785773	-0.303742934026061	-0.00437433692375254	-0.403497351647524	-0.164764260956908	-0.0723093772261377
"222"	0.836484171574251	1.08162119480925	-0.336836399239754	-0.104155594969151	-0.368565094743942	-0.52522283389332	-1.08447144545964
"223"	1.0055115676861	0.641001321251045	-0.3185960277862	-0.104155594969151	0.104754995822397	-0.105300544309826	-0.123553018333134
"224"	-0.486475927421048	1.15878163257269	0.561105593151521	-0.104155594969151	-0.213456281710279	-0.012612509937982	-0.328418321266222
"225"	-0.889393576216624	-1.02127352367081	-0.322233748563928	-0.104155594969151	0.931138684310339	-0.0861839244294653	-0.386181231568778
"226"	0.264919494575517	0.289206880929602	-0.33871178421301	-0.104155594969151	-0.337221987348302	-0.201159364190672	0.723478510611723
"227"	0.227754849058912	0.726475341534446	-0.0315071040079012	-0.104155594969151	-0.464123602456182	-0.0591633174831867	-0.489943231223243
"228"	2.53941830716853	1.80074608278632	-0.260135056641358	-0.104155594969151	-0.293704548770933	-0.752094834733079	-0.791796321127141
"229"	-0.400977549128119	0.112335412817322	-0.279359011828274	-0.104155594969151	0.0840514385271387	-0.917021634614362	-1.0256523407064
"230"	0.507882309625776	0.382760664224596	-0.173364223105535	0.0005169012157278	-0.410122489982006	-0.723419904912538	0.201135724004373
"231"	1.23595487686589	0.0756777098933463	-0.346179745145011	-0.104155594969151	-0.411823539013833	0.740563931982951	-0.915152548866585
"232"	0.292237337722089	0.952500866296026	-0.252940764241712	-0.104155594969151	-0.351762439363775	0.0337085305413531	0.118060567383862
"233"	1.31613598187901	0.971466226419698	-0.266140094171361	-0.104155594969151	-0.467996526591144	-0.913115594494577	-0.578445042090337
"234"	0.303800297076612	0.593458021214988	0.102696810222743	-0.104155594969151	-0.325863008616039	-0.704716865750743	-0.438226123638357
"235"	1.30265992949259	1.50379530715128	-0.266948787482718	-0.104155594969151	-0.227061476504306	0.167432962877528	-1.09113639664839
"236"	0.158967901073979	-0.756044261338517	-0.243485488466372	-0.104155594969151	-0.366894421587683	2.00864836851792	-0.700854336874
"237"	-0.139249542132685	-0.209296310923868	-0.298291949352973	-0.104155594969151	2.08670094014142	0.263797270303288	-0.704314284212426
"238"	-0.0248296985929205	0.798959389130401	-0.296965580392478	-0.104155594969151	-0.0980759164594088	-0.65527099317558	-1.09667231238988
"239"	-0.45738565984787	0.768303053588026	-0.238126845936103	-0.104155594969151	-0.382737838792008	-0.165269748501822	-0.13535325978208
"240"	0.680032548774981	0.851698678241436	-0.217957083346977	0.0409185282478354	-0.427324827935441	-0.543420385510202	-0.261258922402468
"241"	-0.370283659454678	1.15098764896022	-0.351055969935218	-0.104155594969151	-0.331202767794893	1.25046300456103	-0.765427880358509
"242"	-0.682995595750028	-1.19630041566147	-0.260971732420235	-0.104155594969151	0.211518204793619	-0.379045026587006	0.272956946650426
"243"	-0.367695357117412	-0.202385645454146	-0.170224590249681	-0.104155594969151	0.205267169347715	-0.688219590421298	0.443295617195857
"244"	-0.717287788346689	1.78827570900637	-0.298999905781254	-0.104155594969151	-0.101984812025965	-1.10152458850774	-0.648518080818027
"245"	0.4614898036024	-0.15733642017408	-0.306529987791151	-0.104155594969151	-0.481850483818773	-0.749015956050425	-1.05041827954987
"246"	4.51440552538625	0.861830856937645	-0.324645837264237	-0.104155594969151	-0.439724580088492	-0.102221665627172	-0.286789691710218
"247"	0.903526828853636	2.29878163562304	-0.245503024374635	-0.104155594969151	0.181613954661743	1.24692459174663	-0.311337107563889
"248"	-0.0370397335317594	1.31673970045204	-0.135596286692461	0.0356359910571966	-0.321250671720532	-0.194082538561885	-0.163105679486082
"249"	-0.864939183199256	-1.33165593106467	-0.338968943089528	0.303284542049561	-0.488134133362655	-0.64244999090005	-0.945417982953233
"250"	-0.904849117216625	-0.905195127735784	-0.360007841119856	-0.104155594969151	1.59645029577147	0.752465865995002	0.937412517621315
"251"	-0.480370909951628	1.03096030132821	-0.352737156583878	-0.104155594969151	-0.314504029883776	0.455928490783545	-0.350197779249153
"252"	-0.889117021738631	-1.02072794481794	-0.357438770776754	-0.104155594969151	-0.488134133362655	0.180759452697972	-0.403808752745598
"253"	-0.895665707989123	-0.578964953663238	-0.328322733496494	0.554661574164587	-0.486519096020596	-0.239530464190914	0.642879947875559
"254"	-0.796501093355432	0.59553641684498	2.34325298462802	-0.104155594969151	0.236554321183097	-0.46497790922228	0.332322358878147
"255"	-0.899650286902459	-1.12615456314926	-0.357637446296153	0.0983090557510714	-0.485404221450724	0.156679864194826	-1.29374362868693
"256"	-0.854974219200784	-0.49367279299746	-0.356639031855005	-0.104155594969151	-0.488134133362655	0.739001515935036	1.26985882609655
"257"	-0.881518385018283	-1.21032958616392	-0.341551724841715	-0.104155594969151	-0.460783055508812	-0.489608938683514	0.733785511630401
"258"	-0.632827544360771	-0.716476804532553	-0.238303135481485	0.146927962857506	-0.47705493243168	-0.612901946229204	0.687167273807405
"259"	-0.897465140787944	-0.386635418052896	-0.354963441699848	-0.104155594969151	-0.484840509149387	-0.883475642997383	0.460631774386284
"260"	-0.899020372887988	-0.847805428402643	-0.204528297183656	0.110504542845509	-0.486555387198249	-0.688541264313515	0.826949146279794
"261"	0.471899280393576	0.0275108911682925	2.62853424100446	-0.104155594969151	-0.218004669394063	0.204747134374771	0.172217848354796
"262"	-0.893768932515445	-1.16198090782124	-0.338399499875476	0.822212300394161	-0.486836443983771	-0.989995654734584	-0.712545316828048
"263"	-0.895254955661687	-1.10214909362286	-0.340584930588865	0.399446283871744	-0.461282658725396	-0.770246432936787	-0.736364322715735
"264"	-0.884848010905407	-1.04572065226859	-0.339759727621671	0.393511581595841	-0.484779277779162	-0.583675575450576	0.800070818534973
"265"	-0.904743053088239	-0.452572519414377	-0.350802728604153	-0.104155594969151	-0.47723718768509	-0.205433031615848	2.38443533554745
"266"	-0.807515445149339	-0.684443531885308	-0.304865030973652	-0.104155594969151	-0.488134133362655	-0.934575838446808	1.59884518723337
"267"	-0.637120750194105	0.339374155448523	-0.130422328447831	0.0477336533888447	0.042420501695593	-0.609869020959724	-0.217008016968921
"268"	-0.892057558263533	-0.504662309891041	-0.353707308732831	-0.104155594969151	-0.478614493832569	-1.22458782898756	1.50757541849553
"269"	-0.683873367847014	0.32274699040859	2.32299367814283	-0.104155594969151	0.269831892233351	0.549903220724259	0.165552897166039
"270"	-0.721867958134806	-0.533993668219296	-0.0773983507423167	-0.104155594969151	-0.336110869794618	0.0395905674276177	0.366266263293016
"271"	-0.74201451578389	-1.15948683306525	-0.264189716185148	-0.104155594969151	0.154731304783769	0.0928965267093922	-0.17716399182958
"272"	-0.763778762393765	-0.554206065720964	2.15146115223919	-0.104155594969151	1.81363780608504	0.502938832460489	-0.0496558272840255
"273"	-0.0102001636431597	-0.45077990318351	2.74438165654134	-0.104155594969151	-0.0375559812152396	-0.198448112813409	-0.370520417300115
"274"	-0.121243960656056	0.565139880756353	-0.350663935565249	-0.104155594969151	-0.260043282450342	-0.214531807424289	-0.598439895656606
"275"	-0.880094818732787	-1.61605839308364	-0.349444459630684	0.143080188854448	1.36055764102897	1.19729490551877	0.809139522611478
"276"	-0.0402751114533412	-0.408250732604808	1.3291403792	-0.104155594969151	-0.398948963963739	-0.249778075328703	-0.221997625235914
"277"	-0.864846341919767	-0.661217460720153	-0.346151203028139	0.0474401791004758	-0.426255277369377	-1.01729198215991	0.544180397484684
"278"	-0.780442365375964	-0.799067050879342	2.12336675484812	-0.104155594969151	0.0015729427076515	0.148362296410342	-0.479964014689258
"279"	-0.766729989732669	-0.385128581221152	0.0437937160910696	-0.104155594969151	0.00305176822874137	0.218808878805997	1.28384429744345
"280"	-0.851913270349758	-1.21196632272254	-0.357878934990859	0.0214514004527036	-0.485670729790578	0.106958271140619	-0.860084755438171
"281"	0.275497773693036	0.88781080231254	-0.357620656815641	-0.104155594969151	-0.374416447616578	-1.39530475892876	-0.251534649356578
"282"	3.36936307835689	0.217891930875517	0.161879729029627	-0.104155594969151	-0.476283545065273	0.672093346353774	-1.03395621431863
"283"	1.98293330465647	0.480705058287947	-0.354479345011735	-0.104155594969151	-0.369572294828576	0.0553985415594545	-1.32448252925147
"284"	2.95523470439443	1.29283815070714	-0.361112588937584	-0.104155594969151	-0.486926212689726	-1.1993134517419	-0.760948159067706
"285"	-0.889058222261621	-1.73725483825752	-0.325230670835425	0.157166954696151	-0.488134133362655	-0.97211977700992	0.239413667716849
"286"	-0.907516756647272	-1.77157434609776	-0.355465167342499	-0.104155594969151	-0.488134133362655	-1.64910545988845	1.8665358497326
"287"	-0.890828958664964	-0.669634963021619	-0.340098315478675	-0.104155594969151	-0.485405420498443	-1.19991084611316	1.00260520957691
"288"	-0.864708486686587	-1.1104886560882	-0.308897304543426	-0.104155594969151	-0.488134133362655	-0.380056001676833	-1.00984584444455
"289"	1.52173721536526	-0.338728398781591	3.86507948075679	0.453249903406028	-0.465588039404634	-0.97340647257879	-0.0569763474421682
"290"	-0.860187397712689	-1.20640661441231	-0.294626246107724	-0.104155594969151	-0.487184487568572	-1.01265068742934	0.0550166848279197
"291"	-0.82167796032955	-0.842869238781413	-0.286203523383907	0.00361468537073202	0.230982746111748	-0.296374836287082	0.347582547665519
"292"	-0.110750082701708	0.200199588075214	-0.317252869345192	-0.104155594969151	-0.419375940918296	-0.93797639102168	0.269679101803497
"293"	-0.301243507980229	0.381201867502103	0.173100698505542	-0.104155594969151	0.329856221086669	-0.711334157247791	-0.429485204046545
"294"	-0.629299575740194	-0.206282637260381	2.37112352227892	-0.104155594969151	0.69332755321616	-0.488414149940992	0.237410540310391
"295"	-0.0234792799821734	-0.0663546514712003	0.180068332918267	0.0938417249170126	-0.382809781655196	-0.521684421078927	-0.640796935178594
"296"	0.192615831458429	0.424848175731925	0.217900629006639	-0.104155594969151	-0.0740150255487036	-0.476052681797201	-0.888784108097952
"297"	0.0107031911023641	-0.0453368756629108	-0.349593886007246	-0.104155594969151	-0.343113308478265	0.00880178060107598	-0.826140851023302
"298"	-0.210484123849598	0.613202779699908	-0.329125830314346	0.0776680308024643	-0.37001194565917	-0.160214873052688	-0.60011523857837
"299"	1.50466004668352	0.870144439457611	-0.0671287851621152	-0.104155594969151	-0.464050860227847	-0.549440282635988	-0.0451396854949231
"300"	-0.895798499152513	-1.57451646042918	-0.342528872607548	-0.104155594969151	0.578618654688379	0.378451036172276	0.216286651296847
"301"	0.359927070585791	0.329761575659812	-0.334763737870474	-0.104155594969151	-0.477345901345018	-1.20450618743055	-0.825703805043711
"302"	-0.726538155830307	-0.429995946883595	-0.171254345054453	-0.104155594969151	1.0694288546609	0.174417881679968	-0.167731082770083
"303"	-0.424187869000335	-0.445272154764032	3.16104059792881	-0.104155594969151	1.36815160992106	0.461396946951245	0.665897702800663
"304"	-0.872962920444779	-1.47628628696671	-0.359364804016224	-0.104155594969151	3.69742171040956	0.546364807909866	1.29509823141791
"305"	0.119327488104339	-0.488242984414107	-0.311883033827915	-0.104155594969151	-0.266462184577019	-0.358274083832384	-0.143875656384096
"306"	-0.867313669256486	-0.68784690472942	-0.271509929688638	0.0158753889736961	0.988213355772942	0.0118347058705561	0.539117948221093
"307"	0.317304483184083	0.33028117456731	2.53563244883479	-0.104155594969151	-0.196245950105379	-0.11816749999853	-0.819220956346451
"308"	-0.218108362256108	0.363795304100923	2.54710526051839	-0.104155594969151	-0.123503721770689	1.00406080312234	0.65442524583641
"309"	-0.723707903491949	-0.282170057700447	3.49850915623189	-0.104155594969151	0.794447244252844	2.03346321163185	-0.447986817182546
"310"	-0.0747670534695081	0.370030490990898	-0.230417676134072	-0.104155594969151	-0.350187690025101	-0.725441855092192	-0.568902871535942
"311"	1.25927773162234	0.601511804281205	-0.0257427156985783	-0.104155594969151	-0.203512179287383	-0.0850810425132907	-0.0298066557109532
"312"	-0.804702073043616	-0.733467688807734	-0.257692187226776	-0.00202654261680199	-0.478870290679461	-0.705222353295657	0.735606536545361
"313"	0.0920659123998803	-0.174924843192883	-0.351144114707909	-0.104155594969151	-0.47152252625251	-1.31621893485641	-0.334099919000899
"314"	-0.588601334858802	-0.845649092936527	2.63357108515824	-0.104155594969151	-0.431804470216623	1.56262454025162	-0.351071871208334
"315"	-0.284307007903775	0.261616178941464	-0.304291390389472	0.00439728347304886	-0.414157685241715	-0.363558726347387	-0.105306348685227
"316"	-0.798408559643113	-1.11991937625929	-0.298949537339716	-0.104155594969151	-0.0767328670469228	-0.821898069344299	1.07103932588114
"317"	-0.755015108284437	-0.518223841376735	1.68124376801655	-0.104155594969151	-0.189507301920089	-0.421138353054339	0.985706098366075
"318"	-0.684495123082379	-0.707098044252216	-0.275964738517979	-0.104155594969151	-0.486475690493139	-0.345453081556854	0.0324359758824063
"319"	-0.869927291942703	-0.5576873784012	2.71919743577245	-0.104155594969151	-0.488134133362655	-0.429639734491518	0.183398941332655
"320"	0.058136644804858	-0.368267596672846	1.24452139741654	-0.104155594969151	-0.301082689073452	0.381851588747148	-0.745396606293941
"321"	-0.813983387620397	-0.813615820289282	-0.342783513061989	-0.104155594969151	-0.434028304054284	-0.780585950900924	0.066489141792173
"322"	-0.883681868167584	-1.00641299491637	-0.351967918551726	0.843081583122611	-0.488134133362655	-1.0566281038368	-0.543299261231594
"323"	-0.887132750392464	-1.0373291299125	-0.357659552445495	-0.104155594969151	-0.429937952599464	-0.946983260003773	0.559622688763552
"324"	-0.907484965542477	-1.36467644163616	-0.348763646195899	1.22420685895092	-0.375791355668618	-0.625952715570604	-0.153053621955499
"325"	-0.710735444712459	-1.51798409929341	3.22400114985102	-0.104155594969151	-0.460712711375917	-0.789133285751277	-0.587623007661739
"326"	3.00897011161374	0.318330399694858	0.425502555544827	-0.104155594969151	-0.444550347478124	-0.660004194732496	-0.788991942758102
"327"	-0.747517471622685	-0.29105519901866	3.0840888122461	-0.104155594969151	0.65823542328327	-0.251432398202965	-0.56992264548832
"328"	-0.695560115574188	0.836630309923998	-0.346429348755298	-0.104155594969151	0.18373227230006	-0.357355015568905	-0.0099210636395814
"329"	-0.604187416324509	-0.737728399849216	-0.257213687032167	-0.104155594969151	-0.470527316645074	-0.0484561722136577	-0.0272208003317088
"330"	0.987112114114674	-0.344937605726191	-0.355000658381651	-0.104155594969151	-0.483769199980001	-1.34535339880869	-0.910636407077482
"331"	-0.652225745029733	-1.50029175649311	-0.340014647900787	-0.104155594969151	-0.241665877731501	-0.401102664910499	-0.3062018173037
"332"	2.91612883212487	0.139536415624836	-0.0658975565911919	-0.104155594969151	-0.460549640886024	-0.913575128626316	-0.191404406664573
"333"	-0.259380531047068	-0.288197405027422	2.31180069113443	-0.104155594969151	0.509873252086364	-0.589557612336841	0.211369884026452
"334"	-0.343190886076563	-0.690340979485409	2.61426318256876	0.0144732340403784	-0.398573262344868	-0.667586507906197	0.259663464771212
"335"	0.281715326046684	-0.433009620547082	-0.297455273574096	-0.104155594969151	-0.477687230262589	-0.848459142158838	-0.618616851714371
"336"	0.0762828948867729	-0.290821379510286	0.243588534190903	-0.104155594969151	-0.407678031363902	-1.08052387868725	0.252925672585857
"337"	-0.269818141559301	0.153539606181904	-0.31274209558081	-0.104155594969151	-0.323009275042909	0.107693525751402	-0.207465846414527
"338"	-0.612852602410136	-1.10194125405986	0.390720348416243	0.00178862313199269	-0.100913662729608	-0.506335981078829	0.307738522526177
"339"	-0.250968548450955	3.23847625983297	-0.0478208825726355	-0.104155594969151	0.732896127969645	0.195556451739982	-0.173667623992855
"340"	-0.899435345273582	-1.25592439029686	-0.33746404598625	-0.104155594969151	-0.407845898044674	-0.639738739522787	2.98683037741647
"341"	-0.878057937328244	-0.599567050345529	-0.244979752231992	0.0032559945738368	-0.487870822483387	-0.196839743352321	0.586537437006672
"342"	-0.808868677132192	-1.26086057991809	-0.240586504831198	-0.104155594969151	-0.487121497595025	0.256490677608631	-1.03129751794278
"343"	-0.878392728608825	-0.00187242705071271	-0.35815987896477	0.354642542514104	-0.484760093015646	0.744653785755432	0.189080539067332
"344"	-0.875897267551048	-0.9689239337404	-0.24780318320486	-0.104155594969151	-0.462450531204484	-0.953968178806212	-0.463210585471619
"345"	-0.904665685355332	-1.46659576734187	-0.303742934026061	0.289099951445068	-0.483313961529049	-0.392279609581102	0.440782602813211
"346"	-0.899723434577208	-1.08401509175118	-0.314661692852749	0.597541428520698	-0.475601686595279	-1.16057472443626	1.93537059151812
"347"	-0.891092008956849	-0.963572064993172	-0.34971225184486	-0.104155594969151	-0.46089656535962	0.755269024198612	0.848255137784835
"348"	-0.896615783749226	-0.826917552321228	-0.357941615718106	-0.104155594969151	-0.336406634898836	0.485154861562173	1.82574489163748
"349"	-0.885852103409939	-0.96653377876591	-0.354536988894828	0.20236199510495	-0.483625873809227	0.58335730551489	1.58172755303274
"350"	-0.832455988866575	-0.960948090510307	-0.332500515897377	0.562683204713335	-0.486826371982924	0.30460390120175	0.0309063149538394
"351"	-0.622586869895939	-0.669686922912369	2.54290789039025	-0.104155594969151	-0.183552031578402	-0.271927620478544	-0.318584786725433
"352"	-0.901748781156118	-1.34651645981911	-0.314398657658052	0.250883077448595	-0.485523166984528	-0.563777747546259	-0.980308820323881
"353"	-0.890606420931401	-1.20136650500958	-0.335589500487019	0.301425871556558	-0.483494378242622	-0.80967446144003	0.0294130745235713
"354"	-0.903179943546299	-1.05457981364143	-0.343347919431887	0.309871409410728	-0.4871191794361	0.329188977249809	-0.213511649132197
"355"	-0.897524502939374	-1.05515137243967	-0.336462273648998	0.355457748870684	-0.298572682513332	-0.0540624886208789	-0.288137250147289
"356"	-0.878899135587855	-1.34752967768873	-0.338218453310615	0.276969680859157	-0.488134133362655	-0.773049591140397	-0.860485380919462
"357"	-0.893534859956248	-1.23015228448496	-0.342291861107645	-0.104155594969151	-0.487488965752887	-0.990041608147758	0.168502957528276
"358"	-0.45128064237845	-0.14135875376852	3.34656435759294	-0.104155594969151	-0.181026037715352	0.860640200606465	-0.548470971990082
"359"	-0.673522971870058	-1.3937220205653	-0.188561501216182	-0.104155594969151	-0.478014969972668	-1.57461497713349	0.058913678145936
"360"	-0.74986945070307	-0.570807250815521	-0.178893558687682	-0.104155594969151	-0.390827414074943	-0.724017299283799	-0.0589066338520265
"361"	-0.902640620113632	-1.25426167379286	-0.339242051972533	0.00664725301720982	-0.483516280847637	-0.628572060121519	0.0840438219723946
"362"	-0.902432711915019	-1.65684690732222	-0.351087590123516	0.772028197083093	-0.488134133362655	-0.0726276675431518	1.18117491273796
"363"	-0.896532507934896	-1.4166882922767	-0.34563884404783	0.0246470093704975	1.00531976990879	0.717495318569631	0.673873791928191
"364"	0.463768635008036	-0.200619009168653	0.87157107029685	-0.104155594969151	-0.118571638816568	0.231951554973745	-0.22680513101141
"365"	-0.903853183491199	-1.11981545647779	-0.34096549214715	-0.104155594969151	-0.48788393207179	0.188479626111194	-0.823300052155963
"366"	-0.897676987707505	-1.3564667788977	-0.33310493719583	1.57190867415944	-0.488134133362655	-0.586800407546404	0.930711145934259
"367"	-0.292634589336716	-1.37969285006285	-0.218110986918342	0.0530487988337466	-0.487748759425511	-0.458958012096494	-0.343387146067199
"368"	-0.899555476262496	-1.7547653214402	-0.351370492870153	-0.104155594969151	-0.44360549787492	1.91890135258921	1.91206147260662
"369"	0.472321286209434	-0.0101600296253041	-0.0124230611585894	-0.104155594969151	-0.399372627491403	-0.676501470061942	-0.856187762120155
"370"	-0.560439480080512	0.477067865935462	-0.352389334512593	-0.104155594969151	-0.470413806794266	-0.374909219401352	0.675658396344853
"371"	-0.660944385185369	-0.612323203524602	-0.339212950206311	-0.104155594969151	-0.486158582339509	-0.698513154972261	-0.0967111110866123
"372"	1.457704866239	0.662564675912207	-0.315713833631538	-0.104155594969151	-0.411498996764339	-0.415945617365683	-0.799918092247867
"373"	-0.230233996031775	0.773499042663005	-0.333694527786498	-0.0101786061826025	-0.302233774884462	0.205160715093336	-0.130837117992977
"374"	-0.904253807679054	-1.40071062587114	-0.352872871551355	0.663997050709104	-0.487663387227861	-0.324222604670492	0.864790044012679
"375"	0.617716356633212	0.40380441997826	-0.263641259821737	-0.104155594969151	-0.40661487571901	-0.644609801319225	-0.432435264408781
"376"	-0.893402350130069	-1.72125119190659	-0.310050182205291	-0.104155594969151	0.0425084318617118	-0.0316372229919945	1.89020917362709
"377"	-0.883599155027676	-1.3187958581041	-0.335551724155865	-0.104155594969151	0.0358417265396094	2.03851808708098	0.549607051731268
"378"	1.77187412928512	1.50197671097504	-0.290135060070606	-0.104155594969151	-0.450962055318482	-0.736884254972504	-0.240317135880419
"379"	0.539279542325647	1.64486641053696	-0.199631365367484	-0.104155594969151	-0.303616676587968	-0.712161318684922	-0.891187860985701
"380"	-0.367639089675298	0.0241594782149312	-0.321237572720181	-0.104155594969151	-0.222848822182066	0.414983999645562	-0.601280694523945
"381"	-0.716829208693456	0.575272059452562	-0.352549953876163	-0.104155594969151	-0.208060566971167	4.10596214577669	1.10010288352391
"382"	-0.905744332220666	-1.31162539318063	-0.354910834660909	0.0162992962791177	-0.48665778587352	-1.58945792958868	0.147634012002825
"383"	-0.889059347610464	-0.598112173404535	-0.345055129775342	-0.104155594969151	-0.158587858052113	0.959256225277747	2.69036752126086
"384"	-0.880747521061315	-1.06653058851388	-0.35092613128592	6.06858693705504	-0.488134133362655	-0.30147566514939	-0.299427604620046
"385"	-0.484675369273385	0.348726935783484	2.57816579946669	-0.104155594969151	-0.359340420952927	0.116194907188582	-0.591082955000164
"386"	-0.841748556931779	-0.800054288803588	0.386075258807759	-0.104155594969151	-0.0740789747604263	-0.0197812423931169	-0.732212385909625
"387"	-0.551239753294797	0.324305787131084	3.1834265719456	-0.104155594969151	-0.176805389741647	-0.155987159040685	-0.0211021566174408
"388"	-0.903619673606424	-1.41422019746609	-0.32577073245858	0.138091125952178	-0.482492294094926	-0.369854343952218	1.46845980332218
"389"	-0.892046867449531	-1.02306613990168	-0.360329079846997	-0.104155594969151	-0.485224923848356	-1.04155538431575	-0.690911540838314
"390"	-0.882887371884928	-1.55310898544027	-0.330505365963131	-0.104155594969151	-0.432240923586631	0.553028052820087	0.608061951501508
"391"	0.906762206775218	0.899241978277493	0.463586693840888	-0.104155594969151	-0.293073050305171	-0.769419271499655	-0.743466319884082
"392"	-0.72038531103509	-1.04790296768008	5.9332636552328	-0.104155594969151	0.0854503275335751	-0.568189275210958	-0.459750638133193
"393"	-0.804440429437783	-0.916600323755363	0.135884016702632	-0.104155594969151	-0.388157534485516	0.0895419275476942	0.167519604074197
"394"	0.172922226718366	0.003349541969641	2.38841668720689	-0.104155594969151	0.139751201937702	0.230389138925831	0.19756651517105
"395"	-0.349661641919726	-1.13558528332035	-0.254213966513917	-0.104155594969151	-0.486337800005362	-2.00170599917212	0.836017850356299
"396"	-0.896248638689429	-1.03958938516011	-0.3355310171299	-0.104155594969151	1.56951169033324	0.787666180486243	0.0557815152922034
"397"	1.52365030839715	0.327163581122322	-0.295695176367026	-0.104155594969151	-0.369700193252021	-0.467275579880978	0.241562477116502
"398"	-0.889832743602327	-0.395988198387858	-0.272956623259473	1.84229631850992	-0.471433796721245	-0.931542913177328	0.202410441444845
"399"	-0.767014140315347	-1.29824572131256	-0.024287627387487	-0.104155594969151	-0.336814311123569	-0.4554195992821	-0.834918191113413
"400"	-0.591133369753953	-1.23436103563569	0.284890656251877	-0.104155594969151	0.249304195270331	-0.0211138913751611	-0.780323864162889
"401"	-0.76928171823256	-0.418097131901893	-0.180821550699878	-0.104155594969151	-0.1849828951907	1.17542108084798	-0.296732487745904
"402"	-0.906148613792259	-1.0735451737651	-0.342035541705153	0.300023716623241	-0.48615242722788	-0.644563847906051	0.859326969267797
"403"	-0.48309988089418	0.0271211919876691	3.46353107183066	-0.104155594969151	-0.368461177274892	-0.862796607069108	-0.555500128161831
"404"	-0.0680149604157724	-0.307994123403091	13.5095167365395	-0.104155594969151	-0.40558369467998	0.171890443955401	-0.195920548453676
"405"	-0.844809505782806	-1.24709120886939	3.52033548089826	-0.104155594969151	-0.0821605563918958	-0.557482129941429	0.348529480621298
"406"	-0.906708474841297	-1.50075939550986	-0.352318259045089	0.46518452446636	-0.485342750270955	0.287003743956129	-0.210051701793771
"407"	-0.879774094312735	-0.242238881659234	-0.354686135446715	0.430750207964418	-0.472136438685049	-0.417508033413597	-1.11349858260411
"408"	-0.90277228592818	-1.43108118201439	-0.310679787724513	0.134112918932067	-0.478010173781789	-0.857190290661887	-0.602227627479724
"409"	-0.559482933564566	-0.86944672289993	-0.264226093392926	-0.104155594969151	0.444485183099796	0.445634926232582	-0.190675996698588
"410"	0.332721762323447	-0.185758480414214	0.0111381764940801	-0.104155594969151	-0.437551106255064	-0.209752652454199	-0.672118563715919
"411"	-0.895554017116526	-0.818500050019763	-0.357697048951973	-0.104155594969151	-0.440323304583247	1.02322337641588	-0.492346984110991
"412"	1.57187150628925	0.294143070550832	-0.280531477217404	-0.104155594969151	-0.335767142781608	-0.561480076887562	-0.70598962713419
"413"	1.30780840044607	0.203576980973951	-0.347449309696438	-0.104155594969151	-0.459250672522904	0.0797538505416443	-0.818638228373663
"414"	-0.875278325687789	-0.999892028627274	-0.341099528166576	-0.104155594969151	-0.475705604064328	0.694105031264094	1.09707998216508
"415"	-0.822724534752879	-0.555349183317459	0.00375080506853996	-0.104155594969151	-0.454469669581478	0.113529609224493	-0.0813780813026424
"416"	1.26892759794497	0.441994939679355	-0.0039443734997309	-0.104155594969151	-0.153663768749457	-0.263472192454539	-0.529350210382994
"417"	0.323015628558702	0.23802638854106	-0.350720739974316	-0.104155594969151	-0.393681147648073	-1.08222415497469	-0.542279487279216
"418"	0.350586675194789	0.221425203446503	-0.351010638337834	-0.104155594969151	-0.416350343838661	-0.849240350182795	-0.78582335940607
"419"	-0.891777627739013	-1.11776304079317	-0.332643226481734	-0.104155594969151	-0.0983956625180228	0.560380598927918	-0.0457224134677105
"420"	0.153284889420418	0.183208703800034	-0.31592929863145	-0.104155594969151	-0.476068515840855	-0.736562581080286	0.305990338607815
"421"	0.0630881797109309	-0.141280813932395	-0.329755435833569	-0.104155594969151	-0.481326420028704	-0.995142437010065	-0.16922432320035
"422"	-0.268073850853752	-0.20384052239514	0.390440523741033	-0.104155594969151	-0.405519745468257	-0.155665485148468	-0.631728231102089
"423"	-0.0739230418377912	-0.349068417040799	-0.335412371467611	0.0156471311938536	-0.477855896308508	-0.599115922277021	0.0994861132512621
"424"	0.42153991970113	0.968868231882209	-0.351156986642968	-0.104155594969151	-0.444621490976166	-0.843266406470182	0.068565110195228
"425"	0.774111711990367	0.0808217390775754	-0.244031146583031	-0.0188850100708775	-0.480190682028507	-0.429226153772953	-0.364583876077343
"426"	-0.499529973991604	0.867026846012624	-0.324005038758006	-0.104155594969151	0.136529760397165	1.12978934156625	-0.289339126591163
"427"	-0.464616026159578	0.253458476093747	0.150239022540897	0.0194622969426483	-0.158411997719875	-0.455557459521622	-0.368335187402162
"428"	-0.488417154173997	0.0484767070858323	3.12158531872422	-0.104155594969151	-0.45650165578397	-0.266183443831801	-0.160774767594933
"429"	-0.384856926962324	0.00457059940226081	-0.307856356751646	-0.104155594969151	-0.408429434601645	-0.239300697125044	-0.636426475382688
"430"	-0.640733119977853	-1.05299503697356	-0.332441752715583	0.229948578211619	0.215403119405779	-1.04063631605227	-0.255868688654184
"431"	-0.850875136042746	-1.55892849320425	-0.254348282358018	-0.104155594969151	0.420504228703744	-0.879385789224902	0.797011496677839
"432"	-0.906107819896726	-2.019267145302	-0.352868674181227	20.7563229048292	-0.488134133362655	-0.807147023715463	-0.475265770408659
"433"	-0.646525853143538	-0.105714268714165	-0.340387654192842	-0.104155594969151	-0.322785452801879	0.538185100364904	1.25998887105747
"434"	0.0881271914518678	0.994588377803355	-0.35110549890273	-0.104155594969151	-0.161529521791362	-0.430512849341823	0.120355058776713
"435"	-0.301187240538115	0.800777985306644	0.286457674433052	-0.104155594969151	1.20651997729167	-0.0366001916147801	-0.123917223316126
"436"	-0.0407815184323713	0.606188194448686	0.164845870586851	-0.104155594969151	-0.150402358951594	-0.639830646349135	-0.489761128731747
"437"	0.0430288365971241	2.08106969338143	-0.328277961548461	-0.104155594969151	0.572783289118673	-0.465942930898933	-0.114666416748125
"438"	-0.895627164791275	-0.821305884120251	-0.357124247841818	-0.104155594969151	0.567667352180849	3.63815639966595	2.85535237855631
"439"	-0.895958017350908	-1.22500825530073	-0.352804034681254	-0.104155594969151	1.95000950008392	2.07574035175188	1.48430272008234
"440"	-0.904828016925832	-1.22469649595623	-0.349262013942447	-0.104155594969151	0.547763160032126	2.28712605235202	2.34692222229926
"441"	-0.886768418704773	-0.987213815284326	-0.340981442153637	-0.104155594969151	0.613630848106614	1.80893483486396	1.44573341238347
"442"	-0.827450999890494	-0.991266686762809	-0.330427015054072	-0.104155594969151	0.0189271600389276	1.07542645378148	0.212171134989035
"443"	-0.82743411965786	-0.953335966515463	-0.340576535848609	-0.104155594969151	1.33393878164935	3.5945006571507	0.539045107224495
"444"	-0.88635372765639	-1.28005975955013	-0.354294380901421	-0.104155594969151	0.959036527924413	0.867946793301121	1.46434428701437
"445"	-0.824255009178392	-1.18006294980217	-0.0504792169871291	-0.104155594969151	0.981818434600662	0.560058925035701	0.947828780134891
"446"	-0.889780977555582	-0.957336878103197	-0.349565903539725	-0.104155594969151	-0.31870869055455	-0.81468338347599	1.69863735257322
"447"	-0.893574528502939	-1.37413314175263	-0.353101488311002	-0.104155594969151	0.851042296627526	0.816708737612174	2.62080436950936
"448"	-0.892653149138315	-1.29912903945531	-0.333465911026851	-0.104155594969151	0.98085919642482	1.54019927462274	2.18958566964665
"449"	-0.903955871573058	-1.22383915775886	-0.358667760750276	-0.104155594969151	0.784455179921156	2.51275731103608	1.9226234171134
"450"	-0.898551102420753	-0.996021016766415	-0.357758890205194	-0.104155594969151	0.0153300168795199	4.29069486673595	0.284465824112978
"451"	-0.893878372690357	-1.51600962344492	-0.347510031650958	-0.104155594969151	-0.432067461349833	0.519344200963587	0.0652144243517003
"452"	-0.887799519581521	-1.18603833723839	-0.336850950122865	-0.104155594969151	0.768947496078376	0.0203360873077357	2.66414476248542
"453"	-0.883668926655898	-1.1476399779743	-0.32941125148306	-0.104155594969151	0.409313116652254	2.38179008349034	0.505319725799422
"454"	-0.884436977240761	-1.08988655940591	-0.359335422425327	-0.104155594969151	5.06737369854134	5.34073035776055	0.474835768722978
"455"	-0.903760060874499	-1.51538610475592	-0.348168738936402	-0.104155594969151	1.66759379381309	0.594248264437115	2.85826601842024
"456"	-0.895045640777022	-1.13805337813096	-0.356971743393829	-0.104155594969151	3.08606724633955	1.86334367606191	0.889483141859547
"457"	-0.902515143717717	-1.35709029758669	-0.355664402511249	-0.104155594969151	8.7932945830559	2.95528867990115	-0.00161719002736034
"458"	-0.892861338674138	-1.24610397094515	-0.336335233246453	-0.104155594969151	0.108024399271725	3.21998033978307	2.14478845673861
"459"	-0.880615292572346	-1.23454289525332	-0.351208754207882	-0.104155594969151	-0.130114471532534	2.19981456732152	0.339861402026085
"460"	-0.900227028184132	-1.2266969517501	-0.355678673569684	-0.104155594969151	0.00937474653783365	0.0611427182061974	7.048080142762
"461"	-0.905181376462311	-1.03925164587024	-0.351154468220891	-0.104155594969151	-0.074230854138268	1.06403000731434	0.689971652176444
"462"	-0.895982212351017	-1.13833915753009	-0.354467592375376	-0.104155594969151	1.65344503071942	1.78104111306738	2.39754671493517
"463"	-0.85890450003248	-1.15738245748988	-0.331666638365252	-0.104155594969151	1.40468259711771	-0.966927041321264	1.24942692655069
"464"	-0.904877813612103	-1.78038154757985	-0.357916991146688	-0.104155594969151	-0.363680973698612	3.95477541643442	2.3075880841361
"465"	-0.858637229682436	-1.20066504648446	-0.357462835698822	-0.104155594969151	-0.430093029437891	2.11020541163233	4.3879269469873
"466"	-0.899895331612867	-1.05242347817531	-0.34407154604198	-0.104155594969151	6.43972378211273	0.619384781443262	1.96997006490238
"467"	-0.902197795344191	-0.679559302154828	-0.355067816303701	-0.104155594969151	2.88374792775152	1.94284308085283	1.41594144477471
"468"	-0.899264854923975	-0.973938063197755	-0.356041606173432	-0.104155594969151	4.59143169029437	3.15426695894433	0.968479202670546
"469"	-0.898993927190194	-1.94174298830331	-0.352858040843569	-0.104155594969151	0.21337273193358	-0.196793789939147	1.4114617234839
"470"	-0.901186950746605	-1.45874982383866	-0.35864705372431	-0.104155594969151	3.08470832559044	2.89784691343372	0.860237481725277
"471"	-0.89472998042676	-1.28671062556611	-0.360105220106829	-0.104155594969151	0.159359628982206	2.80915682600801	0.75611127708782
"472"	-0.838718555173915	-1.33188975057305	-0.304255013181695	-0.104155594969151	-0.13058609696899	0.0645892241942432	5.88517363206805
"473"	-0.892961494721102	-1.42822338802315	-0.325558065705421	-0.104155594969151	0.092812480533163	0.174831462398533	5.35307015191651
"474"	-0.880317075129139	-0.5760032398905	-0.355927997355296	-0.104155594969151	0.152756872871827	1.4014659202506	-0.224292116628764
"475"	-0.90323930569773	-1.40094444537952	-0.340959056179621	0.076494133648989	0.584054337684817	-0.275052452574372	5.58069826628661
"476"	-0.905031423729076	-1.07497407076072	-0.357810937594783	-0.104155594969151	-0.115805835409556	1.66441135043191	0.283409629662301
"477"	-0.879881002452752	-1.20783551140793	-0.3301975588204	-0.104155594969151	1.07238650570308	0.505925804316795	2.51117866962872
"478"	-0.878620611749388	-1.18762311390626	-0.347600974670402	0.0533096648678522	0.287298020685142	0.196751240482504	-0.597492962700827
"479"	-0.899487392657538	-1.59018236749025	-0.342179091763536	-0.104155594969151	2.96999942706266	0.919046988750546	1.80061474781102
"480"	-0.905098381985192	-1.34573706145787	-0.361112588937584	-0.104155594969151	4.05937424876063	1.22937038791419	1.16762648737066
"481"	-0.902929272091679	-1.06239977719927	-0.358490631730868	-0.104155594969151	7.37833833717419	2.96356029427246	-0.208449199868605
"482"	-0.906224856176324	-1.66357571317432	-0.311505270516382	-0.104155594969151	1.59453181941978	0.89193447497792	1.49369920864353
"483"	-0.887655193592497	-0.820136786578381	-0.358936672263153	-0.104155594969151	0.399321052320565	2.48518526313171	3.27382390401429
"484"	-0.894488593100089	-1.3981645912244	-0.329551163820665	-0.104155594969151	-0.476631268904016	3.31188716613095	-0.611915480027316
"485"	-0.891567187505505	-1.13558528332035	-0.344404257580804	-0.104155594969151	0.490768425084176	2.72690021642665	-0.274807347769776
"486"	-0.840474099367887	-0.948945355747106	-0.350391386331594	-0.104155594969151	-0.24209753491063	2.63177665115659	1.01444187152416
