ACC	Labels	N:GEXP::AKR1C1:1645:	N:GEXP::TUBB6:84617:	N:GEXP::TNFSF13B:10673:	N:GEXP::ABAT:18:	N:GEXP::ETNK2:55224:	N:GEXP::AKR1C2:1646:	N:GEXP::RERG:85004:	N:GEXP::ARL6IP5:10550:	N:GEXP::EPS8:2059:	N:GEXP::FABP3:2170:	N:METH:cg08980578:KCNK6:TssD152:Shore	N:GEXP::PCYT1B:9468:	B:MUTA:COMP:ERBB2::	N:GEXP::RELN:5649:	N:GEXP::PRKCDBP:112464:	N:GEXP::TCEA3:6920:	N:MIR::hsa-miR-21-5p:Corrected:	N:GEXP::PPARD:5467:	N:METH:cg16884042:SGPP2:TssD446:Island	N:GEXP::ACCN2:41:	N:GEXP::ST3GAL5:8869:	N:MIR::hsa-miR-96-5p:Corrected:	N:MIR::hsa-miR-183-5p:Corrected:	N:GEXP::TFEB:7942:	N:GEXP::EMB:133418:	N:GEXP::HS6ST3:266722:	N:GEXP::C20orf26:26074:	N:METH:cg16838838:CAPG:TssD75:Island	N:GEXP::TMEM184A:202915:	N:GEXP::USP2:9099:	N:GEXP::PLEKHF2:79666:	N:GEXP::SYTL2:54843:	N:GEXP::PDHA1:5160:	N:GEXP::PITX1:5307:	N:GEXP::PLEKHO2:80301:	N:GEXP::MAPKAPK3:7867:	N:GEXP::PIK3R1:5295:	N:GEXP::LTBP1:4052:	N:GEXP::B3GNT8:374907:	N:GEXP::ANK3:288:	N:GEXP::PCDH1:5097:	N:GEXP::CHEK2:11200:	N:GEXP::CYP27A1:1593:	N:GEXP::ACADL:33:	N:MIR::hsa-miR-514a-5p:Corrected:	N:GEXP::RIOK3:8780:	N:GEXP::PTK2B:2185:	N:GEXP::PRRX2:51450:	B:MUTA:LOF:ERBB2::	N:GEXP::SLC27A2:11001:	N:GEXP::PTK6:5753:	N:GEXP::HOOK1:51361:	N:METH:cg02273970:SCIN:TssU297:Shore	N:METH:cg18873957:NA:NA:Island	N:GEXP::PROSC:11212:	N:GEXP::CSTF1:1477:	N:GEXP::PDK2:5164:	N:METH:cg00349776:RXRG:TssD221:NA	B:MUTA:COMP:FOXA1::	N:MIR::hsa-miR-513a-5p:Corrected:	N:GEXP::CBR3:874:	N:METH:cg20752903:MARCH10:TssD16:Island	N:GEXP::ZNF503:84858:	N:METH:cg19918758:VAV3:TssU346:Shore	N:GEXP::THSD1:55901:	N:GEXP::ATRX:546:	N:GEXP::PDP1:54704:	N:GEXP::SSX2IP:117178:	N:METH:cg08934846:TNFRSF12A:TssU102:Island	N:GEXP::STOML1:9399:	N:GEXP::C12orf35:55196:	N:GEXP::AKR1D1:6718:	N:GEXP::CISH:1154:	N:GEXP::HINFP:25988:	N:GEXP::RPL37A:6168:	N:GEXP::EPB49:2039:	N:GEXP::PLCXD3:345557:	N:GEXP::NR4A3:8013:	N:METH:cg18588934:C9orf106:TssU81:Island	N:METH:cg26111030:ERBB2:TssD44:Island	N:GEXP::HSD3B7:80270:	N:GEXP::NSMAF:8439:	N:GEXP::MAT1A:4143:	N:GEXP::PPP2R5C:5527:	N:GEXP::FUNDC2:65991:	N:METH:cg26449787:EYA4:TssD350:Island	N:GEXP::C2orf60:129450:	N:GEXP::ALS2CR4:65062:	N:GEXP::EIF4E1B:253314:	N:GEXP::PDHX:8050:	N:GEXP::MAFF:23764:	N:GEXP::BRSK1:84446:	N:GEXP::USP21:27005:	N:METH:cg06136443:PLBD1:TssD276:Island	N:GEXP::KDM5B:10765:	N:GEXP::DLX2:1746:	N:METH:cg01420426:FOXO6:TssD4428:Island	N:GEXP::C13orf1:57213:	N:GEXP::DPY19L4:286148:	N:METH:cg14497673:EMB:TssU147:Shore	N:METH:cg12829717:RP11-588P8.1:TssD70:Island	N:GEXP::PPP1R15B:84919:	N:METH:cg23823732:USP39:TssD261:Shore	N:GEXP::AZIN1:51582:	N:METH:cg00667898:HIST1H1B:TssD342:Shore	N:METH:cg24470447:RSPO3:TssD1020:Shore	N:GEXP::SORT1:6272:	N:METH:cg01112082:NA:NA:Shore	N:METH:cg25583128:HMSD:TssU83:NA	N:METH:cg17737146:LRRC34:TssD266:Island	N:METH:cg09927508:RAB37:TssU67:Island	N:GEXP::SCAMP3:10067:	N:METH:cg04674803:NA:NA:NA	N:GEXP::NHLRC3:387921:	I:CNVR::HMMR:3161:	I:CNVR::HSDL2:84263:	I:CNVR::CXCR1:3577:	I:CNVR::CD1D:912:	I:CNVR::MIR5010:100847046:	I:CNVR::MIR4759:100616243:	I:CNVR::STXBP6:29091:	I:CNVR::NT5C3A:51251:	I:CNVR::SLC22A3:6581:	N:GEXP::FXC1:26515:	N:METH:cg05645404:ALCAM:TssD1054:Shore	N:METH:cg02011404:ZBTB39:TssU301:Shore	N:METH:cg00932251:KCNK10:TssD78:Shore
TCGA-OR-A5J1	ACC_2	566.76	1206.8	119.12	1580.7	3185.4	50.913000000000004	80.211	5436.6	197.41	898.17	0.40626	0.0	0	61.96	102.31	3721.4	15686.0	983.67	0.039245999999999996	11.047	7780.0	20.844	19088.0	100.38	47.07	249.28	0.9606	0.8452799999999999	10.62	22.574	194.52	804.51	2162.6	590.78	760.33	591.74	561.96	3352.1	2.8818	11.047	106.63	196.93	1416.0	1188.8	11.187999999999999	1090.3	220.46	235.83	0	4.3228	3.3622	242.56	0.025059	0.069259	714.22	542.75	505.76	0.24195	1	11.556	47.55	0.020169	1818.0	0.035464999999999997	35.062	1066.8	648.41	131.12	0.099201	909.7	333.81	0.0	55.716	352.55	10929.0	191.64	15.37	1868.4	0.26649	0.014244999999999999	200.29	621.04	44.669	2165.7	2036.5	0.32092	174.35	852.07	0.9606	644.57	224.78	461.1	605.19	0.021186	1181.6	17.771	0.019052	432.76	787.7	0.31949	0.027255	1332.8	0.12159	2090.8	0.5617	0.14281	2959.2	0.20942	0.21450999999999998	0.79978	0.020734	4211.8	0.019496	597.02	0	0	0	0	0	1	0	0	0	1171.5	0.031107	0.06296900000000001	0.062190999999999996
TCGA-OR-A5J2	ACC_2	30.197	988.7	358.34	1477.7	1307.7	7.2473	135.69	6353.1	261.31	1798.5	0.026876999999999998	7.65	0	219.84	150.58	1848.9	80750.0	624.48	0.046169	40.263000000000005	3186.0	18.334	13094.0	54.758	54.355	1016.6	0.8053	0.045744	146.22	31.405	127.63	3850.8	1587.3	808.88	1426.1	1658.4	974.77	2142.0	220.64	54.758	290.3	99.852	1852.1	12.079	6.3883	1380.2	274.59	17.715999999999998	0	2.8184	14.092	372.43	0.034432	0.06739400000000001	687.29	738.02	1243.7	0.053389	0	6.9331	10.870999999999999	0.021248	1425.4	0.17715	49.523	1196.6	806.47	80.929	0.020863999999999997	1526.8	398.2	0.8053	90.59200000000001	205.34	9068.0	262.11	106.7	692.52	0.012773	0.015941999999999998	399.01	577.31	376.86	2647.7	902.69	0.038633	136.89	910.75	0.8053	709.05	403.03	186.42	613.21	0.020663	1999.5	3.6237	0.018815000000000002	322.1	1136.2	0.033871	0.025702999999999997	2832.1	0.035217	3214.6	0.02702	0.21291999999999997	551.6	0.027846	0.025208	0.062847	0.015544	5665.4	0.023841	1834.8	-1	0	0	1	0	0	0	1	0	1068.2	0.03044	0.055054	0.18169000000000002
TCGA-OR-A5J3	ACC_3	141.02	1302.8	20.738000000000003	943.27	100.13	21.33	1800.0	3398.0	231.67	217.45	0.026949	19.553	0	159.98	202.04	237.59	187590.0	973.49	0.042579	26.663	4751.9	5.6404	2414.9	80.581	1400.1	181.31	0.0	0.047649000000000004	540.61	216.86	190.19	1521.5	2996.5	697.97	544.51	1542.3	1625.2	1239.5	152.87	125.61	869.21	879.28	56.288000000000004	488.22	22.226999999999997	1112.7	255.37	0.0	0	306.92	2.9625	372.09	0.023043	0.57804	1290.5	629.24	2375.9	0.04927	0	20.703000000000003	22.515	0.017628	2136.9	0.036644	29.033	1307.7	890.53	251.81	0.080682	1396.5	449.71	4.1475	17.775	300.99	13301.0	921.35	107.84	963.41	0.013988999999999998	0.019891	5700.5	940.9	11.85	2645.5	1781.1	0.038839	159.38	468.08	19.553	774.61	375.06	566.43	413.57	0.024565	1272.1	2.37	0.022287	630.42	721.67	0.030570999999999997	0.021772	1067.7	0.038084	1960.6	0.156	0.036321	558.73	0.022313	0.035769999999999996	0.076725	0.015496000000000001	1422.0	0.021450999999999998	520.81	1	0	0	0	0	1	1	1	0	1118.1	0.87387	0.04018	0.061538999999999996
TCGA-OR-A5J5	ACC_3	342.37	1349.0	8.5205	623.55	1883.0	309.06	736.64	2253.3	474.83	72.03699999999999	0.037576	24.787	0	34.082	263.36	623.55	232810.0	1324.5	0.035679	189.78	3893.1	33.191	16683.0	429.12	208.37	177.38	1.5492	0.3653	153.66	289.7	190.55	939.58	2861.1	233.15	1021.7	1191.3	1372.6	838.11	34.857	182.8	1099.2	230.83	108.44	267.24	15.343	770.72	307.51	1219.2	0	11.619000000000002	5.4222	183.58	0.029975	0.08241699999999999	511.23	257.94	968.24	0.060836	0	11.850999999999999	107.62	0.01901	891.43	0.034106	184.35	1027.1	2456.2	251.74	0.018981	683.19	1024.0	0.0	120.84	408.21	9232.4	651.43	87.529	27.885	0.017222	0.015040999999999999	2577.1	733.54	75.91	2280.4	1661.5	0.038807	144.07	268.78	7.7459	360.19	92.95100000000001	981.41	445.39	0.02033	832.69	17.816	0.021006	237.03	850.5	0.041839999999999995	0.026313	958.17	0.23579	2212.2	0.38328	0.046488	850.5	0.037380000000000004	0.038027	0.070021	0.015237	742.06	0.017969	571.65	0	1	0	0	0	0	1	1	0	479.47	0.039001	0.5554899999999999	0.071572
TCGA-OR-A5J6	ACC_1	122.95	282.79	1.1177	584.56	1112.1	24.031	237.51	5797.6	831.58	8299.6	0.019406	415.79	0	2.2354	624.8	3101.1	29437.0	1109.9	0.035827	4.4709	1762.6	3.2569	1817.7	1324.5	586.8	497.94	2.2354	0.032934	244.31	692.98	451.0	138.04	1299.0	2.7943	1520.7	1282.6	2770.8	80.475	328.05	698.01	205.66	177.16	6292.2	841.64	11.015	1348.0	489.56	0.0	0	22.354	3.912	401.82	0.20775	0.135	1316.1	505.21	3294.5	0.055279999999999996	0	8.6861	11.177	0.0164	242.92	0.026936	45.826	519.18	1265.2	181.07	0.02344	1443.0	365.49	11.177	402.38	216.28	15820.0	1656.5	14.53	11.177	0.016796000000000002	0.017678	324.7	756.69	3323.5	779.61	1588.3	0.059496	188.93	695.22	0.5589	1404.1	202.31	128.54	437.03	0.020214	661.13	0.5589	0.019244	763.4	2324.3	0.033871	0.028823	1107.1	0.040273	3583.9	0.052887	0.042173	1914.1	0.027575	0.027355	0.067368	0.013116	2123.7	0.017918	833.81	1	0	1	0	0	1	-1	1	1	1331.8	0.070181	0.053805	0.060554
TCGA-OR-A5J7	ACC_2	782.99	2358.1	183.71	255.92	410.75	267.95	249.1	2389.5	270.36	32.09	0.62589	2.4067	1	5.2146	95.868	604.09	36654.0	1119.5	0.25818	12.034	10507.0	26.478	18651.0	68.191	9.2258	0.8022	0.4011	0.81643	8.3634	159.25	168.87	1600.5	1214.6	1119.1	963.5	1539.1	418.37	2476.9	3.2089999999999996	1.6045	231.85	601.68	1284.0	0.0	0.76864	1630.6	159.25	144.81	1	1.6045	5.6157	109.51	0.59568	0.060646000000000005	566.79	1026.9	1035.7	0.12933	1	1.1788	331.33	0.6807300000000001	1427.3	0.40911	49.338	506.62	871.24	160.45	0.83091	734.86	539.91	0.0	12.034	549.54	32107.0	496.99	2.8079	2219.8	0.75221	0.66437	160.05	308.46	961.49	2673.1	854.39	0.7350800000000001	304.14	2738.9	4.4124	1076.6	409.15	135.98	568.79	0.18305	1563.2	7.6213	0.032494	220.62	764.94	0.78641	0.076565	1489.8	0.19267	2079.8	0.50389	0.69906	1152.0	0.58218	0.71732	0.90625	0.7017899999999999	4408.3	0.7975300000000001	389.49	1	1	1	1	-1	1	-1	1	-1	1671.5	0.8639600000000001	0.15147	0.12163
TCGA-OR-A5J8	ACC_3	1941.2	7381.5	111.48	40.613	14.505	515.13	398.26	3809.4	2266.9	661.42	0.048944999999999995	26.109	0	3.3154	2258.6	47.658	291370.0	1125.6	0.33050999999999997	999.59	680.89	6.3764	2977.5	558.23	1306.3	0.8288	1.6577	0.044695	23.369	21.136	172.81	485.7	1359.9	4.5586	2400.3	827.19	2203.9	3072.9	50.974	169.08	1002.1	582.68	1348.1	0.0	0.42846000000000006	1001.2	433.49	113.55	0	7.4596	12.017999999999999	0.0	0.026722000000000003	0.20432999999999998	564.44	489.43	337.75	0.068244	0	1.1875	314.55	0.47794	879.64	0.056833	410.69	607.54	362.62	763.37	0.16942000000000002	630.75	520.51	3.7298	368.42	330.71	13773.0	46.83	12.017999999999999	152.92	0.10300999999999999	0.015859	494.82	1490.7	5.8019	2001.2	1475.8	0.048113	236.22	738.91	0.0	287.94	612.93	91.17299999999999	681.31	0.024055	974.72	20.307000000000002	0.047475	241.61	627.85	0.068833	0.04417	1127.2	0.57724	1614.2	0.28747	0.48751000000000005	703.69	0.029887999999999998	0.049781	0.16639	0.013872999999999998	2335.3	0.017888	548.28	-1	1	1	0	1	-1	-1	1	1	784.91	0.53108	0.041662	0.2419
TCGA-OR-A5J9	ACC_2	146.19	771.01	980.16	1321.8	1433.4	9.8594	190.39	3681.0	225.41	979.14	0.49501999999999996	8.1595	1	873.75	171.69	761.56	14681.0	755.78	0.06436599999999999	42.498000000000005	3961.8	10.849	7703.9	97.234	208.75	113.55	0.34	0.8125899999999999	8.7817	73.77600000000001	189.37	825.47	1195.2	1055.6	1498.6	729.94	1040.0	806.77	3.3998	7.1396	354.6	57.457	1296.7	122.73	0.051882000000000005	1301.4	334.88	89.075	1	0.34	3.7398	33.318000000000005	0.028258	0.064176	1065.5	737.08	1157.0	0.11813	1	-0.019288999999999997	12.579	0.035125	749.36	0.027101999999999998	63.236000000000004	917.61	1947.1	84.995	0.68114	990.36	360.72	0.34	16.319000000000003	266.2	7629.8	562.67	3.3998	1061.1	0.017412	0.70508	382.48	731.64	62.556000000000004	1819.2	701.38	0.20292000000000002	113.58	879.87	0.0	962.49	340.32	816.97	456.59	0.021782	1200.8	8.1595	0.020664	365.82	1302.1	0.42663999999999996	0.023427	1238.2	0.16477999999999998	3519.8	0.49595	0.716	498.41	0.44887	0.5200600000000001	0.8785	0.6310100000000001	2579.1	0.01874	424.98	1	1	0	0	0	1	1	0	0	1034.2	0.51977	0.05919	0.06986
TCGA-OR-A5JA	ACC_1	285.94	704.33	57.083	3428.1	2668.1	39.641	427.06	3332.4	357.82	15374.0	0.061266999999999995	33.827	0	8.9852	261.63	1847.2	85456.0	2634.2	0.034423	4.2283	1468.8	9.4086	3761.3	598.84	1052.8	156.45	5.2854	0.092048	661.43	698.2	264.27	235.73	2162.5	146.94	1101.0	2152.8	1665.4	660.15	566.07	830.34	345.14	533.3	99.366	371.04	47.7	1235.7	291.23	4.2283	0	45.983000000000004	3.1712	149.05	0.10898	0.10003	787.53	471.99	1220.9	0.048519	0	95.60600000000001	21.142	0.025761000000000003	986.18	0.037620999999999995	17.442	342.5	3112.6	275.9	0.30632	2159.6	621.56	22.199	349.37	372.62	9307.6	406.98	1424.4	338.27	0.013071000000000001	0.014698	767.44	506.7	594.61	3685.0	2481.0	0.23889000000000002	137.95	377.91	4.2283	880.77	382.66	332.45	343.55	0.034839999999999996	617.34	2.6427	0.01804	410.68	1025.4	0.035454	0.023218	1897.5	0.04798	2194.5	0.55637	0.31974	1254.2	0.13458	0.040451999999999995	0.14269	0.014643000000000002	2454.0	0.019808000000000003	933.93	1	1	-1	0	-1	-1	1	1	1	1143.2	0.058129999999999994	0.04452	0.053755
TCGA-OR-A5JB	ACC_3	3742.9	2939.5	46.341	52.57899999999999	73.967	861.31	655.01	2223.9	605.99	42.33	0.093313	0.4456	0	0.0	932.61	728.97	660220.0	1566.2	0.048179	147.49	2197.2	7.8870000000000005	5061.1	607.33	1014.1	0.0	2.2279	0.044662	214.42	6.2382	352.46	54.361000000000004	2144.1	1421.9	1152.7	349.78	266.46	2096.0	40.994	4.0102	232.15	622.03	826.56	1.3367	0.11971	914.78	1590.7	190.71	0	50.351000000000006	133.23	4.9014	0.032671	0.09893099999999999	905.87	658.57	348.45	0.058137	0	0.239	353.35	0.019015	1074.2	0.062513	258.44	811.85	780.66	844.38	0.68716	325.72	1410.3	0.0	175.11	413.06	31172.0	277.6	7.5749	101.15	0.018697	0.021283	732.54	564.11	0.4456	2862.4	1141.1	0.28275	147.49	683.97	0.0	639.56	1549.3	40.548	473.21	0.022864	989.2	0.8912	0.025325999999999998	259.77	748.13	0.032887	0.027656	1548.4	0.08430800000000001	1985.1	0.033958999999999996	0.033567	587.72	0.029126	0.046537	0.059208000000000004	0.014367	4191.6	0.021309	212.1	0	0	0	0	0	0	0	0	-1	565.45	0.13074000000000002	0.067256	0.30719
TCGA-OR-A5JC	ACC_1	2286.9	522.16	58.523999999999994	4369.6	1269.7	648.86	825.06	4637.4	240.46	3459.9	0.07113799999999999	10.177999999999999	0	4.4529	551.53	2529.9	64264.0	4193.4	0.039248000000000005	5.7252	3215.7	12.374	12871.0	360.05	132.31	275.44	0.6361	0.13805	674.55	256.36	578.24	243.64	2824.8	177.48	2826.3	2223.9	1895.0	353.05	283.71	38.804	662.21	109.42	3430.7	1341.0	29.368000000000002	483.46	246.18	24.173000000000002	0	161.58	0.6361	168.57	0.033453	0.095539	1801.5	725.19	2012.7	0.061577999999999994	0	28.378	59.79600000000001	0.033973	2404.2	0.035867	67.43	1096.7	3120.9	135.5	0.052626	1697.2	849.24	0.6361	858.14	242.37	15352.0	1119.6	108.14	144.4	0.014883	0.018506	286.9	872.14	117.05	1359.4	2813.6	0.21804	129.83	624.05	6.3613	555.34	101.14	155.22	385.5	0.022538	579.52	4.4529	0.024741	676.85	1138.7	0.28941999999999996	0.02223	1580.2	0.029498000000000003	2970.1	0.48113	0.21761999999999998	1818.7	0.041134	0.048861	0.3591	0.020596	1384.2	0.023458	565.52	1	-1	-1	-1	-1	1	1	-1	1	647.58	0.58186	0.049819999999999996	0.05558
TCGA-OR-A5JD	ACC_1	774.27	568.33	18.204	1716.0	2152.9	175.36	808.86	6880.5	830.1	12814.0	0.23794	476.33	0	7.2816	231.8	661.41	72802.0	974.51	0.030358999999999997	32.766999999999996	4432.0	4.1346	1261.3	697.82	1692.3	700.85	4.2476	0.062887	395.66	641.38	506.68	59.466	6395.2	599.51	2704.5	2975.7	2122.0	172.94	279.73	882.89	524.27	52.184	2477.6	879.25	47.38399999999999	687.5	658.98	5.4612	0	250.61	3.034	241.5	0.33609	0.090897	1413.2	577.06	9544.3	0.042143	0	61.086000000000006	33.981	0.021852	2010.9	0.050232	64.92699999999999	1047.3	2048.5	205.7	0.017778	1670.5	661.41	9.7087	1475.1	290.05	7755.5	1648.7	2359.8	122.57	0.013109	0.011797	822.82	1634.1	297.33	1244.5	3207.5	0.072515	117.11	371.36	29.125999999999998	825.09	229.37	199.03	284.59	0.023011	506.68	0.0	0.018309	541.26	1314.9	0.037294	0.018705	1079.5	0.10989000000000002	3096.5	0.074255	0.047162	1807.7	0.072781	0.034689	0.045081	0.014135	1476.9	0.015449000000000001	552.18	0	0	-1	-1	0	-1	-1	0	-1	828.88	0.032443	0.048627	0.056639
TCGA-OR-A5JE	ACC_2	115.95	3163.3	351.24	77.48899999999999	982.47	50.339	65.045	2358.0	156.67	2618.8	0.7877	0.5656	1	678.73	133.48	514.14	49396.0	763.58	0.044881	40.158	13984.0	12.222999999999999	11673.0	112.56	15.837	0.0	0.0	0.7282	7.2002	31.109	235.29	1986.4	1208.2	1640.3	932.69	401.02	119.34	713.24	9.6154	38.461999999999996	70.13600000000001	735.86	1727.9	8.4842	1.8463	1162.3	222.28	221.72	1	0.5656	5.6561	37.896	0.032274000000000004	0.072577	470.59	1816.2	1170.8	0.12980999999999998	1	3.2207	74.095	0.3507	1042.4	0.29555	26.018	307.13	223.98	154.41	0.55608	1394.8	114.25	0.0	26.018	288.46	31057.0	29.976999999999997	6.2217	1760.8	0.68081	0.65503	109.16	288.46	432.69	2405.5	864.25	0.2865	200.79	1285.6	9.0498	1556.0	276.02	487.56	681.56	0.08945700000000001	1894.2	15.270999999999999	0.06329800000000001	457.01	584.84	0.77925	0.4402	1378.4	0.33245	1290.2	0.5677300000000001	0.36966	784.5	0.7538100000000001	0.68719	0.8959999999999999	0.58298	6445.1	0.47712	448.53	1	1	1	1	0	1	1	0	1	1871.0	0.035318	0.10916	0.056104999999999995
TCGA-OR-A5JF	ACC_3	561.83	764.74	140.17	542.91	163.34	400.43	1761.6	3398.0	298.48	19.307000000000002	0.031070999999999998	439.81	0	977.7	110.05	483.44	115940.0	613.96	0.044364999999999995	32.049	10755.0	28.611	9147.2	190.75	425.14	114.3	4.2475	0.050658999999999996	436.01	262.96	295.78	1627.6	2623.3	144.42	467.61	1254.2	1845.0	1029.1	89.97	52.129	961.87	403.9	472.63	746.02	24.961	1753.5	315.47	80.317	0	21.624000000000002	0.3861	149.05	0.024516999999999997	0.085992	586.16	981.18	1091.2	0.072439	0	26.616999999999997	13.901	0.019141	1107.8	0.024347	71.436	1018.6	10080.0	170.67	0.20094	1473.1	565.69	4.2475	86.495	274.93	6566.7	574.57	179.94	825.18	0.014450999999999999	0.016552	458.73	628.25	6.5643	1707.9	1546.5	0.073604	135.15	363.36	14.287	1006.5	346.75	231.68	318.56	0.019932	887.73	7.3366	0.029230000000000003	407.76	1023.3	0.036808999999999995	0.021306	1011.3	0.047507	2182.1	0.4266	0.050808	925.57	0.15304	0.05625499999999999	0.08722	0.01799	1423.3	0.017193	357.95	1	1	0	0	0	0	0	1	0	977.31	0.034535	0.046952	0.496
TCGA-OR-A5JG	ACC_2	190.25	963.78	20.422	422.95	67.17699999999999	93.51100000000001	1037.2	4196.7	160.15	3318.6	0.028312	3.7619	0	5.9116	62.878	148.87	34683.0	821.17	0.19564	17.197	2181.9	2.7786	1140.4	53.20399999999999	24.721	117.69	0.5374	0.62066	21.749000000000002	50.516999999999996	112.86	207.98	1934.7	45.143	1273.7	1015.2	2352.8	420.8	7.5238	5.9116	388.02	1880.4	136.5	19.884	6.1503	1022.2	377.27	15.048	0	3.2245	5.3742	23.646	0.3401	0.079101	730.35	830.85	1067.3	0.034756	0	6.307	27.87	0.023633	584.17	0.098314	23.109	649.2	1035.1	160.15	0.02384	1275.3	321.38	5.3742	20.422	286.98	23040.0	11.286	208.52	436.38	0.012618	0.020605000000000002	1890.6	827.09	0.0	2783.8	1258.1	0.83204	163.38	715.3	2.1497	527.25	264.41	231.63	416.5	0.016092	624.48	3.7619	0.85446	283.76	915.22	0.41778999999999994	0.7743	1133.4	0.04335	2044.3	0.52942	0.080239	161.22	0.063765	0.042234	0.10589000000000001	0.015249	2781.7	0.8678799999999999	857.72	1	1	0	0	-1	1	1	1	-1	760.98	0.88723	0.048464	0.039588
TCGA-OR-A5JI	ACC_3	1557.8	944.78	34.228	5012.0	450.51	257.17	266.42	11765.0	1914.9	1772.4	0.14568	507.86	0	3.7003	1512.5	615.17	301830.0	1966.7	0.069436	21.276999999999997	5636.4	4.0513	2447.4	717.85	1658.7	99.90700000000001	1.8501	0.048162	514.78	345.05	325.62	115.63	2578.6	3.7003	1597.6	3037.0	1721.5	1118.4	856.61	802.03	364.48	131.36	7057.4	491.21	59.413000000000004	610.55	392.23	112.86	0	1029.6	3.7003	163.74	0.029806	0.089383	987.97	662.35	3503.2	0.05694199999999999	0	87.03299999999999	233.12	0.018451	3529.8	0.027879	135.06	1035.2	2284.0	347.83	0.027681	1488.4	736.36	4.6253	1078.6	151.71	15609.0	2711.4	1315.5	51.803999999999995	0.015165999999999999	0.06182000000000001	2154.5	947.27	42.553000000000004	1804.8	2021.3	0.07072	172.99	769.66	4.6253	560.02	37.928000000000004	333.02	316.37	0.017103999999999998	659.57	2.7752	0.038563	325.62	1118.4	0.20144	0.028960000000000003	851.99	0.07430199999999999	1695.7	0.43493000000000004	0.071091	1401.5	0.032559	0.05782	0.085008	0.014176	1196.1	0.02112	333.02	1	0	0	-1	0	1	0	0	0	481.04	0.38548000000000004	0.10211	0.073757
TCGA-OR-A5JJ	ACC_3	237.39	1287.0	19.634	473.0	1289.2	55.778999999999996	394.02	2295.8	358.77	1249.4	0.14917	284.25	1	1359.2	110.22	571.62	154720.0	576.53	0.051951	199.02	3790.3	20.886999999999997	8038.9	120.04	115.13	146.81	1.3387	0.5589	27.541	105.76	279.34	2088.3	2805.8	244.09	594.38	719.32	1200.8	1292.3	21.419	68.719	628.29	484.16	572.96	205.27	1.7813	906.74	157.52	235.61	1	7.1397	6.2472	82.10600000000001	0.026782	0.11270999999999999	497.55	1072.7	645.25	0.063028	0	2.035	154.4	0.018053	1102.9	0.031089	156.63	995.98	656.4	290.5	0.16764	1135.2	244.09	0.4462	104.86	275.77	8614.5	198.57	102.63	876.39	0.020211	0.61921	896.92	900.24	19.188	3771.1	1209.7	0.044666000000000004	158.41	673.36	6.6934	680.13	237.84	479.7	303.44	0.019104	547.97	9.817	0.019341999999999998	263.72	1127.2	0.69367	0.029554	999.11	0.09029	2265.9	0.3996	0.075201	1178.0	0.031012	0.067676	0.089736	0.014411000000000002	1711.7	0.017424000000000002	503.79	1	1	0	0	0	1	1	1	0	816.6	0.8123100000000001	0.068718	0.06607400000000001
TCGA-OR-A5JK	ACC_1	1052.6	806.22	51.869	10321.0	2172.4	582.76	1384.4	5948.1	377.57	1088.5	0.030683999999999996	213.58	0	15.255	357.74	1570.6	80837.0	2067.9	0.047185000000000005	5.3394	3833.7	3.5461	979.17	247.14	311.21	919.91	0.7628	0.039685000000000005	522.87	259.34	530.13	140.35	3202.9	50.343	2274.6	1984.0	1411.1	1003.8	288.33	85.431	662.09	269.26	5017.5	2017.5	35.476	479.79	1016.0	3.8139	0	57.208	3.0511	128.91	0.13284	0.061648	1872.6	574.37	1228.8	0.060228	0	29.513	52.632	0.02019	758.57	0.028556	48.818000000000005	1072.5	3530.9	139.59	0.021112	2276.1	967.2	3.0511	367.66	244.85	7347.1	1987.0	1376.8	176.2	0.014790000000000001	0.02192	491.99	975.59	444.7	1324.9	2211.3	0.075886	129.77	512.59	12.967	374.52	309.69	165.52	584.29	0.024419	702.52	0.7628	0.023645	508.01	1377.6	0.030292000000000003	0.028694	2391.3	0.05273200000000001	3105.3	0.042443	0.035776	1746.0	0.033007999999999996	0.03622	0.064983	0.016891999999999997	2467.6	0.016156	495.04	1	-1	-1	1	-1	1	-1	1	-1	707.86	0.03547	0.044223	0.083676
TCGA-OR-A5JL	ACC_1	441.16	462.82	187.46	9547.1	3319.7	225.98	410.62	5229.0	302.09	4514.9	0.031122000000000004	214.24	0	36.176	181.82	1252.5	9736.0	2028.7	0.042942	6.5774	1600.7	12.342	9852.6	1092.8	4239.1	382.9	0.0	0.047501	665.32	1391.6	381.02	157.86	3586.7	31.478	1770.7	3295.3	1886.8	154.1	623.91	322.29	319.47	209.54	1471.0	597.6	67.01100000000001	747.48	337.8	2.8189	0	108.06	3.2887	469.81	0.031639	0.10697000000000001	1066.0	515.86	2707.1	0.033427	0	78.098	14.564	0.022587	224.1	0.034541	59.666000000000004	1535.3	1461.6	417.67	0.021437	3867.5	317.12	8.9265	412.97	211.42	5313.1	716.0	56.847	99.131	0.016772	0.018947	508.34	890.3	805.73	4173.4	2386.2	0.05216799999999999	189.34	486.73	24.43	1059.7	113.22	127.32	230.68	0.022393	560.96	0.4698	0.021901	906.74	1226.2	0.029081	0.026973	1809.3	0.038787999999999996	2708.5	0.052979	0.058276999999999995	2824.5	0.030913	0.043051	0.14015999999999998	0.014065000000000001	1756.6	0.015958	1835.1	1	-1	-1	0	0	1	1	1	1	1746.3	0.044474	0.04805	0.071762
TCGA-OR-A5JM	ACC_2	39.224000000000004	2821.3	1759.0	727.15	571.98	58.621	25.430999999999997	5261.2	71.983	472.85	0.67707	0.0	1	731.47	35.775999999999996	1078.0	60841.0	605.6	0.049417	30.171999999999997	7454.3	89.655	80929.0	29.741	143.97	37.931	0.0	0.9388200000000001	267.51	148.28	205.6	1612.9	1293.2	289.65	311.21	490.52	540.09	855.17	20.259	2.5862	82.759	314.22	676.29	2.5862	3.5687	2709.9	221.12	294.83	1	29.31	3.4483	197.41	0.029200999999999998	0.079707	837.93	743.97	1004.7	0.07952200000000001	0	3.9888	22.414	0.9068799999999999	1982.8	0.032913	22.414	831.9	2041.4	331.9	0.30654000000000003	283.19	303.45	0.431	25.430999999999997	279.74	9776.7	53.016999999999996	9.4828	2337.9	0.42021000000000003	0.93473	274.14	753.45	56.465	2541.8	536.21	0.43481000000000003	289.65	1859.5	0.431	1249.9	361.64	344.83	390.95	0.028945	1174.6	9.0517	0.02256	628.02	1557.3	0.5102899999999999	0.022409000000000002	1523.7	0.36174	4121.6	0.56333	0.32705	1405.6	0.66304	0.30171	0.88459	0.22651	3846.6	0.023191	912.5	0	0	0	0	1	1	1	0	1	1531.5	0.34976999999999997	0.041583999999999996	0.05856
TCGA-OR-A5JO	ACC_3	4335.5	2261.1	35.634	286.15	607.95	758.58	3276.8	7160.9	1111.2	2256.8	0.21861	264.02	0	38.334	2873.4	1850.8	360500.0	868.18	0.046473	23.756	1075.0	3.5669999999999997	1259.2	556.11	595.53	36.714	1.0798	0.038551	7.3698	414.12	398.46	173.31	2299.7	154.42	2857.2	1389.2	3280.0	306.13	192.21	294.25	553.95	479.99	5742.0	87.46600000000001	33.848	910.84	556.11	7.0189	0	14.038	10.258	76.128	0.037894	0.10925	903.82	561.51	2441.0	0.088617	0	59.994	176.01	0.019012	849.75	0.032313999999999996	224.6	971.31	767.22	460.55	0.028529000000000002	699.73	763.98	1.6197	5773.3	284.54	18870.0	590.13	3121.8	95.565	0.015954	0.018793	364.98	639.26	271.04	1894.6	2843.2	0.064265	150.1	337.99	0.5399	421.2	179.25	89.626	394.14	0.017796	897.88	0.0	0.019466	294.79	574.47	0.044163	0.034365	1578.7	0.054372000000000004	1874.6	0.040402	0.052876	789.36	0.026427999999999997	0.055286	0.066834	0.014400999999999999	1722.3	0.017027	599.85	0	0	0	0	0	0	0	0	0	698.11	0.17998	0.067254	0.11091
TCGA-OR-A5JP	ACC_2	57.971000000000004	727.12	512.52	664.03	305.23	18.006	250.77	1693.5	623.63	1260.0	0.83695	3.9526	1	1813.8	220.47	574.0	83414.0	1479.1	0.040635000000000004	26.351	5314.9	27.46	33227.0	130.0	269.65	13.614	0.0	0.80895	8.2038	37.33	238.03	2253.0	1683.6	923.58	684.23	711.9	1061.5	477.82	9.2227	24.594	112.87	208.61	1543.3	7.466	0.15595	852.88	97.49700000000001	1445.3	1	0.4392	9.2227	25.033	0.033247000000000006	0.078637	728.59	981.99	439.61	0.35781999999999997	0	0.4272	21.959	0.71514	3919.4	0.15632000000000001	52.262	451.91	588.93	152.83	0.51665	962.67	270.09	0.4392	51.383	230.57	27491.0	193.24	5.2701	1646.5	0.35299	0.66569	414.58	346.07	15.81	2778.2	672.38	0.057227999999999994	278.67	1614.0	1.3175	2699.4	654.37	1091.8	480.46	0.21595999999999999	2361.9	14.054	0.33881999999999995	413.7	924.9	0.71662	0.6063	1588.5	0.11275	4214.3	0.51864	0.14795	504.61	0.72277	0.67482	0.8669100000000001	0.69811	4654.8	0.080082	275.36	0	0	1	0	-1	-1	1	-1	0	2256.5	0.042066	0.075882	0.063876
TCGA-OR-A5JQ	ACC_1	22.928	826.87	22.295	6690.6	1145.0	40.609	1056.6	11607.0	713.45	1260.5	0.025469	968.25	0	10.749	287.45	1555.5	125560.0	1346.5	0.034007	18.314	2385.6	3.7665	3065.1	563.35	1790.0	1729.1	0.7963	0.049249	1328.8	154.47	299.79	229.72	3239.3	10.350999999999999	3586.7	2825.5	2261.0	488.11	243.26	329.25	314.12	108.69	5629.9	357.12	26.025	539.47	390.96	47.776	0	455.46	1.9906	304.97	0.032987999999999996	0.092966	1297.9	598.39	3087.1	0.054363	0	27.340999999999998	95.551	0.018549	1455.6	0.057189	164.43	1323.0	3081.5	403.7	0.021480000000000003	1379.9	501.64	0.0	3083.5	215.79	7856.7	3417.5	271.52	91.96799999999999	0.013881999999999999	0.016816	669.25	1049.3	6.7682	1344.1	2185.7	0.048492	73.256	633.02	7.9626	729.16	68.876	388.97	318.9	0.027054	608.34	2.3888	0.019349	566.93	1306.3	0.025131	0.023516	919.28	0.097342	2451.3	0.028711	0.040633999999999997	1390.7	0.028051	0.037674	0.067236	0.01305	1821.0	0.019191999999999997	703.49	1	1	-1	-1	1	-1	-1	1	-1	708.27	0.072619	0.05513	0.074281
TCGA-OR-A5JR	ACC_1	98.59100000000001	325.52	31.925	14979.0	5731.0	161.97	1229.1	9285.9	876.53	17256.0	0.023653	296.71	0	2.3474	407.04	2977.5	31048.0	2649.3	0.029182	3.7559	1313.6	4.3813	3556.9	683.1	20103.0	5764.8	1.8779	0.21696	1659.8	844.6	553.05	68.075	4155.5	29.578000000000003	2237.6	4060.1	4554.0	67.60600000000001	193.9	664.32	584.04	40.845	7533.8	525.35	73.82600000000001	846.01	637.09	0.4695	0	508.92	1.4085	422.54	0.025870999999999998	0.11472	1490.6	666.67	5863.9	0.052704999999999995	0	152.98	13.615	0.020668000000000002	622.75	0.030563	43.193000000000005	1693.4	5394.8	216.43	0.017991	2039.4	559.15	25.822	1349.8	233.8	7063.9	3277.0	2981.7	88.26299999999999	0.016793000000000002	0.013922	959.62	1335.7	531.92	1263.8	2756.8	0.070868	105.67	644.13	1.4085	639.02	48.357	107.98	433.33	0.018536	624.88	1.4085	0.021481999999999998	729.58	2470.4	0.026820999999999998	0.022688	3046.9	0.031945	4154.0	0.050755	0.023293	1953.0	0.028287	0.026369	0.069384	0.014078	1639.0	0.017408	778.4	1	0	0	0	0	0	0	1	0	1004.2	0.038142	0.040657	0.07474
TCGA-OR-A5JS	ACC_2	30.706999999999997	854.92	297.82	218.28	586.75	7.7691	29.596999999999998	3906.0	56.974	22.938000000000002	0.325	18.868	0	615.61	110.25	702.92	105990.0	816.13	0.12585	33.666	6332.6	58.528	23625.0	155.38	262.67	2.9597	0.0	0.8238	293.22	85.09100000000001	220.87	3857.9	1265.1	305.22	882.35	1507.6	689.97	569.37	207.55	25.156999999999996	149.09	592.67	704.77	64.003	3.1566	697.0	215.69	318.54	0	66.96300000000001	9.249	93.6	0.61195	0.060872	1354.0	864.97	1027.4	0.10534	0	1.2652	24.046999999999997	0.02451	2808.6	0.027961	13.687999999999999	1278.2	3873.8	149.09	0.59838	1263.0	342.95	0.7399	14.427999999999999	495.0	10764.0	738.07	48.465	1978.9	0.016548	0.016953	1052.9	827.82	0.37	2542.4	1558.3	0.45587	137.62	676.29	4.8095	1608.3	842.77	658.9	439.14	0.042247	971.51	1.4798	0.023483	215.32	1081.8	0.39169	0.020761	2171.3	0.048379000000000005	2459.5	0.5405800000000001	0.36651	1416.6	0.047753	0.044333	0.059802	0.34736999999999996	2911.2	0.33768000000000004	571.22	-1	0	-1	0	-1	0	0	0	-1	3065.5	0.052890999999999994	0.051325	0.076225
TCGA-OR-A5JT	ACC_1	946.58	314.51	5.2114	24315.0	8482.8	44.534	2597.7	7652.7	888.31	20522.0	0.023472	697.38	0	1.4213	2764.9	3357.1	91138.0	2261.3	0.041877	2.8426	1673.8	7.9704	1688.8	454.81	9595.6	1797.0	1.4213	0.034221	1110.5	1558.7	456.71	123.65	4922.6	9.0015	1172.1	4249.7	9909.3	122.23	65.85300000000001	1040.9	701.65	54.00899999999999	4890.7	289.47	46.425	493.19	539.62	2.8426	0	30.795	2.3688	477.56	0.022837	0.10051	1484.3	594.1	6113.9	0.056351	0	95.749	18.003	0.021032	902.34	0.024634	47.85	1644.0	10166.0	319.79	0.038214	2085.5	733.39	38.849000000000004	792.13	209.88	7091.8	4355.8	5120.4	28.426	0.020411000000000002	0.014178999999999999	1284.8	1741.5	201.82	1143.7	2510.5	0.14918	121.76	313.63	12.318	861.3	100.44	100.91	399.38	0.01707	487.03	2.8426	0.020666	573.26	2254.7	0.024358	0.026416000000000002	2969.6	0.032208999999999995	3816.7	0.54368	0.043574	4208.0	0.032389999999999995	0.034713	0.10644	0.014953	1427.9	0.017377	754.71	1	0	0	0	0	0	0	1	0	871.25	0.046942000000000005	0.039471	0.051788
TCGA-OR-A5JV	ACC_1	141.74	291.29	151.61	17899.0	1960.5	16.096	1142.3	7413.3	915.89	19722.0	0.030760000000000003	0.5192	0	5.1921	30.633000000000003	2614.8	60628.0	2355.1	0.037837	4.1537	2110.1	28.479	12620.0	309.45	3034.3	1903.4	0.0	0.050606	1625.3	578.92	636.03	28.557	2722.9	34.787	1921.6	3586.7	3986.5	172.9	207.16	248.18	1046.2	67.497	6761.7	672.9	75.829	1052.4	787.64	2.5961	0	387.85	0.0	400.31	0.10864000000000001	0.076097	1932.5	646.94	3642.8	0.059127	0	122.57	7.269	0.019793	232.61	0.039746	33.749	2218.1	7579.4	261.16	0.027193000000000002	969.37	953.27	29.595	345.79	225.34	5393.0	1669.8	1652.1	1243.0	0.014119999999999999	0.018843000000000002	1589.3	1176.5	1014.0	1136.0	2646.9	0.4862	127.73	402.39	1.5576	660.86	237.8	15.057	366.56	0.018275	916.41	2.0768	0.020434	579.96	2141.2	0.14831	0.029833	3067.0	0.04339	4526.5	0.045357999999999996	0.042683	3111.6	0.027619	0.036315	0.3035	0.015034	2327.1	0.017286000000000003	1294.4	1	1	-1	1	-1	-1	-1	0	-1	1424.7	0.026489	0.046957	0.059276
TCGA-OR-A5JW	ACC_3	1274.7	391.7	60.553000000000004	243.53	293.11	370.78	1054.4	3859.6	322.07	25.889	0.019686000000000002	32.032	0	36.419000000000004	52.216	463.36	52154.0	1240.5	0.055514999999999995	18.429000000000002	6850.4	13.937000000000001	2991.8	150.07	365.07	193.51	0.8776	0.046301	329.28	355.42	240.02	195.7	1662.2	204.91	1688.9	1425.6	17260.0	421.24	301.45	28.081999999999997	526.55	369.46	36.419000000000004	2014.5	34.672	1104.9	244.41	15.796	0	164.11	0.8776	175.52	0.02557	0.10715	682.32	760.86	672.23	0.055265999999999996	0	49.852	3.0715	0.023987	1181.9	0.036182	46.95	1469.9	2985.5	197.89	0.063952	1371.2	642.39	6.5818	80.298	260.64	5962.3	734.97	101.36	356.3	0.26443	0.016583	1086.0	519.53	49.144	2496.7	1627.9	0.03222	146.19	299.25	2.1939	1138.2	185.17	138.22	293.55	0.020308	761.74	13.602	0.092669	385.69	706.01	0.14624	0.026352999999999998	1278.2	0.036384	1616.1	0.35868	0.042091	1109.7	0.027694	0.030018	0.09049	0.013969	1140.0	0.018612	412.02	1	0	-1	-1	-1	0	0	0	0	870.12	0.83901	0.045411	0.67855
TCGA-OR-A5JX	ACC_1	7287.8	404.25	3.2431	769.26	350.9	1654.0	1774.0	5204.5	408.63	1003.4	0.015262999999999999	35.025	0	8.432	176.42	1367.3	50453.0	2482.2	0.036844	42.809	2583.4	3.4462	1973.0	142.05	33.079	1670.8	0.0	0.051312	76.134	474.14	363.87	192.64	3069.1	10.378	1930.9	1172.7	1339.4	825.68	11.675	298.36	113.51	59.023999999999994	987.84	3918.9	37.001	321.06	572.08	124.53	0	1219.4	5.8375	258.8	0.17055	0.094484	1819.4	495.54	1135.7	0.043914	0	40.564	16.215	0.02278	2070.9	0.025064	78.482	1271.3	3069.2	147.88	0.016408000000000002	1272.6	681.04	2.5945	241.28	262.04	9945.8	1051.4	64.21300000000001	598.67	0.014038	0.015936000000000002	227.01	1094.2	48.646	1609.2	5596.9	0.043407999999999995	88.86	378.14	1.2972	319.36	396.95	288.63	378.79	0.01839	754.34	5.1889	0.021098	684.29	1174.0	0.028377999999999997	0.024413	1002.8	0.49233999999999994	2372.0	0.27999	0.097193	1335.5	0.033928	0.039746	0.058528	0.014478999999999999	1541.8	0.015642	400.19	1	0	-1	-1	0	1	0	1	0	481.27	0.034114	0.047602	0.053357
TCGA-OR-A5JY	ACC_2	6.2696	596.7	565.61	15.674000000000001	592.03	1.7913	40.304	2939.1	374.83	69.861	0.84188	32.244	1	7513.2	61.8	42.096000000000004	285150.0	887.15	0.049375	29.557	11972.0	24.364	27387.0	111.51	26.87	8.0609	0.0	0.11900999999999999	1550.5	65.831	303.18	8130.8	1894.9	390.95	816.84	993.73	865.2	2223.0	8.5087	18.809	89.566	285.71	162.11	0.4478	8.1748	1129.0	227.05	5.8218	1	8.9566	2.687	938.65	0.03113	0.070241	768.47	674.88	869.68	0.1166	1	14.767999999999999	12.987	0.032458999999999995	6237.2	0.27492	22.391	107.03	2783.2	316.61	0.016927	1232.0	420.06	2.2391	62.696000000000005	321.09	11970.0	521.27	13.883	763.1	0.46138999999999997	0.81547	55.531000000000006	725.48	1708.9	3540.5	3296.0	0.033227	256.61	1571.4	4.9261	1815.1	346.62	536.05	390.95	0.24	606.81	17.017	0.8705	665.02	1354.7	0.85813	0.12445	1900.1	0.078423	1706.2	0.32128	0.30524	3802.5	0.046209	0.31316	0.099746	0.019782	3400.4	0.017361	1040.8	0	-1	1	0	0	-1	1	1	-1	782.36	0.8963399999999999	0.041498	0.040475
TCGA-OR-A5JZ	ACC_1	134.34	438.3	42.317	11381.0	11030.0	489.67	2758.7	7341.7	1064.0	9414.6	0.017503	1298.4	0	0.0	1133.2	4784.6	108660.0	3032.1	0.028762	20.151	1804.9	2.4448	2069.1	42.317	3083.8	1354.2	5.3736	0.040116000000000006	594.5	659.61	457.43	47.691	3452.8	4.0302	3740.1	2401.3	3453.9	90.68	216.29	791.94	841.65	88.665	7123.4	666.33	59.995	1015.6	505.12	0.0	0	569.61	2.0151	634.09	0.030470999999999998	0.1162	1720.2	649.54	2790.9	0.033602999999999994	0	77.008	6.7170000000000005	0.020612000000000002	343.91	0.028936	40.302	2602.8	3373.3	361.38	0.017188	1713.5	1122.4	28.212	538.03	190.76	7791.8	3933.5	6193.8	20.151	0.014778	0.014038	2355.7	1487.2	0.6717	1035.8	3156.3	0.036946	116.88	480.27	42.989	607.89	91.352	45.676	255.25	0.019034	644.84	0.0	0.017772	592.44	2207.9	0.028458999999999998	0.024028	1833.8	0.037703	4666.3	0.041651	0.035501	2189.1	0.033202999999999996	0.026563	0.063056	0.013662	1315.9	0.019215	1019.0	1	0	0	0	0	0	0	0	0	732.83	0.041314	0.050558	0.0669
TCGA-OR-A5K0	ACC_2	861.52	871.6	260.04	200.32	25.37	191.33	8.4567	3125.8	30.127	633.72	0.87946	0.0	1	3.1712	8.4567	2143.2	94922.0	914.9	0.045595	51.797	7941.9	84.815	40645.0	148.52	16.385	1.5856	1.0571	0.9250299999999999	41.168	828.22	229.91	2782.8	1513.4	733.09	991.01	1434.5	369.98	1947.7	5.2854	0.5285	51.797	1260.0	77.696	0.0	13.989	1431.3	256.87	35.412	1	704.02	2.1142	1.0571	0.029684	0.044819	520.09	861.52	2254.2	0.15225999999999998	1	27.228	1.0571	0.023166	5432.9	0.03555	12.155999999999999	173.36	2121.0	42.283	0.53484	446.09	396.41	2.1142	63.425	251.06	13766.0	139.53	2.6427	3409.6	0.45338	0.34258	400.11	592.33	726.74	3297.6	3111.0	0.17218	216.17	1636.4	6.871	1178.2	624.74	767.44	644.29	0.020606	783.83	0.5285	0.95296	627.38	1292.8	0.33655999999999997	0.97556	809.73	0.058864	2492.1	0.5631	0.07746499999999999	293.34	0.09339700000000001	0.043962	0.58225	0.014518000000000001	4870.5	0.022316	169.66	0	1	0	1	0	1	0	0	0	1256.9	0.9642299999999999	0.054817	0.057741999999999995
TCGA-OR-A5K1	ACC_1	895.17	765.14	14.078	17630.0	4486.6	794.97	2408.1	6450.1	607.0	6763.9	0.020422	198.74	0	11.593	810.71	3791.0	60191.0	3182.4	0.037880000000000004	4.1405	1397.8	2.8606	1233.1	942.38	3173.3	2005.7	4.9686	0.041871	1353.5	1636.3	578.01	192.12	5134.6	0.8281	2900.0	4425.4	3149.2	100.2	550.68	390.03	883.58	153.2	7683.9	69.56	43.963	820.64	399.97	5.7967	0	272.44	0.0	335.38	0.04649	0.070264	1750.6	568.9	3872.2	0.045418	0	57.898999999999994	10.376	0.018186	838.03	0.022153	122.56	1547.7	3525.2	197.09	0.048833	1975.0	557.31	67.904	1589.1	252.57	10692.0	2427.2	674.9	42.233000000000004	0.015406999999999999	0.012574	1462.4	1391.2	89.434	1167.6	2481.0	0.035273	112.62	433.92	9.9372	623.83	232.69	111.79	390.86	0.019705	435.58	4.1405	0.021513	535.78	3167.5	0.022466	0.023737	2060.3	0.0338	4131.4	0.027926	0.034995	1622.2	0.027651	0.02899	0.079856	0.01278	1282.7	0.013974	576.36	1	0	0	0	0	0	0	1	0	904.28	0.054897	0.044925	0.05631
TCGA-OR-A5K2	ACC_2	117.47	1223.8	169.29	332.54	1491.7	28.504	315.27	2525.6	135.61	1127.2	0.5110399999999999	1.7275	1	119.2	98.46700000000001	1939.1	30244.0	1423.5	0.058398	12.956	4009.5	58.043	47115.0	90.693	31.959	15.547	0.0	0.7834800000000001	120.89	88.96600000000001	210.75	1726.6	1495.4	918.16	1444.2	528.61	394.73	836.11	9.5012	331.68	76.01	439.65	2976.5	5.1825	2.0413	1533.2	207.3	163.25	1	0.8637	2.5912	50.961000000000006	0.27901	0.075575	649.54	733.32	750.59	0.21769000000000002	0	0.44291	36.277	0.44477	1213.4	0.073857	12.956	456.06	750.59	108.83	0.7602800000000001	1337.9	266.03	0.8637	38.005	433.6	20127.0	13.82	10.365	2635.3	0.6695300000000001	0.73688	93.28399999999999	431.87	158.93	1705.0	1363.0	0.20486	230.62	755.78	6.91	1527.3	557.98	359.32	475.06	0.38959	1224.8	4.3187	0.46607	531.2	765.28	0.8250299999999999	0.57009	1203.2	0.29765	2457.3	0.58473	0.29289	507.88	0.5753199999999999	0.50513	0.88986	0.57599	3219.2	0.08026599999999999	347.23	0	1	0	0	-1	0	0	0	1	1296.5	0.044920999999999996	0.06524400000000001	0.07829
TCGA-OR-A5K3	ACC_1	397.15	569.56	19.405	12078.0	5049.2	24.58	1267.8	3245.8	413.97	29765.0	0.016302	143.6	0	3.8810000000000002	310.48	2745.2	81742.0	2530.4	0.030947000000000002	6.4683	2042.7	3.5019	1310.0	429.5	2489.0	2962.5	3.8810000000000002	0.045591	1336.7	1816.3	238.03	28.46	7213.5	14.23	4203.1	2586.0	2023.3	263.91	592.5	294.95	1241.9	195.34	7900.4	1196.6	24.293000000000003	1058.2	163.0	2.5873	0	296.25	0.0	411.38	0.020078	0.069301	1441.1	531.7	2113.8	0.33666999999999997	0	34.531	11.642999999999999	0.021502	602.85	0.088155	33.635	1262.6	2363.5	155.24	0.017506	1874.5	640.36	38.81	73.73899999999999	254.85	6745.1	479.95	1192.8	152.65	0.011448999999999999	0.017296000000000002	1150.1	512.29	7.7620000000000005	1244.5	3155.2	0.043317	95.73100000000001	403.62	7.7620000000000005	1028.5	300.13	71.15100000000001	353.17	0.017906000000000002	451.49	2.5873	0.019921	741.27	1573.1	0.028299	0.030149000000000002	1941.8	0.033274	1588.6	0.12005	0.14579	2223.8	0.047782	0.042331	0.071338	0.013428	1591.2	0.014546000000000002	786.55	1	0	0	0	0	0	0	1	0	1160.4	0.18567999999999998	0.039675999999999996	0.053098
TCGA-OR-A5K4	ACC_1	1610.8	294.47	3.9219	15773.0	6364.1	161.92	1882.5	10777.0	754.68	11650.0	0.022762	1030.9	0	11.765999999999998	1628.1	5723.1	30663.0	6695.2	0.033987	10.645	1695.4	4.9112	2479.6	816.31	4737.6	1130.6	1.6808	0.052292	1509.8	2739.7	706.5	179.85	4576.3	15.127	3175.0	7676.2	3200.2	150.15	41.46	584.36	216.82	133.9	11274.0	304.23	20.282	475.11	697.53	0.5603	0	20.73	1.1205	344.56	0.04439	0.08040499999999999	1218.0	857.21	1704.9	0.038347000000000006	0	29.462	22.971	0.021148	893.54	0.050535000000000004	19.609	1869.6	4553.9	257.72	0.012029999999999999	1712.2	587.72	15.687999999999999	1517.8	234.75	5870.5	4571.2	1990.6	29.134	0.01454	0.014509000000000001	245.96	1011.3	58.268	1364.8	2772.2	0.031717	121.58	715.46	5.6027	501.96	61.068999999999996	114.86	489.67	0.022701	666.72	3.9219	0.018131	535.62	4826.1	0.024364	0.018629	1738.5	0.044015	3450.1	0.094401	0.028274	4120.2	0.04337	0.029966000000000003	0.066958	0.012501	1787.3	0.01535	737.31	1	0	0	0	0	0	0	0	0	1070.1	0.09465599999999999	0.044972000000000005	0.054346000000000005
TCGA-OR-A5K5	ACC_2	85.439	1320.6	756.09	93.24799999999999	419.84	67.065	40.423	3448.8	92.788	892.97	0.77564	4.5935	1	390.9	35.37	1120.8	56381.0	353.24	0.05435	49.15	21734.0	53.373999999999995	50332.0	101.97	304.09	0.4593	0.9187	0.89702	1307.7	26.642	141.48	9276.5	1201.6	1217.3	519.52	615.07	111.62	1037.7	169.96	0.4593	53.284	294.9	1498.4	12.402000000000001	0.14402	1471.8	152.96	670.19	1	2.7561	37.666	139.18	0.022831	0.077561	1014.2	713.37	907.67	0.40126	1	0.5427	22.049	0.78167	2627.8	0.51917	175.47	358.29	407.9	91.87	0.84495	802.48	99.678	0.0	29.398000000000003	412.04	26179.0	84.061	3.6748	797.89	0.62639	0.79705	290.31	494.72	455.67	2626.1	2069.8	0.39114	309.18	1250.3	9.187000000000001	1216.4	368.86	690.4	443.27	0.5787399999999999	2688.1	12.402000000000001	0.45428999999999997	423.52	531.01	0.61505	0.46416	1617.8	0.19695	2437.8	0.58336	0.50327	638.95	0.7884399999999999	0.6329199999999999	0.9032100000000001	0.74983	11326.0	0.8428399999999999	742.76	1	1	1	1	0	1	-1	1	0	1688.6	0.8668299999999999	0.060936000000000004	0.064528
TCGA-OR-A5K6	ACC_2	40.384	763.91	163.55	246.84	279.66	47.956	25.24	5064.1	139.83	991.92	0.21941999999999998	0.0	1	97.425	81.777	593.13	73634.0	803.13	0.047088	11.61	11140.0	6.1142	1846.4	131.25	71.176	2.0192	0.5048	0.11690999999999999	248.85	117.11	225.14	1120.7	1838.6	267.04	1270.6	2013.6	291.77	895.51	361.43	99.95	77.73899999999999	363.45	440.18	1.5144	11.491	1733.5	408.88	477.54	1	3.0288	3.5336	92.37799999999999	0.26694	0.063141	1398.3	722.36	3262.5	0.14964	0	18.918	6.5623	0.087763	2288.2	0.030164	66.128	1155.5	962.14	97.425	0.094148	729.43	311.96	0.5048	32.812	188.29	21048.0	1078.8	9.0863	429.08	0.27454	0.35525999999999996	940.43	949.52	404.85	2420.5	1300.9	0.13746	198.89	1336.2	3.0288	1336.1	505.3	468.95	649.17	0.018269999999999998	1193.8	0.5048	0.045902	730.44	935.39	0.56703	0.037306	1432.1	0.063803	2323.6	0.39164	0.07184199999999999	370.52	0.053355999999999994	0.080068	0.47994	0.015568	3536.6	0.018171	724.89	0	0	0	0	0	0	0	0	0	982.84	0.028573	0.048658	0.20805
TCGA-OR-A5K8	ACC_1	314.95	585.4	21.771	4336.7	1897.0	75.472	1836.0	4737.3	298.98	1190.1	0.023622	47.895	0	15.965	590.71	2095.8	70322.0	1979.7	0.035741	10.16	3090.0	2.9929	833.48	262.7	1285.9	1613.9	0.0	0.051461	168.71	689.4	259.8	288.82	3326.1	127.72	952.11	2432.5	9955.0	136.43	312.05	516.69	1899.8	142.24	65.312	44.993	26.963	869.38	123.37	4.3541	0	30.479	0.0	97.242	0.19752999999999998	0.08633400000000001	674.89	490.57	1285.9	0.12327	0	46.714	15.965	0.023761	914.37	0.03596	85.631	1055.2	2152.4	148.04	0.044982	1526.8	920.17	2.9028	194.49	264.15	8297.5	577.65	1368.7	155.3	0.010831	0.013019999999999999	1031.9	528.3	0.0	1307.7	2342.5	0.10558	107.4	323.66	18.868	734.4	133.53	290.28	391.87	0.023356000000000002	477.5	0.0	0.018334	830.19	953.56	0.35815	0.018482	1589.3	0.11193	1156.8	0.5170399999999999	0.082802	317.85	0.17067000000000002	0.036957	0.06293	0.012267	1188.7	0.013616999999999999	497.82	1	1	0	0	0	0	1	1	1	658.93	0.7783800000000001	0.038611	0.068135
TCGA-OR-A5K9	ACC_2	1.3193	2429.0	1434.9	72.12	53.65	0.4398	21.108	2493.8	102.02	1239.7	0.33134	0.0	1	4034.7	139.84	411.61	48646.0	566.84	0.9238799999999999	5.7168	9022.9	33.762	18954.0	27.265	13.193	2.6385	0.0	0.9408700000000001	0.0	90.589	289.36	1529.9	1033.8	1198.8	983.29	413.37	232.63	2523.8	13.632	0.0	34.74	335.53	215.04	10.113999999999999	-0.10073	1629.3	285.4	197.01	1	0.8795	6.1566	20.229	0.12178	0.21656999999999998	951.19	930.96	802.55	0.10343	0	-0.019288999999999997	24.625999999999998	0.052204999999999994	4356.8	0.10425999999999999	8.7951	834.65	662.27	171.5	0.36041	319.26	220.76	0.8795	21.108	213.28	20892.0	243.18	3.9578	959.98	0.7913600000000001	0.32885	733.95	686.46	439.75	3255.5	991.21	0.62028	194.37	1074.3	0.4398	956.27	338.61	648.64	654.79	0.20643000000000003	3529.9	9.2348	0.67561	306.95	1059.4	0.52833	0.024425	1263.4	0.12365999999999999	3768.2	0.57808	0.086578	166.23	0.17043	0.20440999999999998	0.80238	0.017294	3721.2	0.020125999999999998	451.63	0	0	0	1	-1	1	0	0	0	1010.5	0.039092	0.3732	0.38228
TCGA-OR-A5KO	ACC_1	696.81	1147.9	53.42100000000001	4072.2	1900.7	21.555999999999997	326.15	5466.3	475.16	1980.3	0.021644	86.223	0	2.343	293.35	808.81	82602.0	2128.4	0.050673	8.9035	5194.9	8.7582	5826.4	458.76	15620.0	390.35	0.4686	0.064217	622.83	1165.9	583.88	180.41	2287.5	228.68	1552.0	1200.1	6435.8	321.46	223.99	850.98	112.93	417.53	805.53	3231.0	54.631	810.68	378.63	4.686	0	9.3721	1.8744	180.41	0.23974	0.083249	1514.1	398.78	1098.9	0.035013999999999997	0	60.803000000000004	64.199	0.024616	665.28	0.044568	21.087	1154.6	4820.5	188.85	0.016035	1502.8	516.4	14.527000000000001	700.09	267.1	5755.9	2998.6	978.44	404.87	0.015648	0.029112	1291.9	1076.7	21.087	3486.9	2567.0	0.14761	130.74	558.58	2.343	802.1	115.28	345.83	351.92	0.025381	674.32	0.9372	0.017988	564.67	2288.2	0.032202	0.014709	1781.2	0.07237	3613.9	0.28326	0.035423	2539.8	0.031479	0.031774000000000004	0.06207000000000001	0.014793	1406.3	0.016241	523.43	1	1	0	0	0	0	1	1	1	615.28	0.040902	0.070033	0.06249400000000001
TCGA-OR-A5KT	ACC_3	160.89	1179.6	62.62	119.46	267.82	41.426	398.84	5286.1	739.88	12108.0	0.053961	57.803000000000004	0	0.0	391.14	836.22	111360.0	508.67	0.059056	15.414000000000001	1003.9	4.2831	2703.9	835.26	313.1	0.0	0.9634	0.067501	7.5915	478.81	377.65	202.31	1198.6	350.67	2051.1	3462.4	594.41	500.96	60.693999999999996	35.645	415.22	151.25	1690.8	0.0	2.6429	1051.1	995.18	135.84	0	107.9	5.7803	1.9268	0.030583999999999997	0.13105	1326.6	563.58	546.24	0.05745	0	2.6162	74.181	0.013429	957.61	0.030313999999999997	93.449	248.56	1352.6	205.2	0.047836000000000004	1258.2	477.84	0.9634	741.81	387.28	19262.0	141.62	87.669	217.73	0.01764	0.015501	354.53	868.54	89.595	2457.6	2434.5	0.065799	118.5	473.02	3.8536	538.01	918.11	134.88	407.51	0.019953	713.87	15.414000000000001	0.029079	391.14	715.8	0.03992	0.028626	1110.8	0.08312	1577.1	0.14833	0.047228	1096.3	0.032787000000000004	0.062159000000000006	0.07032000000000001	0.014981	2643.6	0.018756000000000002	535.64	0	0	0	0	0	0	0	0	0	1212.0	0.13737	0.09739099999999999	0.11209000000000001
TCGA-OR-A5KU	ACC_3	1015.9	881.23	7.4752	5617.6	2182.8	279.57	798.36	4107.6	114.37	27.658	0.053617	22.426	0	2535.6	127.83	925.43	354760.0	906.75	0.0333	42.608999999999995	5427.0	8.2372	2747.9	153.99	749.77	441.79	2.9901	0.039137	465.35	239.21	341.62	2404.8	2297.1	95.68299999999999	1776.9	1314.9	3724.2	559.15	56.06399999999999	763.22	1927.9	184.64	5829.2	444.03	28.779	1039.8	172.68	145.02	0	1880.0	6.7277	183.14	0.025174000000000002	0.091339	757.24	792.38	675.76	0.043179	0	17.833	122.59	0.017145	2833.8	0.034849	159.22	1233.4	1427.8	198.09	0.15605	1073.4	793.87	2.9901	89.70299999999999	222.01	6479.5	1259.6	354.33	62.792	0.013966	0.015825	473.18	798.36	91.198	1442.0	3623.2	0.070439	141.28	557.65	6.7277	577.69	215.29	437.3	243.69	0.021084000000000002	953.09	6.7277	0.020250999999999998	342.37	657.07	0.039822	0.020939	1631.8	0.04503	1930.8	0.13538	0.044188	1480.1	0.042218	0.040395	0.095165	0.01326	1735.0	0.023106	324.43	1	0	0	0	0	1	0	1	0	966.55	0.044315	0.37832	0.097691
TCGA-OR-A5KV	ACC_2	4.6278	1897.3	331.66	1312.4	880.45	0.7713	101.81	4869.6	146.55	266.49	0.026568	2.6996	0	1253.4	189.36	2808.3	45049.0	771.69	0.042138	68.26100000000001	4690.7	98.837	81020.0	65.561	32.009	313.54	0.7713	0.28855	18.087	950.25	144.62	1455.1	2306.1	247.59	873.12	1173.9	339.76	600.85	0.7713	384.11	325.88	69.418	1738.5	4.2422	-0.10073	2063.2	123.41	579.25	0	9.6413	6.5561	190.9	0.024501	0.075879	1024.3	681.84	1370.2	0.037826	0	0.31275	12.727	0.025162	4387.1	0.031124000000000002	15.04	1101.0	981.87	85.23	0.015883	480.14	143.85	0.0	53.606	371.38	19528.0	512.92	6.9418	1614.7	0.014882	0.014831	933.67	462.01	199.77	2189.4	1131.1	0.037469	225.67	1212.1	0.3857	1453.5	533.75	493.64	677.21	0.06523	1791.0	9.6413	0.016456000000000002	470.88	735.06	0.40069	0.53946	1526.8	0.041983	2087.9	0.5556300000000001	0.046303	310.45	0.033395	0.1441	0.35073000000000004	0.011923	4265.7	0.01707	387.97	0	0	0	0	0	0	0	0	0	1973.8	0.039289	0.062811	0.052178999999999996
TCGA-OR-A5KW	ACC_1	241.93	589.75	68.044	1475.4	2469.6	124.21	1191.8	6197.9	189.55	4267.9	0.021577000000000002	184.69	0	19.441	204.13	783.04	31572.0	962.33	0.044462	1.0801	1990.5	4.0707	1641.0	28.622	254.89	130.69	0.54	0.046077	161.47	377.48	425.0	216.55	1915.8	549.21	2074.2	1259.3	3741.9	245.71	53.463	524.91	1710.3	162.01	47.523	405.56	19.352999999999998	1340.3	437.42	0.54	0	298.64	1.0801	27.541	0.070117	0.10117999999999999	1765.4	509.25	1950.0	0.037897	0	18.623	16.201	0.025174000000000002	499.42	0.025263	28.622	1398.1	3907.7	174.97	0.029332	1926.3	333.2	5.4003	79.384	213.31	8703.1	414.74	900.23	193.33	0.016776	0.016557	1283.7	991.5	37.262	1318.2	1704.3	0.030378	134.59	524.37	9.1805	683.21	222.49	389.36	342.38	0.024508000000000002	655.06	2.7001	0.018616	1215.1	1608.8	0.032521	0.022688999999999997	1493.2	0.031918	3852.0	0.16476	0.1249	428.24	0.034658999999999995	0.025923	0.096206	0.014091999999999999	1581.2	0.013815000000000001	1396.0	1	0	0	0	0	1	1	1	0	970.43	0.037537	0.041016000000000004	0.06542200000000001
TCGA-OR-A5KX	ACC_2	237.57	468.13	186.42	1220.8	4087.9	49.235	321.22	5486.6	61.185	1444.5	0.8998700000000001	1.912	1	2.8681	62.62	6138.6	16012.0	1494.7	0.18178	0.0	2796.8	176.9	149170.0	311.19	154.88	0.0	0.0	0.91771	263.4	326.96	259.56	303.06	1459.7	250.0	1617.6	1370.9	3635.8	500.48	11.472000000000001	0.0	123.33	139.58	3532.5	0.478	-0.048612	1543.0	2781.6	1.4340000000000002	1	6.2141	9.0822	357.55	0.39882	0.073041	2221.3	619.5	2595.6	0.072247	0	0.27810999999999997	5.2581	0.057239	550.19	0.034376	56.883	813.1	663.0	132.41	0.8072199999999999	298.76	380.5	0.478	102.29	465.11	33167.0	349.43	0.0	29.159000000000002	0.34803	0.75353	415.87	474.67	1516.7	1677.3	1418.7	0.88507	376.67	1120.0	0.0	725.8	506.21	620.94	686.9	0.36919	1697.4	5.7361	0.023181	701.72	1328.9	0.6171399999999999	0.9229200000000001	2625.7	0.12719	2325.5	0.5666800000000001	0.12104000000000001	1412.0	0.26006	0.078914	0.44238	0.28168000000000004	1913.0	0.01665	574.57	0	0	1	1	0	1	1	0	0	825.53	0.9475	0.49151000000000006	0.09135900000000001
TCGA-OR-A5KY	ACC_3	262.54	2240.8	20.365	431.65	595.02	96.956	414.39	2761.3	284.23	4232.9	0.046538	10.625	0	72.164	1246.7	930.6	31547.0	985.5	0.042730000000000004	30.548000000000002	3702.5	14.835	9144.9	114.67	233.76	246.6	1.3282	0.50274	2.6785	37.631	111.57	1602.2	3191.4	146.1	1515.4	776.09	1080.7	1585.0	107.58	47.81399999999999	676.92	385.61	78.362	33.204	1.5633	1242.7	232.87	104.04	0	3.0991	7.968999999999999	35.418	0.023458	0.08002000000000001	739.79	905.37	791.14	0.063453	0	1.3659	40.73	0.017957	2324.8	0.040069	92.086	808.86	1829.3	208.52	0.1053	1016.0	471.06	0.8854	98.28399999999999	344.0	12875.0	226.23	104.04	1913.5	0.14803	0.019452	660.99	483.45	2.2136	2025.0	935.92	0.26087	168.68	707.91	4.4272	1573.7	180.19	730.05	438.74	0.019944999999999997	964.25	5.7554	0.040174	299.72	622.47	0.45563000000000003	0.061854	1257.3	0.21274	2338.5	0.09775700000000001	0.066521	404.21	0.036748	0.059189	0.095546	0.013603	2705.9	0.016803	476.37	1	1	0	0	-1	1	0	1	0	1016.0	0.65805	0.21736	0.049966
TCGA-OR-A5KZ	ACC_3	263.03	1226.7	30.303	1489.7	4195.8	10.302999999999999	336.36	2405.4	306.06	423.03	0.08716900000000001	6.0606	0	23.03	290.91	2793.3	56187.0	971.51	0.068422	7.8788	3175.8	40.426	31633.0	69.697	58.181999999999995	16.364	1.8182	0.48796000000000006	447.42	89.09100000000001	304.24	314.55	1614.2	818.79	716.97	633.33	839.39	1075.2	105.45	9.0909	364.85	323.03	1372.1	0.0	32.165	1224.2	150.91	18.182000000000002	0	9.0909	0.6061	5.4545	0.022323	0.09931799999999999	721.82	912.12	692.73	0.046657	0	23.714000000000002	6.6667	0.018931	1116.8	0.047751999999999996	87.273	866.06	906.67	52.121	0.26592	285.45	575.76	0.0	109.09	517.58	18626.0	923.03	8.4848	203.64	0.063278	0.028622	201.21	693.94	3.6364	1522.4	1747.3	0.043230000000000005	228.49	1613.9	0.0	840.22	433.33	143.64	523.64	0.020666999999999998	1027.9	14.546	0.023146	210.3	1572.7	0.032847	0.022393	1213.9	0.09876900000000001	4515.1	0.031797000000000006	0.051387	332.73	0.029666	0.035243000000000003	0.07513099999999999	0.014755	1968.5	0.021769999999999998	289.09	0	1	0	0	0	1	-1	1	1	1032.7	0.037702	0.0654	0.054713
TCGA-OR-A5L3	ACC_3	145.09	904.84	110.49	411.83	29.018	50.223	816.96	3193.1	58.036	409.6	0.022177000000000002	191.96	0	1313.6	1013.4	680.8	57134.0	1010.0	0.061228	10.045	7853.8	10.785	4719.4	148.44	308.04	5.5804	1.1161	0.044095999999999996	7.8348	797.99	116.07	3875.0	3257.1	350.45	2587.1	1869.4	224.33	385.05	89.286	20.089000000000002	42.411	147.32	2692.0	5.5804	0.08872200000000001	1038.0	467.63	324.78	0	21.205	1.1161	132.81	0.029383999999999997	0.06704	930.8	430.8	3439.7	0.057339999999999995	0	0.62479	24.554000000000002	0.018111000000000002	2327.0	0.026793	155.13	935.27	1752.2	228.79	0.016018	1515.6	241.07	0.0	20.089000000000002	397.32	13504.0	503.35	110.49	639.51	0.0131	0.014541	1010.0	928.57	47.99100000000001	2589.3	1254.5	0.048975	135.04	635.04	12.277000000000001	1328.1	292.41	908.48	534.6	0.023263	530.13	0.0	0.023077	739.96	743.3	0.033339999999999995	0.027065	680.8	0.23005	1371.7	0.28939000000000004	0.029804	1354.9	0.026938	0.037195	0.057786000000000004	0.015155000000000002	2698.7	0.017046000000000002	437.5	0	0	0	0	0	0	0	0	0	1189.7	0.032617	0.04142	0.061466999999999994
TCGA-OR-A5L4	ACC_1	754.03	561.94	18.442999999999998	7514.1	3577.2	50.364	1308.7	5436.4	762.55	13035.0	0.020428	195.78	0	1.4187	1004.4	1913.1	75656.0	3921.3	0.040688999999999996	4.9654	5992.6	11.277999999999999	6154.3	195.78	718.57	2739.5	0.0	0.049749	1227.8	863.27	364.6	69.516	3747.1	2.128	1725.8	2218.8	1819.5	331.26	960.45	174.5	459.66	148.96	5494.6	1545.0	48.555	528.46	115.62	0.7093	0	92.92399999999999	1.4187	263.17	0.019977	0.061176999999999995	1283.2	703.67	2186.2	0.046297000000000005	0	71.839	4.2561	0.020658000000000003	332.68	0.028811	70.935	1703.1	2162.8	302.18	0.017769	1148.4	541.94	24.826999999999998	283.74	218.48	14042.0	1125.7	2106.1	130.52	0.017277	0.016368	980.32	668.91	297.22	3016.8	2166.3	0.058087	74.48100000000001	453.98	0.7093	1137.2	436.25	196.49	244.72	0.018149000000000002	554.71	0.0	0.021096	540.52	1574.8	0.026659	0.022341999999999997	2476.3	0.0412	2549.4	0.036420999999999995	0.031873	1780.5	0.033377	0.031988	0.10034	0.015122	1952.8	0.017676	771.06	1	0	0	0	0	0	1	1	1	1264.0	0.037066	0.038451	0.073545
TCGA-OR-A5L5	ACC_1	8014.8	698.79	35.5	6596.9	3439.1	2069.9	2849.3	9631.9	812.67	15930.0	0.03848	449.48	0	36.046	910.43	3238.1	119950.0	1100.5	0.043887	32.223	3207.5	2.7804	2471.6	490.99	9789.7	1024.6	2.1846	0.052796	1143.5	881.49	573.46	161.66	4131.3	23.484	2056.8	1802.3	2638.4	265.43	190.61	301.48	457.67	104.31	7599.7	246.86	41.486000000000004	873.84	504.1	10.923	0	252.87	4.9153	344.62	0.041458	0.08352899999999999	1506.3	654.83	3288.4	0.056362999999999996	0	55.44	44.784	0.024881999999999998	1290.0	0.036034	68.26899999999999	1393.8	2815.9	163.84	0.021679	1655.4	796.29	3.823	1027.8	218.46	14221.0	1793.0	4693.1	24.031	0.012570999999999999	0.01695	1365.9	1187.9	122.88	1315.1	3311.8	0.064197	129.44	450.57	21.846	593.46	129.44	120.15	398.14	0.023056	499.73	1.0923	0.017681	622.06	1359.9	0.032848	0.026521	1198.2	0.043242	2586.6	0.040782	0.054561	2140.4	0.032050999999999996	0.059726	0.095843	0.013488	1834.0	0.015762	766.79	1	0	0	0	0	0	0	0	0	1003.3	0.065944	0.061364	0.076676
TCGA-OR-A5L6	ACC_3	143.93	855.96	13.084000000000001	4691.6	207.48	35.514	1000.0	3876.6	263.55	6925.2	0.034035	89.72	0	0.0	2811.2	2142.1	438850.0	2394.4	0.044896	7.4766	6186.9	8.9969	6625.8	291.59	1172.0	297.2	0.0	0.11316	1284.5	142.06	190.65	87.85	2068.8	5.6075	1246.7	1800.0	988.78	143.93	405.61	246.73	553.27	276.63	7050.5	661.68	26.919	1005.6	398.13	48.598	0	52.336000000000006	0.0	121.5	0.026455000000000003	0.09946100000000001	828.04	740.19	975.7	0.048632999999999996	0	26.394000000000002	93.458	0.018518	2009.3	0.033431999999999996	82.243	783.18	1635.5	153.27	0.35218	788.78	708.41	7.4766	506.54	269.16	10404.0	910.28	515.89	121.5	0.058538	0.1372	1188.8	781.31	121.5	1267.3	1917.8	0.061342999999999995	134.58	422.43	9.3458	824.3	132.71	149.53	246.73	0.020035	773.83	3.7383	0.018545	317.76	1239.2	0.14701	0.027717000000000002	857.94	0.033652999999999995	1229.9	0.37616	0.053797000000000005	1334.6	0.034148000000000005	0.035545	0.078583	0.014537000000000001	1091.6	0.073911	577.57	1	0	0	-1	-1	0	-1	0	0	708.41	0.60115	0.084204	0.071689
TCGA-OR-A5L8	ACC_1	436.55	349.92	4.7885	2225.1	443.74	1056.3	2913.8	5187.6	77.414	39.505	0.026994999999999998	1.1971	0	2347.6	52.674	1162.8	9964.7	531.92	0.03252	33.52	4302.5	3.2818	1114.9	96.96700000000001	33.52	7.9808	0.0	0.06664500000000001	10.370999999999999	45.49100000000001	348.76	3204.7	1019.9	24.741	1060.3	1385.1	3254.6	678.77	685.95	219.87	70.63	89.385	763.37	665.6	0.07097300000000001	1186.8	554.67	252.59	0	1.9952	1.5962	197.93	0.03768	0.10787000000000001	1831.6	543.1	2085.0	0.059835	0	-0.019288999999999997	5.5866	0.021359	1045.8	0.038926	440.14	1850.0	1450.9	74.62100000000001	0.017439	957.7	425.78	0.0	17.957	214.69	11835.0	997.21	44.294	709.5	0.014447	0.015562000000000001	291.3	1725.9	0.0	4452.9	730.24	0.04804	194.33	904.63	11.173	874.89	47.486000000000004	391.46	456.11	0.020059999999999998	1314.8	0.0	0.020942	358.74	1576.6	0.034210000000000004	0.02217	961.29	0.038584	3161.2	0.36761	0.037653	482.44	0.04007	0.041443	0.0656	0.015083000000000001	1525.5	0.018175999999999998	482.84	1	0	0	0	0	0	1	1	0	897.05	0.03611	0.053001	0.06791799999999999
TCGA-OR-A5L9	ACC_1	129.03	433.93	10.753	9876.3	5016.1	155.91	1000.0	7290.3	521.5	13952.0	0.032732	833.33	0	0.0	4828.0	3419.3	34738.0	3268.8	0.044732999999999995	16.129	2215.1	1.9463	1236.6	1032.3	4688.2	1408.6	0.0	0.050071	1843.0	3252.7	215.05	118.28	6557.3	5.3763	2500.0	7473.1	2107.5	129.03	290.32	26.881999999999998	801.08	26.881999999999998	7731.2	258.06	18.899	478.5	688.17	0.0	0	215.05	0.0	360.21	0.025322	0.096952	1822.6	252.69	1586.0	0.047866000000000006	0	29.366999999999997	32.258	0.020837	1037.6	0.047705000000000004	48.387	1672.0	3215.1	333.33	0.032642000000000004	844.09	2989.2	48.387	1962.4	166.67	7688.2	6010.8	8510.8	43.011	0.019415	0.014662	2408.6	887.1	0.0	946.24	2247.3	0.053228	139.78	279.57	26.881999999999998	435.48	43.011	0.0	268.82	0.018106999999999998	392.47	0.0	0.020349000000000003	424.73	1328.0	0.035224	0.022849	1935.5	0.058797	2483.9	0.12328	0.034981	2371.0	0.032369999999999996	0.030169	0.067971	0.013516	870.97	0.016498	392.47	1	0	0	0	0	0	0	0	0	747.31	0.062312	0.045545	0.062301999999999996
TCGA-OR-A5LA	ACC_1	611.36	1046.2	24.845	8921.0	4298.1	14.197000000000001	2220.1	8270.6	293.7	8307.9	0.036345	375.33	0	6.2112	1355.8	2751.6	93975.0	1023.1	0.044594	14.197000000000001	1095.8	6.3686	4163.8	655.72	3442.8	849.16	10.648	0.26964	1292.5	597.16	350.49	125.11	5250.4	0.0	1700.1	4106.5	1734.7	188.11	194.32	51.464	872.23	94.055	4028.4	51.464	59.074	620.23	816.33	1.7746	0	223.6	0.0	326.53	0.021575	0.095212	1874.0	459.63	3855.4	0.06527899999999999	0	68.491	31.943	0.0168	385.98	0.032208	65.661	783.5	3385.1	158.83	0.027879	1913.9	436.56	7.0985	2057.7	133.98	12816.0	1976.0	541.26	6.2112	0.014913999999999998	0.014832	1283.0	862.47	10.648	1206.7	2639.8	0.052784000000000005	91.39299999999999	247.56	20.408	539.66	100.27	171.25	316.77	0.024439	401.95	0.0	0.021117	555.46	1256.4	0.027932	0.019538	2052.3	0.044621	3735.6	0.037318000000000004	0.048815	2315.0	0.039083	0.048229	0.05909299999999999	0.013244999999999998	1461.4	0.014780000000000001	480.92	1	0	0	0	0	1	0	1	0	897.96	0.03702	0.049871	0.094514
TCGA-OR-A5LB	ACC_3	241.52	731.44	82.527	1433.3	490.5	566.97	1463.1	2556.9	413.57	43.828	0.024999	424.29	0	68.07300000000001	108.64	508.22	77837.0	642.03	0.036971	342.7	7308.5	4.055	1032.8	308.66	27.509	147.8	0.0	0.16644	19.993	350.62	265.76	1179.2	1655.0	89.055	595.87	674.21	1187.1	1021.6	49.888999999999996	110.5	545.52	251.78	38.699	274.16	13.276	1110.6	276.02	56.417	0	30.773000000000003	1.3988	213.08	0.022584	0.09363300000000001	648.09	942.77	790.77	0.04817	0	14.559000000000001	41.963	0.020434	1030.8	0.056525	36.368	1781.6	1458.4	208.42	0.043449	1278.5	432.22	1.865	26.11	333.84	7810.7	825.74	6.5276	287.21	0.018189	0.014088	359.02	612.66	28.908	2871.2	1386.2	0.08747200000000001	191.63	514.75	1.865	554.34	269.96	733.42	397.71	0.018074	790.3	2.3313	0.8458	335.24	757.2	0.38981	0.029432999999999997	972.61	0.047766	1648.2	0.21345999999999998	0.10518	1269.2	0.076571	0.052270000000000004	0.1001	0.014528	1191.3	0.018409000000000002	523.14	1	1	0	0	0	1	1	1	0	999.18	0.8876799999999999	0.04317	0.057535
TCGA-OR-A5LC	ACC_3	32.565	1643.3	218.45	1442.3	236.09	14.925	35.278	1523.1	461.33	175.71	0.17912	0.6784	0	8.1411	261.19	1333.8	81750.0	468.11	0.44186000000000003	159.43	8301.9	61.663999999999994	33614.0	96.337	27.136999999999997	0.6784	1.3569	0.7347100000000001	247.21	189.96	173.0	69.878	2424.9	1242.2	820.89	1168.9	187.25	776.8	645.18	4.0706	729.99	187.25	1636.4	0.6784	1.6672	764.59	310.72	1259.2	0	0.6784	6.1058	6.7843	0.032217	0.59435	683.85	691.32	858.21	0.041596	0	3.011	136.36	0.022798	2108.5	0.07342699999999999	65.807	837.18	304.61	176.39	0.048069	426.73	700.81	0.6784	40.027	197.42	26335.0	65.807	4.0706	2894.2	0.015433	0.092352	1000.0	637.72	0.0	1848.7	1168.2	0.036634	276.95	1175.7	20.352999999999998	611.53	279.51	362.28	544.1	0.028804000000000003	1063.8	90.90899999999999	0.020484	478.29	683.85	0.15082	0.043636	997.29	0.19571	2229.3	0.035475	0.042526999999999995	596.34	0.03318	0.034929	0.13634000000000002	0.013252000000000002	2664.9	0.016005000000000002	482.36	1	1	1	1	-1	-1	-1	1	-1	705.56	0.8976799999999999	0.079773	0.10887999999999999
TCGA-OR-A5LD	ACC_2	651.29	1861.1	1.3569	4146.5	522.39	17.639	181.82	3869.7	78.697	1563.1	0.8675700000000001	9.498	1	446.4	3310.7	2512.9	8786.5	1622.8	0.058114	2.7137	4114.0	10.909	9428.9	101.76	12.212	255.09	0.0	0.91984	4.559	1.3569	127.54	4811.4	1720.0	181.82	591.59	518.32	343.28	411.13	1.3569	16.282	52.917	194.03	8115.3	4.0706	0.097976	1936.2	318.86	495.25	1	0.0	2.7137	0.0	0.05910599999999999	0.058749	541.38	335.14	449.12	0.23051999999999997	1	0.21336999999999998	21.71	0.83183	4384.0	0.52155	58.345	740.84	1888.7	58.345	0.87835	534.6	276.8	0.0	118.05	263.23	22307.0	67.843	21.71	635.01	0.73316	0.49398000000000003	408.41	704.21	14.925	1812.8	841.25	0.13845	293.08	1744.9	2.7137	1430.1	120.76	510.18	629.58	0.61736	1046.1	0.0	0.024354	203.53	1781.5	0.8310700000000001	0.46971999999999997	487.11	0.22493000000000002	3112.6	0.54501	0.73906	440.98	0.82432	0.7420399999999999	0.9172299999999999	0.8780399999999999	1336.5	0.8860299999999999	318.86	0	0	1	0	-1	0	0	-1	0	1183.2	0.92361	0.10602	0.055585
TCGA-OR-A5LE	ACC_2	0.615	1258.9	742.96	1384.5	683.31	0.0	23.986	4107.2	193.74	1067.7	0.45729	42.438	0	1695.0	45.513000000000005	1667.4	17250.0	373.94	0.046085	4.3053	6063.6	81.38600000000001	67156.0	44.283	4.3053	44.898	0.0	0.08490199999999999	91.99700000000001	117.47	256.47	1312.5	2335.6	1430.0	397.93	1414.0	379.48	2392.5	4.9203	4.3053	37.516999999999996	383.78	330.27	0.0	0.045408	1511.8	247.25	1.8451	0	0.0	3.6902	477.27	0.025384999999999998	0.057776	806.93	973.6	234.33	0.09297000000000001	0	-0.019288999999999997	3.6902	0.023644	2610.1	0.036603	14.761	1281.1	667.31	83.645	0.083496	1858.6	147.61	0.615	24.601999999999997	368.41	13643.0	23.986	1.2301	1881.4	0.47857	0.017249	172.82	461.28	30.752	7817.1	1180.9	0.17658	236.86	1810.0	2.4601	2119.1	236.79	532.62	648.25	0.018969	2011.2	6.7654	0.020104	617.5	1428.7	0.031475	0.42691999999999997	2647.1	0.097798	2501.3	0.50475	0.063743	2626.8	0.040744	0.05114	0.27078	0.016919999999999998	3952.8	0.017871	815.54	0	0	0	1	-1	-1	0	0	0	1791.6	0.057826999999999996	0.088148	0.063191
TCGA-OR-A5LG	ACC_2	223.41	1029.3	122.85	744.85	315.78	135.59	799.0	5005.1	188.38	1575.7	0.014819	5.0051	0	10.465	161.53	1785.5	59038.0	1005.6	0.053738	9.1002	5573.0	12.695	5323.1	118.76	58.696000000000005	96.917	0.0	0.048421	139.52	642.02	165.17	57.331	2422.8	283.47	1153.5	1090.7	1697.2	292.57	620.18	103.29	757.59	63.246	1059.3	309.41	8.808	2203.2	187.01	134.68	0	416.33	5.0051	10.01	0.023809999999999998	0.060388	550.56	585.6	492.78	0.084703	0	12.132	18.2	0.022005	1600.7	0.46376999999999996	20.02	930.5	2326.0	55.056000000000004	0.018022999999999997	553.75	975.54	2.7301	50.051	469.12	20053.0	384.48	1224.9	215.68	0.014177	0.015531	463.2	776.7	0.0	2531.7	2757.8	0.82044	210.67	715.28	1.365	1067.1	615.17	112.39	721.19	0.034520999999999996	861.79	0.455	0.023527	710.27	1492.0	0.063502	0.026920999999999997	1819.6	0.032712	1908.3	0.036512	0.075521	1093.4	0.12975	0.037899	0.071088	0.014218999999999999	2885.7	0.014969	749.86	0	0	0	0	-1	0	0	0	-1	1583.9	0.030361000000000003	0.046837000000000004	0.067467
TCGA-OR-A5LH	ACC_1	237.57	541.46	83.35799999999999	5700.3	12738.0	23.618000000000002	852.1	4906.5	351.03	6030.5	0.018425999999999998	300.09	0	6.4834	555.25	2730.4	47974.0	1322.6	0.039037999999999996	1.3893	1281.4	9.8331	3754.9	633.05	3883.5	219.51	0.0	0.048255	1814.6	1343.9	483.47	194.96	5082.7	13.43	1933.0	5159.4	1206.8	78.727	492.74	35.658	2162.7	218.58	7147.0	526.54	126.13	836.82	369.09	0.4631	0	177.83	2.3155	553.4	0.021823	0.076137	947.03	421.88	2889.3	0.055178	0	94.51700000000001	12.967	0.020828	184.31	0.036386	50.478	1333.7	2445.6	302.4	0.01815	2030.7	562.2	34.269	1773.7	235.72	6042.5	1588.4	1180.9	102.81	0.012454	0.012473999999999999	733.08	772.45	1832.5	1421.2	2266.4	0.040517000000000004	125.07	461.71	209.78	814.17	276.01	169.03	314.91	0.020904	474.21	5.5572	0.019783000000000002	622.4	991.03	0.028720999999999997	0.017130000000000003	1683.8	0.038538	3432.0	0.048661	0.040366	2681.8	0.025095	0.036247	0.076527	0.012491	1653.7	0.016111	464.49	1	0	0	0	0	0	0	1	0	1450.4	0.03767	0.03021	0.0537
TCGA-OR-A5LJ	ACC_2	63.428000000000004	1296.7	53.36	52.857	571.86	21.646	147.5	3801.2	129.88	996.23	0.061542999999999994	31.211	0	1927.5	69.972	1257.5	57213.0	791.34	0.056880999999999994	174.68	4018.1	48.943999999999996	15527.0	126.86	162.09	34.734	0.5034	0.81897	144.29	79.03399999999999	329.73	6286.4	2155.4	2507.9	503.4	842.69	463.13	1128.6	53.864	6.0408	151.02	289.96	565.32	0.5034	0.75084	1114.5	242.13	295.5	0	2.517	5.5374	139.44	0.068195	0.073758	716.34	730.93	595.52	0.052164	0	1.31	27.183000000000003	0.018285	3004.6	0.036279	85.074	440.47	1679.3	153.54	0.12472000000000001	538.64	646.87	0.0	68.462	386.11	22080.0	540.65	3.5238	1436.2	0.016951	0.017943	208.41	602.51	168.64	2305.1	1798.6	0.81709	209.41	242.13	1.5102	802.12	548.2	646.87	390.64	0.14377	951.42	1.5102	0.020286000000000002	371.51	1398.4	0.029127999999999998	0.023981	1060.7	0.034845	3631.5	0.034527999999999996	0.14114000000000002	1152.3	0.10918	0.061997000000000003	0.053324	0.014341	1596.8	0.018257	684.12	1	1	1	0	0	0	0	1	0	663.98	0.030095	0.040791	0.60934
TCGA-OR-A5LK	ACC_1	1155.9	674.32	28.814	2132.2	1539.0	286.44	1437.3	12344.0	664.41	63483.0	0.12195	27.119	0	23.729	1533.9	2844.1	87911.0	3088.1	0.062299	5.0847	1818.6	19.104	13449.0	2005.1	14712.0	315.25	33.898	0.053663999999999996	2742.8	1210.2	306.78	128.81	3937.0	113.56	2444.1	3449.2	1850.8	208.47	505.08	405.08	522.03	72.881	6742.4	2513.6	86.916	791.52	420.34	3.3898	0	1450.8	8.4746	374.58	0.032641	0.20063	1091.5	528.81	2261.0	0.063836	0	130.34	98.305	0.023597999999999997	1139.0	0.041906	76.271	1105.1	2306.8	206.78	0.026618	1505.1	859.32	354.24	2311.9	196.61	16566.0	1717.0	577.97	49.153	0.016621	0.027181	542.37	742.37	376.27	1235.6	4569.5	0.41888000000000003	88.13600000000001	500.0	35.593	494.92	147.46	71.186	279.66	0.023739	645.76	3.3898	0.019568000000000002	350.85	755.93	0.030555000000000002	0.030029000000000004	1493.2	0.086319	1976.3	0.24386999999999998	0.22155	4893.2	0.036216000000000005	0.031518	0.065716	0.016347	1013.6	0.020191999999999998	376.27	1	0	0	0	0	0	0	1	1	667.8	0.076467	0.054341999999999994	0.07786
TCGA-OR-A5LL	ACC_2	49.648999999999994	200.36	168.09	394.2	19.142	9.5708	278.15	3288.2	83.146	2213.8	0.029861000000000002	31.105	0	2971.7	23.329	1065.3	63194.0	861.37	0.055447	8.9726	19524.0	4.8879	1744.3	23.329	845.82	686.11	0.5982	0.45688999999999996	84.522	1710.2	249.44	171.68	1272.9	1089.9	918.8	1183.2	7447.9	180.65	10.169	31.105	55.63	259.61	1234.0	49.648999999999994	5.2892	2069.7	177.06	11.963	0	6152.8	1.7945	99.29700000000001	0.16537000000000002	0.038405	555.11	577.84	1993.1	0.13452999999999998	0	1.9202	1.1964	0.024577	2653.7	0.047025	15.552999999999999	1750.3	7478.4	25.721	0.24943	690.89	601.76	2.9909	797.97	364.29	6490.2	519.82	666.97	772.25	0.016028999999999998	0.23634000000000002	384.63	1158.1	397.79	3082.4	2076.9	0.17945	215.34	400.78	0.5982	1631.4	744.13	62.21	2947.8	0.032279	1116.2	0.5982	0.030625	488.11	812.92	0.045215	0.045093	3078.8	0.11585	3356.4	0.087555	0.33953	594.59	0.052195000000000005	0.082938	0.16392	0.016153	1170.6	0.30634	523.4	-1	1	0	1	0	0	1	0	-1	1421.9	0.049401	0.094737	0.31112
TCGA-OR-A5LM	ACC_1	682.58	519.04	46.225	12532.0	3762.3	921.51	602.73	4181.3	307.97	10346.0	0.021727	100.86	0	2.4013	217.32	966.53	18309.0	3876.3	0.035829	6.6036	2939.8	1.2885	1009.4	201.71	1013.4	357.8	0.6003	0.033382999999999996	618.86	1644.9	333.78	88.84899999999999	3168.4	63.035	3309.0	2115.0	2730.3	290.56	1747.6	291.76	2429.5	155.49	6244.6	1138.8	31.340999999999998	1000.1	189.7	0.0	0	2767.5	1.2007	300.76	0.20611	0.10221000000000001	1525.4	848.27	853.07	0.06443099999999999	0	26.897	38.421	0.018844	608.13	0.035088	56.431000000000004	1348.9	2513.0	244.94	0.09370099999999999	1494.8	584.72	2.4013	106.26	238.33	8653.8	578.72	234.73	30.017	0.014081999999999999	0.015984	790.63	519.89	974.94	1839.4	2096.3	0.44298000000000004	139.88	564.91	23.413	766.23	220.32	62.434	325.98	0.018922	597.93	0.6003	0.020315	1191.1	1030.8	0.03337	0.022231	2231.4	0.040249	2084.9	0.45716	0.29353	1999.1	0.033233	0.029802	0.080321	0.015355	1382.0	0.015903999999999998	866.88	1	-1	0	-1	-1	1	1	1	1	1109.4	0.8628600000000001	0.068754	0.067548
TCGA-OR-A5LN	ACC_1	413.87	1026.2	6.9364	3164.2	3713.3	231.21	536.42	6426.6	430.06	2165.3	0.020587	1263.6	0	17.340999999999998	373.41	1391.9	77331.0	2906.4	0.041825	2.3121	2972.2	16.502	10970.0	1379.2	635.84	43.931000000000004	0.0	0.043533999999999996	2360.1	1241.6	537.57	72.832	4529.1	2.3121	1965.3	3394.2	1493.6	109.83	224.28	265.9	106.36	80.925	5385.0	957.23	66.21300000000001	753.76	489.02	8.0925	0	594.22	2.3121	284.39	0.036427999999999995	0.051639	1275.1	376.88	5137.6	0.06919600000000001	0	113.91	33.525999999999996	0.017429	2789.5	0.030711000000000002	122.54	1065.9	3082.1	188.44	0.12607000000000002	1737.6	730.64	6.9364	1889.0	235.84	8270.5	4306.4	2364.2	4.6243	0.014411000000000002	0.012362999999999999	2037.0	1556.1	6.9364	1202.3	2649.7	0.077568	130.64	436.99	6.9364	1100.6	179.19	78.613	571.1	0.015562999999999999	591.91	0.0	0.018303	761.85	1074.0	0.031183	0.018179	1803.5	0.038883999999999995	3728.3	0.12659	0.043720999999999996	1524.9	0.043469	0.044236000000000004	0.075215	0.014051	1659.0	0.017324000000000003	419.65	1	0	-1	0	0	-1	-1	1	1	554.91	0.056945	0.053019000000000004	0.067601
TCGA-OR-A5LO	ACC_2	162.9	670.03	139.84	4106.2	1151.8	16.819000000000003	111.97	2928.4	222.01	2029.8	0.29359	63.912	1	9.1302	89.38	1126.4	40368.0	773.67	0.033236	87.939	2182.1	37.919000000000004	24511.0	206.15	106.2	14.897	0.4805	0.8546100000000001	51.84	208.07	364.73	5764.5	1394.6	231.14	686.69	1804.9	838.54	955.31	3.8443	22.585	1400.8	208.07	903.89	381.55	16.305	1005.3	247.0	29.313000000000002	1	16.819000000000003	0.9611	304.18	0.13925	0.08100299999999999	635.27	399.33	931.76	0.071483	1	10.949000000000002	88.419	0.42728999999999995	2245.0	0.046931	26.43	1932.7	2273.9	238.83	0.55118	1461.3	548.77	0.0	74.003	403.17	13737.0	1126.4	4.3248	169.15	0.50647	0.71753	135.99	853.86	525.23	2882.8	1423.3	0.16074000000000002	137.01	734.74	2.4027	576.61	659.3	740.51	390.2	0.096201	1051.9	10.572000000000001	0.023133	434.89	1038.4	0.38343	0.028506999999999998	1265.7	0.6940000000000001	1888.0	0.52951	0.43299	2270.1	0.052400999999999996	0.79713	0.66964	0.10489000000000001	1195.6	0.043494	521.38	1	0	0	0	-1	1	1	1	0	1039.4	0.86866	0.075278	0.068008
TCGA-OR-A5LP	ACC_1	216.85	485.6	42.313	6997.0	1047.7	873.58	1416.2	6514.0	1303.3	7782.9	0.021363999999999998	428.42	0	38.346	277.68	2191.4	119410.0	1546.6	0.039904	2.6446	2360.3	4.3285	3411.0	657.17	5075.3	4891.1	3.5261	0.048454000000000004	1546.5	1090.0	337.18	211.12	5784.4	14.545	2550.2	2052.6	4194.3	721.52	395.8	870.5	926.03	59.943000000000005	4429.6	431.06	41.36	1048.6	312.5	16.749000000000002	0	1312.1	1.3223	357.45	0.032635000000000004	0.10518	895.62	573.87	2846.9	0.045852	0	44.025	17.19	0.022828	1704.8	0.030918	85.507	1950.8	3225.5	271.07	0.016512	1220.9	926.92	6.6114	826.42	205.39	9498.8	1833.1	1969.3	62.588	0.013444	0.01402	2511.9	1097.5	2.2038	1233.2	2469.1	0.029452999999999997	117.72	439.0	33.938	735.83	332.77	30.853	365.83	0.019277000000000002	561.09	3.0853	0.020087	700.37	926.03	0.029595999999999997	0.018671	1671.4	0.046689999999999995	2779.0	0.028607	0.021698	2618.6	0.026938999999999998	0.022441	0.07502	0.014309	2087.9	0.018693	673.48	1	0	0	0	0	0	0	1	0	904.0	0.046458	0.056696	0.051139
TCGA-OR-A5LR	ACC_1	251.05	386.56	9.205	14303.0	2383.3	28.451999999999998	4028.4	11704.0	753.14	8244.4	0.019879	1299.6	0	10.879000000000001	1510.5	3820.9	53258.0	2123.0	0.040351	5.0209	1883.7	6.0025	3988.6	1098.7	6167.4	789.12	5.8577	0.048716	1115.0	1016.7	450.21	198.33	4829.5	4.1841	3088.7	4312.1	3980.8	116.32	172.38	456.9	738.91	71.96600000000001	4047.7	249.37	37.295	989.12	666.95	0.8368	0	98.745	4.1841	345.61	0.07161100000000001	0.1003	2118.8	671.97	2605.9	0.038734	0	69.343	10.879000000000001	0.023397	1388.3	0.035414999999999995	37.657	1893.7	2454.4	210.88	0.016837	1520.5	1074.5	9.205	3365.7	263.6	7810.0	3080.3	3145.6	15.9	0.01365	0.015574000000000001	510.46	1323.8	0.8368	1113.8	2627.6	0.032695	140.59	452.72	15.062999999999999	476.07	102.93	84.51899999999999	382.43	0.030751	596.65	0.8368	0.017365000000000002	575.73	2995.0	0.023939	0.02231	1740.6	0.06895499999999999	5051.9	0.053728	0.12082000000000001	2292.1	0.030472000000000003	0.035357	0.077183	0.013205000000000001	1386.6	0.016252000000000003	793.3	1	0	0	0	0	0	0	0	0	878.66	0.062087	0.044973	0.055701
TCGA-OR-A5LS	ACC_3	387.6	538.03	16.262999999999998	1886.5	157.21	14.908	323.23	2086.4	200.58	25.75	0.033752	131.46	0	451.97	84.70299999999999	342.88	15603.0	589.53	0.073375	248.69	5694.7	7.2728	3417.6	111.81	178.89	59.631	2.0329	0.27014	51.376999999999995	297.48	271.73	1415.5	1484.8	234.46	752.16	985.94	2562.8	1151.3	1747.6	8.8091	371.34	300.19	156.53	965.61	2.6161	624.77	243.27	103.0	0	14.23	0.6776	201.25	0.022147	0.090602	632.9	783.33	651.19	0.05942000000000001	0	6.1816	8.1315	0.019142	1640.8	0.03494	19.651	1843.1	568.52	281.21	0.14773	1098.4	466.2	0.0	97.57799999999999	269.02	4501.4	575.98	8.1315	802.3	0.020148	0.01296	1339.0	587.5	1.3552	2969.3	1060.5	0.095842	182.96	460.78	24.394000000000002	859.96	73.183	1039.5	571.24	0.021439	1751.7	1.3552	0.019263	222.94	731.83	0.034782	0.020658000000000003	1783.5	0.47486000000000006	1715.7	0.18908	0.041651	1727.9	0.03258	0.041762	0.14978	0.015281	1167.5	0.022477	247.33	1	1	-1	-1	-1	1	1	1	-1	941.22	0.6906800000000001	0.55866	0.07803500000000001
TCGA-OR-A5LT	ACC_1	1071.4	618.89	8.5034	5720.2	2220.2	302.72	764.46	10190.0	1037.4	6896.3	0.017596	118.2	0	0.8503	32.313	722.79	107210.0	1203.2	0.032223	7.6531	4609.7	1.7837	584.42	359.69	31383.0	1376.7	7.6531	0.045797000000000004	401.11	1065.5	153.06	27.211	3040.8	71.429	1488.1	2663.3	16080.0	269.56	57.823	1531.5	69.72800000000001	132.65	4168.4	985.54	74.435	510.2	183.67	17.007	0	90.986	0.8503	219.39	0.40345	0.085673	706.63	471.09	4575.7	0.056809000000000005	0	150.99	146.26	0.014687	1829.1	0.029269999999999997	44.218	1065.5	1449.8	598.64	0.015955	1357.1	696.43	3.4014	1052.7	228.74	6154.8	968.54	1737.2	40.816	0.012818000000000001	0.012388	1068.9	652.21	2.551	1167.5	2700.7	0.16082	120.75	471.94	1.7007	1909.6	45.918	298.47	409.01	0.037854	519.56	1.7007	0.018803	764.46	473.64	0.020799	0.022583000000000002	1726.2	0.030674	1470.2	0.019558000000000002	0.038133999999999994	2250.8	0.032766	0.041203	0.08191	0.010369	1460.0	0.019206	914.97	1	1	0	0	1	1	-1	-1	0	329.08	0.23265999999999998	0.035697	0.070661
TCGA-OU-A5PI	ACC_3	1598.1	694.09	87.229	3282.8	397.95	170.47	2470.3	3021.7	326.11	1035.3	0.023358	83.238	0	16.534000000000002	165.91	591.79	76587.0	740.02	0.043105000000000004	129.99	3884.8	31.288	10668.0	574.69	1661.9	11.972999999999999	2.2805	0.12442	27.416999999999998	123.15	210.38	1294.8	1424.4	72.406	1290.8	571.84	2478.3	600.91	379.7	11.402000000000001	3692.1	554.73	419.04	603.76	9.2485	895.1	228.62	49.601000000000006	0	149.94	1.7104	153.36	0.030107	0.10530999999999999	855.19	904.22	740.02	0.060886	0	11.219000000000001	133.98	0.019694	1924.9	0.028647000000000002	278.22	1814.1	1443.6	224.06	0.66052	655.07	466.36	3.9909	82.66799999999999	316.99	3064.4	538.77	328.96	648.23	0.012098000000000001	0.029615	777.08	543.9	141.96	2715.5	1730.9	0.034145999999999996	144.81	333.52	2.8506	558.99	181.87	473.77	243.44	0.024861	1319.8	3.9909	0.019594	339.23	496.58	0.07888200000000001	0.024411000000000002	1181.9	0.25986	1446.4	0.2541	0.63648	622.58	0.067651	0.039977	0.08606	0.015375999999999999	1669.9	0.020235	279.36	1	1	-1	-1	-1	1	1	1	-1	1349.5	0.61122	0.042674000000000004	0.067123
TCGA-PA-A5YG	ACC_1	2014.8	400.16	34.674	9178.5	1500.2	758.67	2620.4	5601.5	1009.2	13460.0	0.021226	130.84	0	7.8595	355.99	2667.1	82432.0	916.78	0.037160000000000006	5.0855	3170.1	13.405	6406.3	607.95	4645.4	5044.9	0.4623	0.044805000000000005	647.92	711.05	466.48	169.67	4638.1	8.3218	1923.7	1622.3	3198.8	354.14	298.2	706.89	566.8	63.8	6196.9	1757.7	29.906999999999996	1063.8	381.42	5.0855	0	870.55	1.8493	359.69	0.02632	0.093702	1108.7	512.71	5257.1	0.060162	0	23.291	18.493	0.022389	1077.4	0.032291	155.34	1927.4	3813.7	244.1	0.032105	1337.0	778.55	5.0855	794.27	202.5	13086.0	1869.2	1508.1	67.961	0.013734	0.023443000000000002	812.76	971.78	239.94	1779.0	3032.4	0.054913	126.68	531.21	104.02	504.1	276.0	49.006	259.36	0.019396	509.48	1.3869999999999998	0.020668000000000002	633.84	1194.6	0.031773	0.023178999999999998	1383.7	0.051054	2093.8	0.032248	0.054915	2950.5	0.030867000000000002	0.047261000000000004	0.051682000000000006	0.011977	1726.8	0.021269999999999997	711.51	1	0	0	0	0	0	0	1	0	838.19	0.040045	0.049208	0.075487
TCGA-PK-A5H9	ACC_1	891.91	554.04	12.911	427.81	31801.0	581.7	1245.4	3898.1	873.42	8239.0	0.023678	666.49	0	3.1405	311.96	4248.1	65004.0	954.72	0.042275	5.5832	4458.9	2.3949	1316.2	822.47	94.914	1.0468	0.0	0.038188	770.62	710.81	745.01	241.12	3774.0	6.63	2960.1	3280.8	1385.3	492.37	519.24	519.93	185.64	178.31	2680.6	309.87	34.676	1345.2	419.44	1.7447	0	1.3958	0.6979	517.49	0.032177	0.06442200000000001	978.45	586.93	3238.9	0.059578	0	37.394	7.3279	0.018949	527.15	0.034348000000000004	53.04	1389.9	905.17	369.89	0.038876	456.43	1110.7	0.6979	1771.3	213.91	4399.9	3044.9	3482.2	239.38	0.014958	0.013436000000000002	669.63	774.32	377.56	1693.8	1650.2	0.07464	220.88	199.95	1.3958	693.56	156.68	22.333000000000002	525.17	0.026019	977.41	0.0	0.017796	363.26	1011.6	0.045576	0.023816999999999998	3133.2	0.047501	1994.6	0.040615	0.042094	757.22	0.03544	0.08733300000000001	0.06908500000000001	0.01377	1671.1	0.020263999999999997	1115.9	0	-1	0	0	0	0	0	0	0	898.19	0.14181	0.065626	0.099353
TCGA-PK-A5HA	ACC_1	224.92	611.56	11.577	4420.1	2800.4	22.051	31.421999999999997	6846.8	1987.9	19952.0	0.07095900000000001	0.0	1	0.0	146.64	2950.4	194790.0	4856.7	0.035738	6.0639	546.86	27.324	21216.0	1613.0	1134.5	1577.7	1.6538	0.051564	2439.8	605.84	694.6	84.895	2379.9	1.6538	1731.0	3076.1	995.04	120.18	1615.2	808.71	541.35	66.152	3766.3	27.011999999999997	70.809	708.38	402.43	29.217	1	824.7	10.474	246.42	0.72453	0.076515	1342.3	611.91	3491.7	0.064082	0	88.145	23.153000000000002	0.022612	284.87	0.044817	71.11399999999999	1369.9	3770.1	100.33	0.58127	760.2	529.77	136.16	242.01	262.95	13580.0	3894.2	1625.7	141.68	0.017594	0.52587	995.04	1224.9	538.59	1763.0	2421.2	0.43978	98.677	346.2	4.9614	364.57	168.14	135.61	588.75	0.026782	1418.4	0.0	0.021539	367.14	907.39	0.24618	0.028085000000000002	2834.1	0.047685000000000005	8059.0	0.47301000000000004	0.17619	2293.8	0.095264	0.64305	0.12387999999999999	0.019438	2283.3	0.023987	539.14	1	0	-1	0	-1	-1	-1	0	1	469.13	0.034751	0.066591	0.07749299999999999
TCGA-PK-A5HB	ACC_2	52.526	1451.1	11.227	339.62	85.405	66.56	78.589	4330.4	475.54	217.32	0.32863000000000003	1.6038	0	9.2221	44.106	300.32	67645.0	1530.9	0.41062	346.43	154.77	24.151999999999997	21673.0	96.632	23.656999999999996	241.78	0.8019	0.73435	6.684	106.25	124.7	582.2	1627.9	756.22	1026.9	961.11	710.1	4254.6	6.8164	4.4106	192.86	651.97	98.637	4.0096	0.7729600000000001	1455.9	125.5	13.232000000000001	0	62.148999999999994	5.6135	228.55	0.024638	0.057423	846.43	942.26	437.05	0.37264	1	0.7742100000000001	3.2077	0.28231999999999996	2413.1	0.038448	22.053	89.415	1519.2	671.21	0.01877	834.4	451.08	2.4058	131.92	215.72	23248.0	9.2221	18.043	263.83	0.19174000000000002	0.015338999999999998	810.35	334.0	47.31399999999999	3734.6	1728.2	0.45111999999999997	246.99	915.4	0.0	1218.4	364.48	140.34	517.64	0.024141	730.95	6.0144	0.77777	217.72	1129.9	0.70111	0.12546	2573.0	0.035877	2978.8	0.52867	0.41436000000000006	773.86	0.49663	0.13388	0.29686999999999997	0.020753	2543.7	0.018607	776.26	0	0	0	0	-1	0	0	0	0	592.22	0.76946	0.043976999999999995	0.067521
