TGCT	Labels	B:MUTA:LOF:HIST1H3C::	N:GEXP::BIRC5:332:	N:GEXP::LGALS3BP:3959:	N:GEXP::STK17A:9263:	N:GEXP::PVRL1:5818:	N:GEXP::PERP:64065:	N:MIR::hsa-miR-205-5p:Corrected:	N:GEXP::GPC3:2719:	N:GEXP::TIMP2:7077:	N:GEXP::STK17B:9262:	N:GEXP::STK10:6793:	N:GEXP::TNRC6C:57690:	N:GEXP::GPC4:2239:	B:MUTA:COMP:CIC::	N:GEXP::TK1:7083:	N:GEXP::SOX21:11166:	N:GEXP::AFMID:125061:	N:METH:cg05258214:STK19:TssU25:Shore	N:METH:cg00211661:ARAP1:TssU215:NA	N:GEXP::EPS8L2:64787:	N:GEXP::TBL1XR1:79718:	B:MUTA:COMP:KIT::	N:METH:cg03025013:CANT1:TssU236:Shore	N:GEXP::GSTK1:373156:	B:MUTA:COMP:CANT1::	I:CNVR::STK11:6794:	N:GEXP::STK11IP:114790:	N:GEXP::CANT1:124583:	N:MIR::hsa-miR-30e-5p:Corrected:	N:METH:cg06921464:LINC00608:TssD2618:Shore	B:MUTA:LOF:CANT1::	B:MUTA:COMP:STK19::	N:GEXP::MID1:4281:	N:GEXP::STK19:8859:	N:GEXP::STK11:6794:	N:MIR::hsa-miR-5589-3p:Corrected:	N:GEXP::CYTH1:9267:	N:GEXP::TMC6:11322:	N:METH:cg10436594:ADNP2:TssU73:Shore	N:METH:cg21508023:STK10:TssU127:NA	N:GEXP::SOCS3:9021:	N:GEXP::TMC8:147138:	N:GEXP::PGS1:9489:	N:GEXP::STK16:8576:	N:METH:cg02565715:RP11-13K12.2:TssD65:Island	N:GEXP::SYNGR2:9144:	N:GEXP::USP36:57602:	N:METH:cg20009594:LINC00937:TssU111:Island	N:GEXP::C17orf99:100141515:	I:CNVR::CYTH1:9267:	N:GEXP::FLJ45079:400624:	N:GEXP::DNAH17:8632:	N:MIR::hsa-miR-1179:Corrected:	N:MIR::hsa-miR-548x-3p:Uncorrected:	I:CNVR::STARD9:57519:	I:CNVR::ZNF575:284346:	I:CNVR::FLJ40194:124871:	I:CNVR::LOC101929217:101929217:	N:METH:cg12981137:MGMT:TssD48:Island	N:METH:cg01256674:NA:NA:Shore	N:METH:cg03795903:LCLAT1:TssU153:Shore
TCGA-2G-AAEW	TGCT_1	0	863.98	6317.6	1588.9	127.94	117.1	107.0	47.088	3769.9	575.9	1777.9	2323.8	15.799000000000001	0	616.18	0.0	125.16	0.051101	0.027293	69.39399999999999	1946.4	0	0.02034	809.8	0	0	1041.2	1495.4	10831.0	0.059769	0	0	33.458	279.01	1369.9	0.51923	3351.3	938.67	0.020253	0.057458	590.46	606.57	621.44	190.52	0.023178	1465.9	3022.0	0.051184	1.5490000000000002	0	0.9294	28.811	0.23193000000000003	2.7944	0	0	0	1	0.013817	0.030604000000000003	0.032131
TCGA-2G-AAEX	TGCT_1	0	823.64	3224.4	1131.5	188.26	318.34	3163.2	6.846	3046.9	689.98	1232.3	1176.9	50.856	0	827.87	0.978	92.90899999999999	0.045573	0.050253	68.46	1889.5	0	0.032329000000000004	821.52	0	1	597.55	1071.9	8694.4	0.06966699999999999	0	0	143.28	303.67	1599.0	0.51923	1030.3	852.32	0.023246	0.022555000000000002	417.6	599.02	471.88	458.68	0.10056	1820.0	2203.4	0.050334	0.978	0	0.0	45.477	0.24625999999999998	6.3883	1	1	0	1	0.011387999999999999	0.02447	0.032981
TCGA-2G-AAF1	TGCT_1	0	700.13	5290.0	1705.0	119.19	312.94	388.05	3.9864	3171.2	765.0	2345.6	2008.4	18.736	0	454.06	0.0	124.78	0.046426999999999996	0.033625	64.182	2027.9	1	0.020828	938.41	0	0	942.0	1695.0	11593.0	0.11360999999999999	0	0	35.878	282.51	1216.7	0.51923	2799.3	1173.6	0.021119	0.045308999999999995	532.99	1064.4	570.86	214.47	0.031535	1888.4	3324.7	0.0522	1.1959	0	0.0	27.108	0.18588	4.0197	1	0	0	1	0.012545	0.030192	0.033327999999999997
TCGA-2G-AAF4	TGCT_1	0	587.15	2722.5	1821.5	71.393	218.2	595.11	84.96700000000001	1220.7	799.9	1719.0	1422.5	7.5415	0	473.1	1.0055	77.426	0.034983999999999994	0.041557	37.205	2524.9	0	0.025792000000000002	730.01	0	0	815.49	1154.3	12692.0	0.038047000000000004	0	0	40.724000000000004	248.91	1324.8	0.51923	1052.3	967.32	0.023393999999999998	0.023327	344.9	925.09	700.32	486.17	0.033905000000000005	1323.3	2629.5	0.061872	1.0055	-1	0.5028	48.798	0.10181	10.818	0	0	-1	1	0.014996	0.031531	0.038797000000000005
TCGA-2G-AAF6	TGCT_1	0	672.23	2238.5	1227.8	152.21	357.9	137.08	3.821	2081.8	426.05	2592.6	2110.7	13.055	0	882.98	0.3184	114.95	0.035492	0.025713	56.997	1272.1	0	0.026623	747.01	0	0	626.65	1069.9	8465.8	0.046994	0	0	24.2	350.34	1576.8	0.51923	1328.1	1068.6	0.030557	0.069635	439.74	580.16	621.24	518.71	0.034449	1525.2	3152.4	0.045536	0.6368	0	0.3184	28.339000000000002	-0.084753	9.6682	0	0	0	1	0.013105	0.040762	0.039169999999999996
TCGA-2G-AAF8	TGCT_1	0	1412.7	3411.8	1193.8	156.03	274.4	2434.3	115.98	3032.7	587.65	1540.6	2831.6	134.51	0	1415.0	3.5869	141.68	0.041798	0.048079000000000004	75.325	1945.3	0	0.033539	575.7	0	-1	583.47	1310.4	9660.1	0.052881	0	0	95.053	295.5	1303.8	0.51923	1224.9	1113.7	0.026167000000000003	0.048124	623.52	646.24	774.17	343.15	0.030041	1441.9	3052.5	0.058757000000000004	1.7935	1	0.0	69.945	0.42398	32.015	0	1	1	1	0.010654	0.025363999999999998	0.03204
TCGA-2G-AAFG	TGCT_1	0	724.24	5277.8	1181.4	211.05	585.31	454.46	11.128	2549.0	754.45	1983.3	2658.6	32.27	0	771.88	0.3709	71.959	0.047628	0.059614	70.846	1933.2	0	0.040857	972.18	0	-1	808.98	1424.3	7358.6	0.076905	0	0	27.076999999999998	372.44	1426.9	0.51923	1339.8	1079.0	0.024335	0.082501	777.82	945.48	905.41	379.82	0.034063	2181.4	3209.2	0.056540999999999994	0.0	0	0.0	52.437	-0.084753	0.33676999999999996	0	0	0	1	0.012828999999999998	0.043345999999999996	0.038176
TCGA-2G-AAFH	TGCT_1	0	598.13	2865.7	1149.4	75.758	840.65	4630.0	10.972000000000001	2484.8	737.2	1554.9	1280.1	13.062000000000001	0	710.55	0.0	96.656	0.039258999999999995	0.07592	54.858999999999995	2341.7	0	0.019235	986.94	0	1	1176.6	831.24	7340.5	0.085113	0	0	21.421	297.96	1261.2	0.51923	1054.3	839.6	0.02029	0.053616	517.24	741.38	624.87	507.31	0.36525	1689.1	2713.7	0.045449	0.0	0	0.5225	49.63399999999999	0.32569000000000004	7.3593	1	1	0	1	0.012936000000000001	0.040166	0.051569000000000004
TCGA-2G-AAFI	TGCT_2	1	1230.4	3124.7	521.2	2514.3	2262.1	3118.4	9440.3	2282.3	474.6	2251.4	877.84	8598.5	1	2525.4	45.07899999999999	416.86	0.12046	0.48677	822.06	4378.3	0	0.42489	1035.3	1	-1	736.46	1702.4	7750.1	0.40066999999999997	1	0	1710.5	207.78	1020.1	0.51923	576.41	708.1	0.18959	0.17525	3595.7	192.47	779.52	377.86	0.10377	1972.3	3206.2	0.32118	1.013	1	0.0	43.053000000000004	1.8203	0.0	0	0	1	1	0.043186	0.27011	0.097386
TCGA-2G-AAFJ	TGCT_2	1	714.35	5624.2	477.35	1839.2	3454.4	22997.0	3796.9	9271.3	506.22	957.69	927.25	954.7	0	1501.2	18.915	364.86	0.13853	0.3157	1259.3	2819.8	0	0.056804999999999994	1017.4	0	-1	707.82	1816.3	6112.1	0.26893	0	0	1261.8	522.74	1172.2	0.51923	815.33	643.11	0.16116	0.072046	3320.6	82.13	803.38	606.27	0.037137	1411.7	1650.1	0.09819299999999999	3.9821	0	0.0	59.233000000000004	0.94786	0.0	0	-1	0	0	0.037372	0.1149	0.048794
TCGA-2G-AAFL	TGCT_2	0	1197.0	10948.0	1068.7	1543.6	1577.2	1165.2	1087.5	8455.4	467.51	2416.8	795.75	4446.7	1	2109.2	25.525	434.59	0.077752	0.30753	613.94	1833.8	0	0.22318000000000002	1936.5	0	0	1128.5	1477.1	4880.4	0.19551	0	0	1117.0	514.28	2864.8	0.51923	1088.2	1097.6	0.048652999999999995	0.11213	2019.1	524.6	983.38	692.53	0.044516	3550.0	2233.4	0.2418	2.6868	1	0.6717	414.44	0.1438	0.0	-1	0	1	0	0.013894	0.0478	0.049704000000000005
TCGA-2G-AAFM	TGCT_2	1	1916.5	11678.0	975.35	1027.3	2039.3	3167.6	1595.3	3850.0	368.41	2717.6	892.06	4144.6	1	1976.7	18.303	511.29	0.089004	0.21833000000000002	577.42	2776.7	0	0.13696	2427.8	0	-1	895.65	935.2	7191.7	0.21773	0	0	1202.7	451.76	1393.4	0.51923	892.69	1368.0	0.087023	0.21094000000000002	967.08	885.61	655.94	541.4	0.040388	3906.7	2248.9	0.23953000000000002	4.7232	0	0.0	63.705	2.5209	0.0	-1	-1	0	1	0.012855000000000002	0.052940999999999995	0.09413200000000001
TCGA-2G-AAFN	TGCT_2	1	2033.2	2027.8	671.3	1115.0	2374.2	35213.0	1806.3	1849.5	439.04	2436.7	631.08	3155.9	1	2439.0	27.778000000000002	430.56	0.091057	0.43213	1078.7	2763.1	0	0.12666	775.46	0	-1	1171.3	1285.5	8868.7	0.42708	0	0	1267.8	457.45	2162.0	0.51923	621.91	2498.5	0.22605999999999998	0.32229	629.63	273.15	682.1	509.26	0.047343	2410.5	2380.4	0.29924	3.0864	0	0.7716	67.315	2.9755	0.5091399999999999	-1	-1	0	1	0.014083000000000002	0.060437	0.12115999999999999
TCGA-2G-AAFO	TGCT_2	0	1826.8	8302.2	1237.8	2089.7	2039.7	4215.6	559.3	8876.6	379.89	2308.8	1005.2	6355.8	1	1393.1	50.571999999999996	520.77	0.062807	0.23326999999999998	842.87	2999.4	0	0.14206	1417.2	0	0	847.68	1370.3	4578.6	0.23049	0	0	1329.3	421.23	1764.6	0.51923	966.89	1239.6	0.098096	0.23806	2562.3	440.7	809.15	526.79	0.042891000000000006	3060.8	2655.6	0.27603	0.602	1	1.2041	64.317	0.18462	0.21429	0	0	1	1	0.012657	0.033132	0.054189
TCGA-2G-AAFV	TGCT_2	1	728.26	4506.9	1138.4	1253.2	1449.9	6079.9	10499.0	6335.1	311.05	706.51	605.24	2559.1	1	1633.2	332.05	515.0	0.046107999999999996	0.46225	1165.4	3616.5	0	0.50035	1966.2	1	0	838.48	2251.5	3642.0	0.21715	1	0	559.55	366.11	1167.5	0.51923	981.15	1474.3	0.21629	0.10165	3327.3	222.79	910.03	862.04	0.033934	2022.7	1477.3	0.16118	0.4284	1	0.8569	50.129	8.8398	0.0	0	0	1	0	0.014209000000000001	0.02852	0.049065
TCGA-2G-AAFY	TGCT_2	1	733.4	7144.8	934.62	2466.8	2093.8	1337.8	969.96	5792.0	830.23	1782.2	1175.0	6737.0	1	1783.3	55.458	278.92	0.075438	0.23823000000000003	469.76	3621.6	0	0.21424	1452.2	0	-1	568.17	1065.1	4045.9	0.27836	0	0	1919.3	276.94	1478.9	0.51923	1013.5	1149.9	0.1134	0.22921	1894.2	701.92	759.55	394.18	0.040555	2779.4	3041.5	0.32871	1.0874	0	0.5437	47.846000000000004	0.39323	0.19693	0	-1	0	1	0.011124	0.031311	0.044633
TCGA-2G-AAFZ	TGCT_2	1	627.09	6808.4	950.25	2085.2	3021.2	7333.4	7628.1	6664.0	433.99	680.79	752.97	1577.3	1	1728.1	202.96	479.8	0.33289	0.47526999999999997	1325.1	3378.8	0	0.19364	1387.2	0	0	755.17	1798.0	7046.3	0.40198	0	1	1069.5	268.57	987.19	0.51923	592.12	826.6	0.19297999999999998	0.18450999999999998	1154.7	101.97	622.66	721.18	0.037978	1839.4	1436.5	0.16165	8.867	1	0.4926	30.541999999999998	1.1427	0.0	0	0	1	1	0.12301	0.31249	0.70922
TCGA-2G-AAG0	TGCT_2	1	1272.6	4042.0	720.82	2292.0	2570.3	10318.0	1768.1	2946.5	493.33	2718.5	1262.1	5232.3	1	1353.5	109.86	288.64	0.10812000000000001	0.27285	837.41	4628.6	0	0.16215	826.01	0	-1	922.4	1253.0	5180.9	0.28939000000000004	0	0	1351.5	352.34	1318.3	0.51923	745.17	1176.3	0.12976	0.27783	1234.4	398.5	948.8	420.26	0.039133	2597.2	3145.5	0.29446	2.591	0	0.0	62.728	1.1184	0.0	-1	-1	0	0	0.022352	0.05941799999999999	0.1616
TCGA-2G-AAG3	TGCT_2	1	876.71	8393.3	900.4	1101.6	1569.8	5988.8	958.04	10537.0	449.44	1405.5	2039.6	488.88	0	822.55	34.884	378.16	0.17399	0.20664000000000002	596.56	1769.5	0	0.053894000000000004	824.07	0	0	812.44	1675.9	4651.4	0.18642	0	0	666.33	446.91	1639.5	0.51923	1109.2	809.4	0.058365	0.12054000000000001	4068.2	256.32	927.71	559.15	0.027419	1701.2	2599.6	0.07259	0.5056	1	4.5501	65.217	0.03452	0.55366	1	0	1	1	0.42455	0.037176999999999995	0.031542
TCGA-2G-AAG5	TGCT_2	0	242.02	10745.0	565.87	969.86	1233.3	107.17	1662.1	19472.0	508.99	1216.3	672.67	1965.5	0	918.81	8.2645	518.23	0.11422	0.16883	1633.0	1889.2	0	0.030677	1721.9	0	0	458.44	1369.5	3394.1	0.22562	0	0	839.57	399.12	1290.7	0.51923	763.25	473.99	0.045819	0.07902	1292.2	235.78	527.95	605.74	0.033956	2285.4	1018.5	0.095624	46.67	0	0.0	44.239	0.35722	0.0	0	0	1	0	0.25904	0.044013	0.19475
TCGA-2G-AAG6	TGCT_2	1	242.26	8452.8	454.16	1028.7	2263.8	3385.5	1851.6	23204.0	385.58	883.13	968.8	2461.2	0	605.32	24.493000000000002	444.37	0.1754	0.15922	1286.2	2424.8	0	0.073418	1750.2	0	-1	452.06	2242.1	2375.5	0.18992	0	0	1158.2	371.88	1058.1	0.51923	1010.5	471.66	0.037226	0.07571	690.69	267.32	667.6	560.53	0.024849	2342.9	1517.8	0.095248	1.3996	1	2.0994	44.787	0.17665	0.0	1	-1	1	1	0.38785	0.098427	0.06871000000000001
TCGA-2G-AAG7	TGCT_2	1	1330.9	2010.0	1020.9	1256.9	1648.5	5201.8	280.33	2468.6	321.34	1507.1	737.71	1099.6	1	1713.0	53.556000000000004	171.55	0.14701	0.4091	1108.0	3635.2	0	0.28919	341.42	0	-1	1024.3	1049.4	4578.6	0.36164	0	0	871.13	289.98	1174.9	0.51923	396.65	917.15	0.19948	0.34554	767.36	125.52	629.29	364.02	0.054276	1518.0	2403.3	0.30858	0.0	0	0.8368	54.393	0.6785899999999999	0.0	0	-1	0	0	0.24505	0.2148	0.11039000000000002
TCGA-2G-AAG8	TGCT_2	0	1773.0	6223.8	1044.5	1913.0	3082.4	3360.4	770.28	5296.8	667.37	2050.8	1237.3	3568.9	1	2664.8	124.43	419.8	0.073442	0.30664	620.44	3055.3	0	0.27398	1453.6	0	-1	976.09	1836.8	4576.2	0.23438	0	0	523.13	353.48	1311.5	0.51923	931.74	1256.4	0.094929	0.15175	1445.0	267.38	790.94	638.1	0.054780999999999996	3504.8	3037.6	0.26308000000000004	2.1528	1	0.0	199.41	0.40468000000000004	0.0	-1	-1	1	1	0.016447999999999997	0.055954	0.059579999999999994
TCGA-2G-AAG9	TGCT_1	0	1007.7	3086.3	1658.1	205.49	319.71	468.66	16.107	3063.8	501.28	1921.7	1505.7	29.285999999999998	0	1003.0	0.9762	217.21	0.037101999999999996	0.026269999999999998	111.78	1283.7	1	0.027122000000000004	1090.4	0	0	1219.8	1479.4	8198.5	0.064127	0	0	65.406	282.65	1521.9	0.51923	1743.0	1149.0	0.023369	0.049555	738.5	619.89	592.56	372.91	0.031734	1626.4	2668.0	0.040981000000000004	0.0	0	0.0	55.013999999999996	0.21681	6.2729	0	0	0	1	0.012296	0.034243	0.056673
TCGA-2G-AAGA	TGCT_2	1	1460.2	3380.0	1167.8	2353.2	2790.0	4801.1	1367.0	4095.7	290.89	2294.3	1274.8	7791.9	1	2364.6	51.753	354.78	0.061848	0.38022	1464.1	4437.2	0	0.32155	990.45	1	-1	1032.2	1340.2	6007.4	0.44298999999999994	1	0	2057.5	342.54	1213.5	0.51923	488.27	1223.2	0.18057	0.3405	851.97	139.2	1004.0	435.08	0.07568899999999999	2873.2	3405.0	0.33718000000000004	3.2123	1	0.7138	128.52	0.4365	0.28831	-1	-1	1	1	0.017852	0.11062000000000001	0.090084
TCGA-2G-AAGC	TGCT_2	1	1045.3	6351.2	769.33	2166.3	1637.6	3155.0	2690.3	3874.7	678.19	2090.7	1141.0	2984.9	1	2045.8	17.711	481.21	0.22614	0.4219	571.49	4352.9	0	0.26925	840.61	0	0	701.08	1707.1	4710.5	0.33976999999999996	0	0	928.25	251.2	1077.3	0.51923	873.43	971.92	0.12784	0.15120999999999998	2044.1	535.64	837.15	429.37	0.080989	2638.9	3578.0	0.24472	3.0238	1	0.8639	63.498999999999995	0.5804	0.0	0	0	1	1	0.046169	0.14239000000000002	0.39893
TCGA-2G-AAGE	TGCT_2	1	885.56	2925.6	743.26	1070.0	1724.0	4272.8	3279.8	3630.3	568.04	2297.2	805.57	5166.9	1	1819.0	18.614	374.2	0.13058	0.43593000000000004	477.54	2968.6	0	0.22349000000000002	633.5	0	-1	594.35	1226.6	6307.8	0.35596	0	0	1104.6	241.85	1095.6	0.51923	489.09	860.08	0.17959	0.17398	1322.8	150.83	936.46	419.77	0.055724	2671.4	3354.9	0.26266	6.4185	1	0.0	55.751000000000005	2.2392	0.0	1	-1	1	1	0.16579000000000002	0.038274	0.045899
TCGA-2G-AAGF	TGCT_2	1	1226.6	2296.4	748.46	2826.2	2518.7	7714.0	3897.3	3898.5	400.66	2145.1	651.23	4721.4	1	2081.4	44.451	759.87	0.12404000000000001	0.48322	1611.7	3120.6	0	0.14487	855.98	0	0	756.87	1275.3	5232.1	0.35306	0	0	1637.5	362.61	1406.8	0.51923	654.75	1096.3	0.16795	0.30714	3912.9	170.0	782.7	472.14	0.05235599999999999	2205.1	2261.0	0.30246	0.6007	1	0.0	65.475	1.4918	0.0	-1	0	1	1	0.059196000000000006	0.085611	0.12937
TCGA-2G-AAGG	TGCT_2	1	530.4	19522.0	568.48	953.8	2831.0	2469.6	7510.9	8191.3	669.02	1053.8	609.08	1796.2	0	1570.7	64.67399999999999	485.33	0.12712	0.24156	2473.4	3247.8	0	0.05193	3167.9	0	-1	750.0	1859.8	6507.8	0.26915	0	0	1186.4	441.16	1386.4	0.51923	1067.4	1060.3	0.058186	0.065058	809.24	481.52	657.57	660.33	0.033404	3113.0	1442.9	0.11366	11.957	1	0.5435	57.103	0.86967	0.0	-1	-1	1	1	0.37039	0.11807000000000001	0.066993
TCGA-2G-AAGI	TGCT_1	1	774.5	10416.0	704.71	591.49	1690.1	1756.3	11644.0	8083.9	616.33	1268.5	693.22	2317.4	1	1657.2	10.397	286.5	0.27588	0.45026000000000005	1189.9	3664.5	1	0.26019000000000003	1390.9	0	1	778.07	1735.8	3995.1	0.45713000000000004	0	0	880.3	358.56	1187.6	0.51923	866.44	901.68	0.058204	0.17573	1241.3	258.78	704.71	678.71	0.040239	1721.9	1885.4	0.18255	0.0	1	2.3105	46.21	0.060239	0.0	0	0	1	1	0.032505	0.31649	0.046926
TCGA-2G-AAGJ	TGCT_2	0	1176.4	2614.7	1005.3	2586.1	2778.3	444.64	4323.6	2801.7	535.51	2308.4	1244.4	12051.0	1	2205.7	107.58	395.69	0.049075	0.35207	1100.4	3655.5	0	0.20260999999999998	960.21	0	0	632.62	1812.0	4537.5	0.27068000000000003	0	0	1729.8	225.81	1174.2	0.51923	808.7	1220.9	0.098745	0.17207999999999998	1287.8	377.15	1307.5	285.69	0.047437	2544.2	3663.9	0.29499000000000003	0.8059	1	0.0	66.082	0.22286	0.0	-1	-1	1	0	0.013091	0.044361000000000005	0.038423
TCGA-2G-AAGK	TGCT_2	1	933.43	3107.7	1018.2	2992.7	2471.0	11838.0	6534.2	1563.4	734.3	2068.4	894.48	3925.9	1	1712.0	91.535	294.86	0.12136	0.46095	1022.3	4310.6	0	0.3789	1135.3	1	-1	513.97	1377.9	9117.4	0.28856	1	0	1118.3	208.25	929.53	0.51923	739.57	1166.1	0.16474	0.19052	1876.5	320.78	919.4	356.82	0.090168	2238.2	2804.4	0.32389	0.81	0	0.0	36.695	2.2716	0.0	-1	-1	0	0	0.017036000000000003	0.07512	0.24120999999999998
TCGA-2G-AAGM	TGCT_2	1	1061.9	5853.9	689.75	2042.4	1840.8	5131.4	26330.0	4959.5	349.56	766.06	969.15	4817.6	0	1556.8	71.192	416.07	0.23733	0.48717	506.87	2874.9	0	0.20307	766.48	0	-1	598.52	1779.4	4467.8	0.43963	0	0	2140.0	353.63	1154.8	0.51923	665.88	652.24	0.16294	0.081936	592.13	104.02	783.53	507.29	0.030423000000000002	1140.3	1555.6	0.19777999999999998	0.0	1	0.0	36.845	1.0293	0.0	-1	-1	1	1	0.40371999999999997	0.19737000000000002	0.43277
TCGA-2G-AAGN	TGCT_2	1	1583.3	3050.3	743.0	1713.3	2477.4	3426.5	1593.4	2383.8	579.1	2943.5	928.45	4732.1	0	2918.3	31.410999999999998	257.0	0.094274	0.26800999999999997	756.14	3346.1	0	0.18416	847.52	0	-1	689.89	1595.1	4620.3	0.30485999999999996	0	0	910.91	373.86	1213.6	0.51923	567.68	1008.0	0.16595	0.20288	1190.2	182.75	736.15	475.16	0.061157	2483.2	2555.1	0.25363	1.7133	1	0.0	57.321999999999996	0.33258000000000004	0.0	1	-1	1	1	0.016807	0.056454	0.064091
TCGA-2G-AAGO	TGCT_2	1	1188.3	1394.7	450.87	1233.5	3600.6	6792.2	2793.6	2097.5	375.0	2325.5	1201.7	7751.2	1	1029.1	91.195	461.87	0.043302	0.41095	450.08	3241.3	0	0.19796	618.71	0	-1	684.36	1562.5	7512.2	0.3523	0	0	618.71	356.13	1066.8	0.51923	585.3	976.81	0.15849000000000002	0.23331999999999997	2031.8	99.057	1048.0	417.06	0.078414	2164.7	4076.3	0.29401	0.7862	1	0.0	64.859	1.5131	0.0	-1	-1	1	1	0.014143000000000001	0.061078	0.039958
TCGA-2G-AAGP	TGCT_2	1	647.68	11584.0	899.2	1463.5	2162.1	3173.7	3833.1	10365.0	778.13	1740.3	862.98	4394.7	0	1439.5	35.2	341.33	0.050944	0.17849	2105.1	3521.6	0	0.073698	1312.5	0	-1	821.87	1877.3	4678.1	0.2112	0	0	1405.3	352.95	1290.7	0.51923	1260.3	1680.5	0.10985999999999999	0.08949299999999999	1262.4	883.73	818.67	720.53	0.028312999999999998	2757.3	2001.1	0.097726	0.5333	1	2.1333	40.0	0.48786	0.0	-1	-1	1	1	0.10194	0.073613	0.19094
TCGA-2G-AAGS	TGCT_2	1	905.07	1089.8	586.4	1079.4	2258.4	9019.4	7129.7	4015.1	286.98	1196.2	865.06	4530.9	1	741.05	23.351999999999997	272.96	0.18323	0.5572199999999999	843.28	4010.4	0	0.21365	351.32	0	-1	542.81	1253.8	5090.3	0.27673000000000003	0	0	1514.8	314.65	1049.8	0.51923	498.7	994.29	0.11915999999999999	0.29691999999999996	1279.7	91.334	559.91	347.17	0.040486	782.04	2704.2	0.22818000000000002	0.0	0	0.0	34.275999999999996	2.6124	0.0	-1	-1	0	1	0.41405	0.093764	0.048878
TCGA-2G-AAGT	TGCT_2	0	1121.3	3232.9	2038.3	2010.2	5269.3	5767.4	23931.0	3628.2	180.4	474.59	343.52	11200.0	1	2707.2	63.041000000000004	385.38	0.043427	0.61416	1741.0	2381.3	0	0.36098	1442.4	1	0	401.64	1835.3	5359.4	0.23287	1	0	331.86	363.65	1669.6	0.51923	509.08	1700.5	0.18175999999999998	0.051852999999999996	2916.1	107.84	721.2	667.68	0.027159	2349.6	1229.1	0.14151	0.0	0	0.0	23.392	30.043000000000003	0.0	0	0	0	-1	0.015549	0.029093	0.036394
TCGA-2G-AAGV	TGCT_2	1	122.38	10880.0	472.16	2473.3	10504.0	12328.0	336.36	24754.0	256.82	385.23	630.77	1215.3	0	471.02	202.27	378.41	0.06883099999999999	0.20806999999999998	762.5	3230.7	0	0.056816	2201.1	0	-1	602.84	1453.4	2477.5	0.23554	0	0	1984.1	520.73	1440.3	0.51923	967.04	496.59	0.06261	0.044011	257.39	158.52	671.02	664.21	0.025825999999999998	1610.2	1231.2	0.082313	2.2727	0	0.0	95.977	0.10592	0.0	0	-1	0	1	0.098611	0.10818	0.11978
TCGA-2G-AAGW	TGCT_2	1	1588.4	1036.8	1083.4	1318.2	3364.8	28848.0	973.64	1045.4	227.47	2123.8	530.07	10855.0	1	3139.8	383.81	407.11	0.057951	0.6188	1472.7	3103.0	0	0.31381	202.33	1	1	912.32	1329.9	8685.4	0.50944	1	0	897.61	276.5	1911.7	0.51923	299.82	1519.9	0.32653000000000004	0.20633	747.39	35.561	819.13	539.55	0.064915	1629.7	2849.8	0.3458	2.4525	1	0.0	71.122	2.6923	0.0	1	-1	1	1	0.013366999999999999	0.15505	0.089781
TCGA-2G-AAGX	TGCT_2	1	449.67	4728.9	472.32	1469.9	3487.5	13563.0	5416.0	18444.0	406.16	723.25	743.3	1689.8	1	1125.3	100.78	339.99	0.14948	0.52612	885.1	4226.0	0	0.055402	834.2	0	0	640.28	1535.1	5479.0	0.24868	0	0	1293.8	461.56	1351.3	0.51923	777.2	579.72	0.11439	0.17071	648.43	74.819	642.32	613.31	0.032629000000000005	871.36	1716.2	0.1081	0.509	0	1.5269	59.041000000000004	0.8636299999999999	0.0	0	-1	0	1	0.3633	0.081225	0.031351
TCGA-2G-AAGY	TGCT_1	1	940.03	4500.3	421.65	796.12	767.31	975.03	9209.9	12157.0	448.31	930.64	1619.4	2704.3	1	761.19	129.32	227.99	0.31855	0.27603	209.29	4789.6	0	0.037110000000000004	1012.5	0	-1	923.29	1825.7	6932.6	0.33533	0	1	3069.9	397.28	1064.6	0.51923	1052.9	493.06	0.052813	0.063417	495.51	322.06	755.06	458.12	0.034742	815.73	1347.4	0.083984	0.3064	0	3.3708	58.528999999999996	1.0733	0.0	0	-1	0	1	0.013144	0.11427000000000001	0.046683999999999996
TCGA-2G-AAGZ	TGCT_2	0	748.3	8958.2	728.41	963.79	2626.7	267.87	2562.0	6417.1	436.63	2227.0	738.57	11979.0	1	2293.2	33.426	901.81	0.05185599999999999	0.19301	492.34	2926.9	0	0.11313	1655.3	0	1	642.76	1372.6	5929.8	0.17194	0	0	1448.5	370.85	1680.4	0.51923	1005.6	948.47	0.084607	0.11798	749.3	683.84	729.11	656.68	0.033791	3313.4	2040.4	0.25551	3.4819	0	0.0	71.031	0.12474	0.0	0	0	0	0	0.012483	0.035826	0.050954
TCGA-2G-AAH0	TGCT_1	0	1388.1	3720.8	1284.2	253.38	332.42	1849.0	31.613000000000003	3528.2	616.45	1468.1	2441.5	36.403	0	1233.4	0.479	200.22	0.046678	0.062232	40.235	2088.8	0	0.034907	670.1	0	1	740.99	1311.5	4570.5	0.034197000000000005	0	0	55.562	344.92	1895.8	0.51923	1297.1	890.91	0.02334	0.018611000000000003	391.33	601.13	708.42	334.33	0.026927	1623.8	2876.8	0.05612	1.9159	1	0.479	47.898	0.15662	5.9863	0	0	1	1	0.012331	0.030938999999999998	0.034136
TCGA-2G-AAH2	TGCT_2	0	671.94	9708.5	734.84	719.79	984.01	1163.9	6611.2	10274.0	635.17	1407.6	758.79	1166.4	1	2039.0	13.164000000000001	359.19	0.22038000000000002	0.51576	339.44	2543.0	0	0.33741	1057.4	1	0	366.24	1775.7	4571.1	0.287	1	0	930.89	400.58	1570.8	0.51923	1087.0	717.91	0.068175	0.08418300000000001	1994.4	480.49	683.12	411.38	0.034216	1733.4	1483.8	0.14082999999999998	0.4701	1	0.9403	36.46	2.2721	3.3476	1	0	1	1	0.012267	0.20629	0.2829
TCGA-2G-AAH3	TGCT_1	0	546.6	1393.3	1949.3	318.01	323.26	1291.7	11.718	3425.0	395.6	1209.4	2373.3	53.339	0	319.63	1.6163	259.02	0.042243	0.06272799999999999	208.1	2104.9	1	0.016403	850.19	0	0	1164.2	1395.3	7528.0	0.054635	0	0	54.551	461.02	2346.5	0.51923	2070.1	751.59	0.028894	0.086212	629.15	275.99	1076.0	257.0	0.022969999999999997	975.45	2972.8	0.051904	0.8082	0	0.0	173.0	0.020928	0.9785299999999999	0	0	0	1	0.013978	0.024835	0.031856999999999996
TCGA-2G-AAH4	TGCT_2	1	1250.9	3849.8	936.48	965.52	2064.4	7118.5	16358.0	7703.3	323.05	958.26	770.17	4323.5	1	1854.8	68.96600000000001	539.93	0.1684	0.55187	587.57	3858.4	0	0.26563000000000003	1318.1	0	0	494.56	2209.2	9791.0	0.37288000000000004	0	0	779.95	633.97	1881.6	0.51923	978.22	1092.6	0.048956	0.14987999999999999	3199.2	264.97	781.76	650.63	0.035997	1627.0	1432.4	0.14914000000000002	1.3612	0	1.3612	52.632	7.5986	0.0	0	-1	0	0	0.17155	0.22941	0.048437
TCGA-2G-AAH8	TGCT_1	0	1110.6	1569.6	1424.8	108.82	258.94	972.78	7.9947	2728.4	273.15	1235.2	2116.7	12.436	0	857.21	0.0	66.622	0.044858999999999996	0.027135000000000003	43.971000000000004	1520.3	0	0.017473	453.03	0	1	775.93	1303.1	10207.0	0.036265	0	0	230.07	356.39	1014.9	0.51923	1122.4	425.49	0.023204	0.045014	420.16	147.9	728.4	240.28	0.024651	1205.9	3529.2	0.049977999999999995	0.0	1	0.0	34.199	0.21444000000000002	12.92	1	1	1	1	0.014130000000000002	0.046363999999999995	0.039758999999999996
TCGA-2G-AAHA	TGCT_1	0	554.71	6392.3	1810.5	161.59	240.95	170.17	22.947	3843.2	574.16	2030.8	1554.3	108.04	0	411.62	0.0	193.62	0.06922400000000001	0.024442	90.833	1380.2	1	0.022791	1322.8	0	1	1194.2	894.94	7443.6	0.054280999999999996	0	0	21.035	236.53	1702.9	0.51923	2600.7	888.25	0.021619	0.08974700000000001	931.28	534.0	348.99	185.49	0.030860000000000002	1455.7	2763.7	0.043851	1.4342	0	0.9561	38.69	-0.084753	2.9769	1	0	0	1	0.015238999999999999	0.028756999999999998	0.035942
TCGA-2G-AAHC	TGCT_1	0	512.17	4803.3	1155.0	114.57	123.79	322.5	3.0729	3851.6	802.02	2473.7	1507.9	68.042	0	453.47	0.439	72.87100000000001	0.052583000000000005	0.033732	76.383	2722.1	0	0.052974	1382.8	0	0	489.03	1141.3	9367.6	0.070649	0	0	66.725	356.86	1051.8	0.51923	2152.8	1043.5	0.029970999999999998	0.06375700000000001	949.08	985.07	564.97	475.86	0.031282	2054.4	3403.9	0.063546	1.7559	0	0.0	40.825	0.063688	6.0054	1	0	0	1	0.012611	0.032116000000000006	0.039392
TCGA-2G-AAHG	TGCT_1	0	695.61	1287.4	737.65	123.44	235.01	5664.2	46.706	3800.2	308.03	1672.9	1483.9	16.31	0	419.61	1.112	92.29899999999999	0.05276599999999999	0.042269	56.343	1262.9	0	0.023998	471.5	0	0	847.37	993.05	16237.0	0.053302999999999996	0	0	25.576999999999998	335.88	1917.2	0.51923	1810.4	605.32	0.024186000000000003	0.036557	295.43	230.56	646.47	359.93	0.03533	1346.3	3671.6	0.053801999999999996	0.0	0	0.0	78.955	0.39860999999999996	1.9932	0	0	0	1	0.01247	0.034408999999999995	0.054982
TCGA-2G-AAHL	TGCT_1	0	1745.7	3631.2	1805.8	136.23	203.83	754.88	26.741	3456.6	238.14	1435.4	1472.6	17.659000000000002	0	1628.7	0.0	258.83	0.036295	0.034071	139.76	1477.3	1	0.018202	704.34	0	0	1540.9	1139.2	8951.4	0.037495	0	0	32.291	469.15	2520.7	0.51923	2092.8	1027.2	0.027052	0.039501999999999995	581.74	323.92	580.22	409.18	0.028839999999999998	1750.2	2720.0	0.045558	0.0	0	0.0	62.059	0.050045	8.368	0	0	0	1	0.015701	0.036795999999999995	0.028023000000000003
TCGA-2G-AAHN	TGCT_1	0	834.93	7204.4	1800.3	133.54	168.77	81.205	36.369	4150.6	598.38	2224.8	909.67	126.15	0	907.51	0.0	172.75	0.051601999999999995	0.027025	100.58	1601.9	1	0.037312	1796.8	0	0	1311.5	1178.0	10129.0	0.046635	0	0	39.21	513.94	1997.4	0.51923	2906.7	1694.0	0.019998	0.061288999999999996	1061.5	1284.8	574.51	308.57	0.028193	2545.8	2370.8	0.051348000000000005	2.2731	0	1.1365	55.121	-0.0049018	7.4787	1	0	0	1	0.013337	0.02762	0.03229
TCGA-2G-AAHP	TGCT_1	0	697.38	1566.7	1378.5	95.161	644.62	3863.0	45.161	1259.7	213.98	896.24	976.44	22.043000000000003	0	773.66	1.0753	64.516	0.031131	0.05257100000000001	31.183000000000003	2140.9	0	0.020455	604.84	0	1	948.39	1148.9	5112.1	0.04945	0	0	210.75	374.81	2107.0	0.51923	1039.2	661.29	0.024403	0.044487	194.62	202.69	479.03	758.06	0.034218	884.95	1979.6	0.055911	0.0	-1	0.0	46.236999999999995	0.27591	9.911	0	0	-1	1	0.011635	0.035344	0.042472
TCGA-2G-AAHT	TGCT_1	0	1438.7	2337.1	1334.8	127.71	33.394	193.06	4.9639	4121.4	474.28	1404.3	1962.3	25.271	0	748.65	0.0	206.68	0.044317	0.021161000000000003	86.64299999999999	2024.8	1	0.017084000000000002	629.96	0	0	1067.2	1213.0	15060.0	0.051841	0	0	24.82	301.82	1574.9	0.51923	2479.2	916.97	0.026902	0.036948	724.28	403.88	524.82	145.76	0.029822	1566.3	5817.2	0.05554	0.4513	1	0.0	38.809	0.14444	8.1456	1	0	1	1	0.014388	0.026695999999999998	0.022797
TCGA-2G-AAKD	TGCT_2	1	1091.5	5446.9	849.33	1236.3	4584.1	19750.0	2155.8	3381.8	494.32	2411.8	971.57	12130.0	1	1270.4	37.152	619.2	0.13496	0.40025	638.8	2578.9	0	0.35514	1085.7	1	0	559.34	957.69	4250.3	0.27252	1	0	1724.5	322.6	1273.5	0.51923	633.64	1299.3	0.15636	0.36065	2920.5	317.85	552.12	533.54	0.054730999999999995	2480.9	2253.9	0.26053000000000004	1.032	0	0.0	71.207	0.72864	0.0	0	-1	0	1	0.017683	0.066909	0.06589199999999999
TCGA-2G-AAKG	TGCT_1	1	1442.9	4370.7	678.05	1797.3	2548.5	9980.6	7768.4	2463.7	697.16	1523.1	927.45	3724.3	1	2198.7	68.968	649.79	0.10801	0.37505	1120.9	7928.8	0	0.26294	1239.8	0	-1	871.65	1513.1	7852.9	0.40445	0	0	898.4	455.51	1056.1	0.51923	830.94	1696.0	0.28308	0.20981	2286.7	584.98	703.81	507.7	0.072237	3404.4	2508.6	0.34081999999999996	3.3238	0	0.0	66.475	0.5552199999999999	0.0	0	-1	0	1	0.013619	0.14392	0.047820999999999995
TCGA-2G-AAKH	TGCT_2	1	1412.0	4505.4	725.86	3079.6	2711.3	5689.7	2505.4	2935.0	533.21	2350.9	1525.6	13995.0	0	1651.9	192.18	171.46	0.038104	0.31476	968.44	3673.6	0	0.19905	785.68	0	1	633.54	1664.2	4940.6	0.28009	0	0	2336.8	371.77	1142.7	0.51923	911.45	834.67	0.11414	0.17987999999999998	1078.2	413.57	1024.0	454.07	0.057952	1911.5	2960.9	0.3108	0.9421	1	0.9421	63.363	1.2386	2.6319	-1	-1	1	-1	0.014846999999999999	0.040668	0.064273
TCGA-2G-AAKL	TGCT_2	1	1097.6	2003.2	1029.1	2041.4	2178.2	330.13	3442.4	2364.9	545.75	2603.3	1072.9	10513.0	1	1983.8	28.525	247.58	0.072439	0.40188	612.49	4085.6	0	0.23508	1004.3	0	-1	758.88	1577.0	3817.1	0.36933	0	0	1842.1	450.3	773.95	0.51923	587.73	925.19	0.12326	0.30058	1022.1	270.72	568.35	465.55	0.080979	2283.1	3262.7	0.35639	3.2293	1	0.5382	99.569	0.8312799999999999	0.0	-1	-1	1	1	0.012181	0.048326	0.13142
TCGA-2G-AAKM	TGCT_2	0	997.84	3606.7	592.02	2058.4	1944.5	9243.9	2219.2	3908.7	488.21	2433.9	907.32	8095.5	1	1586.8	14.237	387.37	0.046935000000000004	0.37081	1111.1	4236.1	0	0.1617	714.22	0	-1	757.53	1405.9	5250.9	0.30535	0	0	899.9	230.97	875.58	0.51923	660.83	1036.3	0.1184	0.32739	2386.5	144.15	895.74	401.6	0.048005	2183.0	3044.3	0.25385	0.5932	1	0.0	59.706	0.24348000000000003	0.0	-1	-1	1	1	0.013535	0.038171	0.045426999999999995
TCGA-2G-AAL5	TGCT_2	1	1340.5	3222.9	655.58	1460.0	2497.2	28243.0	14774.0	5775.8	379.98	586.76	815.46	4036.9	1	1994.1	497.86	551.2	0.16724	0.55915	1030.0	3071.8	0	0.24765	968.06	0	0	1081.0	2187.7	10377.0	0.18696	0	0	1758.6	627.99	1980.6	0.51923	1023.0	702.01	0.16175	0.029191	2006.6	84.294	850.18	573.92	0.029525	1105.0	1324.3	0.12772	0.3293	0	0.6585	82.318	3.9815	0.0	-1	0	0	0	0.015574000000000001	0.039663	0.039697
TCGA-2G-AAL7	TGCT_2	0	1854.2	2184.7	1007.8	2503.1	2171.4	9704.0	3088.4	1871.7	386.54	2532.9	751.38	7363.1	1	2794.2	72.77	294.21	0.11475999999999999	0.4182	579.03	3081.4	0	0.27389	994.52	0	-1	874.02	1438.2	6341.2	0.32716	0	0	1704.8	349.15	1108.8	0.51923	527.39	968.7	0.15594	0.26597	1023.5	182.32	630.67	513.3	0.052778	2711.3	3600.9	0.30480999999999997	0.7825	1	0.0	73.55199999999999	-0.084753	0.0	1	-1	1	1	0.011491	0.065626	0.046346
TCGA-2G-AALP	TGCT_2	1	2115.9	4884.5	1089.7	1930.0	2749.8	30413.0	2810.5	3416.6	343.02	988.8	900.65	4434.3	1	3976.2	27.781999999999996	695.11	0.11391	0.44726000000000005	1089.7	3866.8	0	0.31669	1306.3	1	-1	1484.9	1723.6	4838.6	0.29894	1	0	1237.1	529.77	1141.3	0.51923	739.33	2870.0	0.34009	0.087979	1353.4	382.71	988.8	639.55	0.048934	2684.1	2637.0	0.2527	2.8349	1	0.0	98.772	2.5996	0.0	-1	-1	0	0	0.07538500000000001	0.22973000000000002	0.036051
TCGA-2X-A9D5	TGCT_1	0	674.51	2445.0	1275.2	65.513	187.47	266.46	29.666	3145.9	544.29	1805.5	2096.4	18.129	0	634.94	0.41200000000000003	65.925	0.029147000000000003	0.024228	67.161	1960.9	1	0.020322	670.38	0	0	788.63	1206.0	6274.5	0.048926	0	0	27.605999999999998	520.28	1290.9	0.51923	2203.5	708.69	0.019176	0.028505000000000003	449.94	743.3	684.8	390.19	0.02383	1545.5	3118.2	0.050098000000000004	0.0	0	0.8241	49.443999999999996	0.31811	8.0888	0	0	0	1	0.01468	0.030842	0.050791
TCGA-2X-A9D6	TGCT_1	0	471.16	2487.7	1724.6	235.12	83.31700000000001	408.29	22.445999999999998	3533.2	706.87	1406.9	1768.5	22.445999999999998	0	363.32	0.0	138.86	0.037994	0.036635	100.82	2577.1	1	0.037089	712.57	0	0	1194.6	1086.2	10719.0	0.048146	0	0	47.93600000000001	276.04	1292.0	0.51923	2502.9	1163.0	0.024658000000000003	0.046172000000000005	824.04	1082.0	816.05	245.39	0.030575	1124.2	3558.7	0.053026	0.7609	0	0.3804	83.31700000000001	0.67885	3.5653	1	0	0	1	0.015393	0.036808999999999995	0.038511000000000004
TCGA-4K-AA1G	TGCT_1	0	879.24	809.52	1289.7	56.217	126.32	150.28	14.55	1122.3	259.26	1480.8	2050.4	12.565999999999999	0	627.64	0.0	81.34899999999999	0.04042	0.028301999999999997	39.681999999999995	1872.3	1	0.030206	262.57	0	0	998.02	935.18	10769.0	0.06019	0	0	9.2593	163.39	1200.4	0.51923	1627.0	600.53	0.022279	0.048545	269.84	231.48	694.44	94.57700000000001	0.031293	774.47	3894.2	0.042649	0.6614	1	0.0	32.407	0.29596999999999996	12.659	1	0	1	1	0.012188	0.025748000000000004	0.05159400000000001
TCGA-4K-AA1H	TGCT_1	0	443.27	10133.0	2087.9	175.23	161.87	150.42	87.359	8249.7	2597.1	3690.1	1288.4	57.553999999999995	0	762.08	0.5139	178.31	0.040263	0.033119	276.98	2220.4	0	0.043418	2823.7	0	0	674.2	1050.4	9719.0	0.061573	0	0	205.55	268.68	1337.1	0.51923	3106.9	2566.8	0.021379	0.029244	1743.6	3088.4	647.48	476.88	0.024818	3273.9	1777.0	0.045122	2.0555	0	0.5139	28.263	0.0058298	1.8119	1	0	0	0	0.020356	0.028023000000000003	0.026418999999999998
TCGA-4K-AA1I	TGCT_1	0	851.08	5261.6	1378.2	206.1	268.48	415.85	50.441	1808.8	1164.5	2698.3	1720.8	30.915	0	548.34	0.0	74.847	0.057611	0.029089	120.41	978.44	0	0.018757	1713.4	0	0	644.88	1171.0	11261.0	0.064738	0	0	53.695	295.91	1210.0	0.51923	2112.0	1416.1	0.021315	0.053326	1334.8	1347.2	572.75	360.14	0.023955	2476.5	2416.8	0.042912	0.5424	0	0.5424	54.236999999999995	0.2694	4.8607	1	0	0	1	0.019199	0.029735	0.040042
TCGA-4K-AAAL	TGCT_1	0	1161.9	6149.0	1283.4	157.22	521.94	877.31	18.282	7230.4	420.48	1408.6	1064.8	42.961999999999996	0	762.34	1.8282	225.78	0.037597000000000005	0.036631	175.5	2197.4	0	0.022096	1299.8	0	1	829.98	800.73	6041.9	0.053284000000000005	0	0	161.79	336.09	1763.2	0.51923	884.83	594.15	0.032527	0.059199	520.11	356.49	576.78	480.8	0.027007999999999997	1681.9	1975.3	0.040464	1.8282	0	0.0	50.273999999999994	0.09070800000000001	0.0	0	1	0	1	0.012851	0.037924	0.033091
TCGA-S6-A8JW	TGCT_1	0	663.15	2200.8	2736.6	100.29	300.86	108.81	27.476	1192.4	349.86	1268.5	2580.2	3.6634	0	362.68	1.3738	93.875	0.038912999999999996	0.031362	34.345	1633.0	0	0.020149	537.15	0	1	1432.9	1586.3	10388.0	0.06439099999999999	0	0	18.775	236.83	1363.2	0.51923	1453.9	700.17	0.021917	0.066121	271.09	392.44	998.74	299.49	0.030093	740.93	3752.3	0.049655	0.0	0	0.4579	87.006	0.44466000000000006	11.083	1	1	0	1	0.012112999999999999	0.031814999999999996	0.043535000000000004
TCGA-S6-A8JX	TGCT_1	0	518.66	530.34	1605.7	115.77	263.16	996.21	2.2264	1481.0	142.05	1313.2	1031.8	14.694	0	313.93	0.4453	77.48	0.037388	0.034983	46.755	2123.1	0	0.016861	130.47	0	-1	1096.3	1000.6	13536.0	0.031895	0	0	35.178000000000004	248.06	1456.1	0.51923	775.24	601.13	0.026139999999999997	0.029297000000000004	77.03399999999999	78.37	633.64	444.39	0.026761	430.15	2695.3	0.049335000000000004	0.8906	-1	0.0	91.809	-0.084753	5.8873	1	-1	-1	1	0.010268000000000001	0.029276999999999997	0.052184
TCGA-S6-A8JY	TGCT_1	0	657.2	1125.3	986.46	136.19	138.55	469.65	10.658	1594.5	217.6	2255.3	2398.9	10.066	0	457.7	0.5921	64.836	0.038999	0.04621	113.39	2462.6	0	0.026045	257.27	0	0	737.77	1402.4	9356.6	0.089406	0	0	15.987	242.91	1621.5	0.51923	964.25	727.7	0.030142000000000002	0.095346	281.84	276.51	975.5	485.53	0.031457	1169.7	3657.2	0.071742	0.0	0	0.2961	92.837	0.41612	0.82845	1	0	0	1	0.012467	0.034921	0.047734
TCGA-SB-A6J6	TGCT_1	0	556.14	1974.7	1245.5	137.02	109.47	507.63	15.538	1830.0	551.95	1485.3	1062.5	21.188000000000002	0	566.08	0.0	57.208	0.034561	0.033708999999999996	72.393	2411.9	0	0.021467	681.2	0	0	800.56	1042.1	10506.0	0.049194	0	0	46.261	300.55	1375.5	0.51923	1056.6	804.44	0.019191	0.046168	351.72	677.31	371.5	738.76	0.13726	1286.1	2892.5	0.042908	1.0594	-1	0.0	75.92399999999999	0.078308	2.7987	1	0	-1	1	0.011536	0.037322	0.049737
TCGA-SB-A76C	TGCT_1	0	652.31	1511.5	1802.5	68.517	123.41	181.61	9.0806	1348.0	321.54	1847.9	1788.2	2.0638	0	622.43	0.4128	33.433	0.058786	0.028839	32.195	1802.5	0	0.018405	286.04	0	0	740.07	1406.7	11034.0	0.043845999999999996	0	0	11.97	301.99	918.79	0.51923	1278.7	662.88	0.021513	0.035838	220.82	349.19	737.18	386.34	0.024730000000000002	794.55	3498.1	0.052189	0.0	0	0.0	49.531000000000006	0.18095	3.3798	1	0	0	1	0.012569	0.028658	0.043917000000000005
TCGA-SN-A6IS	TGCT_1	0	701.63	1994.6	948.0	292.67	407.99	2261.8	63.623999999999995	3577.3	595.28	1114.2	917.58	23.859	0	1084.4	1.193	71.577	0.074746	0.061016999999999995	113.33	2382.7	0	0.030841000000000004	501.04	0	0	598.86	1456.2	8797.5	0.049198	0	0	58.056999999999995	350.24	1696.8	0.51923	1125.3	611.99	0.025087	0.084138	273.19	440.2	611.59	479.96	0.023669	977.43	3113.2	0.063875	1.9883	0	0.0	58.852	0.32206	2.43	0	0	0	1	0.012326	0.040042	0.037349
TCGA-SN-A84W	TGCT_2	1	659.82	6196.2	391.59	1530.8	2601.2	14715.0	5562.4	16331.0	460.48	857.14	866.43	1559.8	1	1760.7	96.084	448.15	0.35358	0.47853999999999997	1054.8	3750.9	0	0.068345	1302.0	0	0	708.85	2005.8	6463.2	0.22805	0	1	1182.4	557.95	1643.6	0.51923	955.76	650.47	0.12502	0.1119	866.21	127.27	923.86	759.97	0.026781	1795.1	1415.5	0.092365	2.5381	0	0.3626	84.48100000000001	0.21113	0.0	0	-1	0	0	0.51617	0.035032	0.040619
TCGA-SN-A84X	TGCT_2	0	1042.4	5128.1	1041.8	4035.8	37756.0	36081.0	1878.6	4450.3	357.57	894.17	396.35	821.09	1	1847.7	375.23	514.04	0.12178	0.21573	1476.4	2954.3	0	0.10820999999999999	1436.2	0	1	700.92	1994.8	3322.8	0.14684	0	0	478.23	980.38	1773.2	0.51923	1215.0	1357.2	0.081867	0.034473000000000004	1138.4	407.6	681.79	611.16	0.033364	4907.9	1519.1	0.074365	2.4525	1	0.0	406.73	0.39021999999999996	2.9731	0	-1	1	1	0.073964	0.072448	0.13038
TCGA-SN-A84Y	TGCT_2	1	1273.8	611.39	694.31	2380.1	4268.2	29034.0	1764.7	1161.8	412.59	2755.2	1011.8	7808.7	1	1417.6	36.963	259.74	0.16152	0.43973999999999996	1423.6	2986.5	0	0.22585999999999998	362.64	0	-1	470.53	1345.7	6452.3	0.43686	0	0	1340.7	299.34	1107.9	0.51923	441.06	1020.0	0.20260999999999998	0.35015	1271.2	190.31	763.24	317.18	0.060127	1646.3	2987.5	0.30112	2.997	1	0.0	24.476	6.2223	0.36428	1	-1	1	1	0.019387	0.048679	0.21646999999999997
TCGA-SO-A8JP	TGCT_1	0	466.19	1292.1	1291.8	112.81	159.51	961.32	9.5433	4722.9	218.47	1588.3	1933.9	10.225	0	428.77	0.0	47.376000000000005	0.047094	0.042447000000000006	95.774	2796.5	0	0.016479	197.68	0	0	813.91	966.26	8789.2	0.048477	0	0	24.199	256.83	1426.7	0.51923	1857.9	593.73	0.020477000000000002	0.090768	134.63	126.11	862.3	314.25	0.022895	875.94	4272.7	0.047051	0.3408	0	0.0	66.12100000000001	0.1694	1.2098	0	0	0	1	0.014477	0.023533000000000002	0.05736599999999999
TCGA-VF-A8A8	TGCT_2	1	1533.2	1886.8	879.12	2823.6	2591.6	64974.0	2294.8	1715.5	253.09	1295.3	970.51	5701.6	1	2263.9	70.473	524.69	0.21593	0.49132	1709.4	4717.1	0	0.22662	445.99	0	-1	531.38	1098.8	7119.5	0.33178	0	0	2634.8	307.67	1482.0	0.51923	512.86	1343.1	0.38758000000000004	0.44311999999999996	677.98	125.0	707.82	350.82	0.070279	1815.3	2992.3	0.32032	0.5144	1	0.0	68.498	2.7606	0.0	0	0	1	1	0.16199000000000002	0.039445999999999995	0.097207
TCGA-VF-A8A9	TGCT_1	0	803.33	2753.8	1644.9	118.38	262.82	3041.8	84.615	2269.7	1742.3	1321.4	1001.0	36.325	0	1169.7	0.8547	97.008	0.037524	0.033929	71.368	2017.5	0	0.032407	1004.7	0	1	482.48	766.24	8213.3	0.048442	0	0	72.222	307.52	1809.0	0.51923	1366.2	1099.6	0.023761	0.040889999999999996	1018.8	1206.4	823.93	462.82	0.029179000000000004	2082.5	2445.7	0.057034	3.4188	0	0.0	54.701	0.048284	11.145	1	1	0	1	0.013034	0.026059	0.033137
TCGA-VF-A8AA	TGCT_1	0	524.44	1650.4	1702.0	186.54	141.22	1386.2	54.275	2575.7	563.83	2057.7	1397.1	100.64	0	494.8	0.5269	93.795	0.056859	0.03083	57.963	2000.8	0	0.024484	808.33	0	1	825.19	1181.4	9556.3	0.064695	0	0	81.149	401.08	1767.4	0.51923	2283.2	830.98	0.022691	0.083547	331.97	829.4	560.66	343.04	0.033147	1411.7	3181.1	0.061121	1.0539	0	0.0	53.748000000000005	0.22141999999999998	2.7783	1	1	0	1	0.017033	0.032454000000000004	0.043314
TCGA-VF-A8AB	TGCT_1	0	633.37	9003.4	1101.3	256.52	152.63	201.47	10.687999999999999	7872.6	876.44	2524.2	951.51	295.0	0	899.96	0.8551	225.74	0.039514	0.046748000000000005	63.702	1658.8	0	0.027873000000000002	2531.8	0	0	1085.9	1644.3	8154.8	0.077157	0	0	97.905	355.48	1333.0	0.51923	3144.5	1911.1	0.028922000000000003	0.028247	1299.7	1211.6	621.21	547.24	0.032944	3489.5	2185.6	0.06692100000000001	3.4203	1	0.4275	56.861999999999995	0.34306	4.3359	0	0	1	1	0.014265	0.028350999999999998	0.073928
TCGA-VF-A8AC	TGCT_1	0	845.33	6221.6	2590.5	103.84	270.07	70.852	82.432	2994.0	934.08	1706.0	2142.8	31.88	0	674.94	0.9109	223.61	0.036623	0.039154	91.085	1486.5	0	0.025154	1392.7	0	0	1051.6	1615.4	11586.0	0.060983	0	0	104.75	291.36	1496.1	0.51923	2204.7	1666.9	0.023584	0.092499	629.4	1109.4	795.63	342.02	0.030366000000000004	1683.2	2803.1	0.060072	0.0	0	0.4554	86.075	0.25556	8.4057	0	0	0	1	0.01257	0.034973000000000004	0.052685
TCGA-VF-A8AD	TGCT_2	0	1053.9	6766.5	1036.2	780.13	2829.1	2581.8	1180.8	3411.0	728.34	1632.3	726.02	9029.2	0	2033.4	13.652999999999999	260.83	0.085212	0.33823000000000003	863.47	2909.1	0	0.21377	1530.6	0	-1	757.53	1113.0	6696.9	0.23503000000000002	0	0	1432.2	338.04	1003.3	0.51923	893.13	1223.6	0.07485399999999999	0.10471	1439.3	517.89	989.64	473.16	0.039928	3229.3	3160.1	0.22884000000000002	4.7081	1	0.9416	122.85	0.49421000000000004	0.24233000000000002	-1	-1	1	0	0.011847	0.039273	0.039389999999999994
TCGA-VF-A8AE	TGCT_1	0	1410.9	5305.9	1637.0	92.075	170.09	205.04	23.195	1818.3	1213.1	1866.8	680.38	26.709	0	1406.4	0.7029	128.62	0.07812899999999999	0.023937	99.104	1926.5	0	0.018680000000000002	2101.6	0	0	636.09	1106.3	10848.0	0.051442999999999996	0	0	66.069	413.18	1241.3	0.51923	1666.5	1767.7	0.022643	0.0596	513.09	2625.2	517.31	613.6	0.20327	3389.2	1870.3	0.062354999999999994	1.4057	0	0.0	56.931999999999995	0.41086000000000006	13.515	1	0	-1	1	0.012452	0.055722	0.044557
TCGA-W4-A7U2	TGCT_1	0	671.39	2454.1	1432.5	70.32600000000001	475.49	899.78	3.1678	1312.1	477.07	1853.2	1774.1	7.6028	0	644.02	0.6336	61.772	0.041536000000000003	0.056596	55.12	2080.9	0	0.023128	680.13	0	0	789.74	1178.7	8647.7	0.040048	0	0	73.17699999999999	367.28	1204.7	0.51923	1099.2	714.98	0.02048	0.05230599999999999	408.65	575.91	993.41	433.99	0.031124000000000002	1050.8	3396.5	0.045212999999999996	0.9503	0	0.3168	72.245	0.21319000000000002	3.0968	0	0	0	1	0.014886000000000002	0.047771	0.037975
TCGA-W4-A7U3	TGCT_2	1	1023.1	5822.6	625.06	1430.4	1924.9	17753.0	18992.0	8669.1	620.13	1248.1	728.71	6926.1	1	2792.2	126.9	458.32	0.0634	0.36967	587.68	3564.7	0	0.29169	1386.9	0	0	504.73	2468.2	8213.4	0.13759000000000002	0	0	1092.4	363.27	1439.8	0.51923	1517.1	1197.5	0.11986	0.035848000000000005	3211.1	442.3	972.08	521.15	0.19749	2299.4	1719.9	0.12067	1.232	1	0.4107	35.939	1.0719	0.0	0	-1	0	0	0.023497	0.10365999999999999	0.060897
TCGA-W4-A7U4	TGCT_2	0	1098.4	1621.2	797.54	2154.6	2255.3	9760.8	1387.6	1305.1	728.66	2932.8	1324.7	5191.6	1	1769.9	50.751999999999995	238.05	0.06692999999999999	0.41773999999999994	503.09	4859.3	0	0.17119	719.8	0	-1	630.38	1309.9	8179.7	0.3554	0	0	1468.6	226.47	791.09	0.51923	485.37	681.13	0.23753000000000002	0.25595999999999997	1159.7	223.96	793.51	387.89	0.085134	2017.6	3617.5	0.32708000000000004	0.4028	1	0.4028	36.244	3.8358	0.33291	1	-1	1	1	0.082977	0.047262	0.20453
TCGA-WZ-A7V3	TGCT_1	0	648.38	1731.7	1137.6	199.52	335.1	610.25	7.2847	1174.9	304.74	2243.3	2660.8	6.0706	0	452.06	0.4047	97.53399999999999	0.048039	0.028142	80.941	2448.5	0	0.024305	382.04	0	0	1105.7	1348.5	8742.7	0.061732	0	0	20.235	447.1	1492.6	0.51923	1176.1	1052.6	0.027245	0.13869	543.12	431.82	843.81	469.46	0.028083999999999998	1106.5	2953.6	0.069645	1.6188	0	0.0	47.755	0.15478	5.686	-1	0	0	1	0.014062	0.033576	0.048471
TCGA-WZ-A7V4	TGCT_1	0	527.58	2378.0	1827.6	110.17	85.398	763.61	66.94800000000001	3216.1	1054.3	2247.8	2108.4	13.179	0	662.1	0.0	110.7	0.050158999999999995	0.028999999999999998	194.52	2048.0	0	0.026683999999999996	1129.2	0	0	1924.1	1231.4	12265.0	0.07742	0	0	60.622	306.89	1490.2	0.51923	2511.3	1632.0	0.029902999999999996	0.073737	550.34	1762.3	840.8	386.4	0.030269	1288.9	3181.3	0.069602	1.5814	0	1.0543	75.90899999999999	0.18053	7.17	0	0	0	1	0.015531999999999999	0.037808999999999995	0.040847
TCGA-WZ-A7V5	TGCT_1	0	646.71	2317.9	1325.1	113.75	65.986	677.57	6.894	2757.6	709.59	2349.9	1582.1	12.802999999999999	0	739.14	0.4924	90.60700000000001	0.050441	0.023793	139.85	1706.3	1	0.026633999999999998	821.37	0	1	1506.3	1012.9	10063.0	0.060377	0	0	32.5	376.78	1531.5	0.51923	1964.8	1048.9	0.022514	0.1167	533.3	965.16	624.89	407.24	0.027696	1381.3	3722.8	0.043456	0.9849	1	0.0	44.318999999999996	-0.084753	13.97	1	1	1	1	0.014358000000000001	0.034078	0.05128200000000001
TCGA-WZ-A8D5	TGCT_1	0	776.79	2911.2	1683.3	108.92	149.66	281.8	117.16	1970.7	1047.1	1925.9	1237.5	32.952	0	522.2	0.4577	70.938	0.041763999999999996	0.025695	137.76	2263.2	0	0.026691000000000003	1222.0	0	0	871.4	823.8	9447.0	0.057365	0	0	114.42	332.18	1157.0	0.51923	1103.9	1159.3	0.025351	0.021612	887.87	1362.0	495.19	486.96	0.026631000000000002	1726.8	1723.6	0.047664	0.4577	-1	0.0	39.359	-0.084753	9.9915	1	0	-1	1	0.013841999999999998	0.025465	0.02586
TCGA-X3-A8G4	TGCT_2	1	1470.8	8579.5	925.03	1447.8	1271.8	4473.7	6358.5	3803.1	601.04	2000.7	545.25	1554.8	1	2063.9	9.7784	522.82	0.21986	0.37883	1565.8	4165.6	0	0.2819	1449.8	0	-1	857.24	2098.4	5300.6	0.38544	0	0	824.64	388.85	1325.3	0.51923	1105.6	1802.5	0.23564000000000002	0.16293	2735.3	789.44	1049.5	561.93	0.10572999999999999	3570.4	2205.3	0.22228	3.2595	1	0.6519	46.284	1.7031	0.7710199999999999	-1	-1	1	1	0.35401	0.19217	0.37519
TCGA-XE-A8H1	TGCT_2	0	1265.5	6287.4	795.7	2708.4	1483.6	5207.4	935.29	5034.2	377.5	2278.8	1232.6	8373.8	1	1391.0	29.523000000000003	366.89	0.075002	0.32004	1394.8	3208.0	0	0.17915999999999999	1063.4	0	-1	773.63	1301.6	3683.2	0.21479	0	0	1829.6	244.36	1247.7	0.51923	581.01	855.89	0.10395	0.34586	1287.6	193.77	1036.8	389.25	0.045674	2222.3	3201.4	0.25764000000000004	2.0064	0	0.5733	52.74100000000001	0.41101000000000004	0.0	0	-1	1	1	0.014362999999999999	0.048897	0.065846
TCGA-XE-A8H4	TGCT_1	0	745.73	5498.4	1682.4	144.91	178.11	299.07	69.987	2300.6	788.25	1930.0	1460.6	50.247	0	685.51	0.0	108.57	0.05536900000000001	0.023638	77.613	1962.3	0	0.027268999999999998	1343.2	0	0	781.97	1157.0	9213.4	0.064574	0	0	50.695	256.01	1308.7	0.51923	1589.5	1380.9	0.021407	0.080354	713.32	1453.1	828.17	501.12	0.024945	1900.4	2273.7	0.06352200000000001	2.6918	0	0.0	60.565	0.026348000000000003	3.6043	0	0	0	1	0.013772999999999999	0.042548	0.039432
TCGA-XE-A8H5	TGCT_1	0	992.94	1915.5	2055.0	100.38	210.61	178.2	4.765	1407.0	335.46	711.26	1278.8	2.5413	0	933.62	0.0	115.95	0.042731	0.027757999999999998	51.144	1953.0	0	0.019879	420.91	0	1	971.43	1589.0	8815.9	0.056313	0	0	6.671	280.33	1686.5	0.51923	766.21	673.77	0.021111	0.049193	486.03	311.63	995.89	393.91	0.02632	950.78	2996.6	0.036513	0.6353	0	0.0	70.84	0.66637	31.276999999999997	0	1	0	1	0.013702	0.030650999999999998	0.045786
TCGA-XE-A9SE	TGCT_1	0	546.56	2747.6	966.38	193.16	759.54	17341.0	11.395999999999999	2408.6	664.96	1066.7	820.79	37.607	0	554.99	23.932	92.87700000000001	0.056541999999999995	0.16689	86.61	2704.8	0	0.029983999999999997	832.48	0	1	773.79	831.91	8857.1	0.051704999999999994	0	0	31.339000000000002	367.05	1881.5	0.51923	866.67	768.66	0.029093	0.08068099999999999	756.7	702.56	449.0	380.63	0.031742	1566.4	1835.9	0.059565999999999994	1.1396	-1	0.5698	38.177	0.065773	15.465	1	1	-1	1	0.014875999999999999	0.044362	0.040847
TCGA-XE-AANI	TGCT_2	1	775.68	6482.4	592.39	1115.8	762.97	5279.4	7086.9	13658.0	382.29	670.22	1093.6	3151.9	0	830.72	198.4	264.54	0.17703	0.39193	423.83	2752.7	0	0.02683	1216.2	0	-1	1119.8	1919.5	5855.5	0.16127	0	0	2768.0	543.75	1129.9	0.51923	896.85	308.9	0.098354	0.061222000000000006	2236.9	202.03	643.6	640.38	0.022878	976.29	1280.0	0.086766	0.4033	0	6.4522	142.75	0.51448	0.0	-1	-1	0	0	0.052305	0.026206	0.036338
TCGA-XE-AANJ	TGCT_1	0	749.19	1367.6	1085.4	148.94	543.7	550.54	2.2913	1157.1	392.8	1444.8	2071.9	21.604	0	644.52	0.0	47.791000000000004	0.047743	0.053937	55.318999999999996	3906.7	0	0.02762	469.39	0	0	518.17	1290.7	7421.2	0.046113	0	0	24.877	253.6	1709.3	0.51923	912.93	728.64	0.020168000000000002	0.11324000000000001	601.64	439.28	686.09	459.9	0.06281	1577.1	3060.6	0.056784	0.982	0	0.6547	55.318999999999996	-0.084753	5.1197	-1	0	0	1	0.012255	0.025414	0.032171
TCGA-XE-AANR	TGCT_1	0	658.49	4596.5	1339.5	148.4	162.95	227.97	17.459	4833.2	184.29	2092.1	1600.6	8.7294	0	677.01	0.0	154.22	0.034075	0.21359	113.48	1062.1	1	0.048897	838.99	0	0	1118.3	1681.9	5578.0	0.075806	0	0	73.715	562.5	1876.8	0.51923	1298.7	879.73	0.061202	0.073959	743.94	351.12	530.55	645.0	0.023497999999999998	1254.1	2576.1	0.048833999999999995	0.0	0	0.9699	38.797	-0.084753	7.4445	0	0	0	1	0.012509000000000001	0.020735	0.043532
TCGA-XE-AANV	TGCT_1	0	440.9	1717.6	1580.4	110.68	321.46	369.48	72.76	3171.9	573.26	1974.2	1521.9	21.607	0	369.97	0.0	76.72800000000001	0.052902	0.025192	87.311	3046.6	1	0.02742	661.89	0	1	1044.7	876.2	9829.5	0.04374	0	0	27.34	228.73	1661.6	0.51923	1940.3	898.69	0.026619	0.02283	373.5	882.82	610.74	229.3	0.030527	1401.4	3472.6	0.044563	0.0	0	0.8819	54.68	0.042417	1.9707	1	1	0	1	0.015193	0.036031	0.030525999999999998
TCGA-XE-AAO3	TGCT_1	0	687.4	1816.2	1172.6	144.79	694.12	1037.7	218.78	1300.3	343.28	897.38	1633.0	19.889	0	1206.5	1.9889	53.302	0.045489999999999996	0.11065	84.329	1350.8	0	0.034024	315.04	0	1	756.57	1116.6	9622.3	0.064444	0	0	27.447	326.67	1278.8	0.51923	594.28	382.66	0.025797000000000004	0.052985000000000004	342.49	361.18	743.43	552.91	0.71509	964.61	2387.8	0.063274	0.7956	-1	0.0	31.436	0.41736999999999996	21.875	0	1	0	1	0.011885	0.029494	0.035209
TCGA-XE-AAO4	TGCT_1	0	1215.2	2644.2	1697.6	133.58	183.11	385.35	41.526	2769.7	652.91	1177.2	1498.0	101.06	0	918.57	1.0006	214.63	0.043457	0.043413	121.08	1349.8	0	0.020612000000000002	825.02	0	1	1283.8	769.48	12960.0	0.055858000000000005	0	0	51.532	314.17	2472.6	0.51923	1596.0	993.62	0.025604000000000002	0.063463	496.31	775.49	643.9	487.81	0.030170999999999996	1137.7	2099.8	0.056101	1.0006	0	0.0	132.58	0.07374800000000001	7.6601	1	1	0	1	0.013702	0.029725	0.044182
TCGA-XE-AAO6	TGCT_1	0	1522.3	1764.7	1280.7	226.19	379.76	473.02	37.699	734.03	459.6	868.19	2670.7	15.523	0	1131.5	0.5544	60.983999999999995	0.03175	0.038743	454.05	1880.0	0	0.021616999999999997	753.43	0	1	496.19	766.18	9248.5	0.04618	0	0	38.808	271.17	1982.5	0.51923	926.4	1195.8	0.020030000000000003	0.033697000000000005	1238.5	976.3	792.79	263.89	0.44271000000000005	1494.7	2238.7	0.062376	1.1088	1	0.0	158.0	-0.084753	3.4911	1	1	1	1	0.013196000000000001	0.031952999999999995	0.04034
TCGA-XE-AAOB	TGCT_2	1	853.91	9939.3	1178.3	1311.3	1075.4	2886.7	2430.8	6527.6	1473.0	2960.8	690.72	1928.9	0	2156.2	44.73	333.33	0.17469	0.25251	403.8	2648.9	0	0.12172000000000001	2455.9	0	0	725.49	1588.8	5106.7	0.21481999999999998	0	0	723.65	360.04	1652.6	0.51923	2072.9	2405.0	0.069043	0.07132899999999999	3171.0	1875.0	827.82	607.23	0.038449000000000004	3674.6	2090.1	0.13502999999999998	5.5147	1	0.0	63.113	0.8857299999999999	0.0	0	0	1	1	0.25501999999999997	0.030971	0.078534
TCGA-XE-AAOC	TGCT_2	0	375.16	6813.4	326.8	1915.6	3098.8	17371.0	2443.1	10192.0	287.42	607.52	1154.6	2443.1	0	427.36	934.33	444.54	0.3012	0.43025	630.57	2813.9	0	0.09668099999999999	770.92	0	1	1051.2	1237.7	3208.8	0.215	0	1	1432.9	729.27	1340.3	0.51923	1212.1	592.02	0.059135	0.081872	941.03	335.18	710.59	681.26	0.026746	1129.2	1221.8	0.08971	3.3518	1	2.9329	88.405	2.4711	0.0	0	1	1	0	0.52093	0.030437	0.18395999999999998
TCGA-XE-AAOD	TGCT_1	0	852.24	5420.9	1017.0	149.42	282.44	863.12	47.235	5732.7	1023.3	1674.4	1619.2	110.38	0	1008.3	0.0	153.27	0.038274	0.052263	104.59	1686.0	0	0.050026	1407.9	0	0	745.15	1782.4	9162.3	0.079484	0	0	119.05	422.47	1176.5	0.51923	1936.6	1460.9	0.018969	0.06932	824.2	1590.5	799.13	636.7	0.026206	2572.8	3468.4	0.07113799999999999	1.9279	1	0.0	132.55	0.28064	1.9211	1	0	0	0	0.012107999999999999	0.030507	0.033511
TCGA-XE-AAOF	TGCT_1	0	990.7	2915.6	2249.2	86.95700000000001	295.99	530.22	9.1973	1485.0	1336.1	1401.3	1455.6	18.395	0	1088.6	0.0	207.36	0.049975	0.024567	57.692	1678.1	1	0.021480000000000003	1069.4	0	0	1161.4	1479.1	12081.0	0.064627	0	0	28.428	396.27	1488.3	0.51923	2302.7	1474.1	0.021353999999999998	0.09496399999999999	789.3	1371.2	669.73	250.84	0.029947	1758.4	2311.0	0.055845000000000006	1.6722	0	0.0	61.037	0.44272	13.142000000000001	0	0	0	1	0.012705	0.022550999999999998	0.041009
TCGA-XE-AAOJ	TGCT_2	1	1231.3	5140.8	585.42	1899.6	2386.4	11064.0	12755.0	6845.2	462.32	497.99	821.18	3606.2	1	1798.2	107.01	582.62	0.24216999999999997	0.37179	680.54	3523.0	0	0.22274000000000002	695.93	0	-1	397.97	1054.7	7304.7	0.30033000000000004	0	0	1507.3	468.7	1256.9	0.51923	549.75	816.23	0.13223	0.062041	3148.1	198.64	588.91	530.16	0.0272	958.91	881.97	0.13214	0.6994	0	0.0	57.353	4.2756	0.0	-1	-1	0	1	0.30946	0.033044	0.041357
TCGA-XE-AAOL	TGCT_1	0	1114.4	758.8	1366.2	88.02799999999999	276.41	2006.8	1.7606	864.44	389.08	267.61	1346.4	7.0423	0	975.35	0.0	70.422	0.046796	0.023434	65.141	2813.4	0	0.020628999999999998	360.92	0	1	281.69	343.31	11222.0	0.030758999999999998	0	0	19.366	276.8	1186.6	0.51923	572.18	709.51	0.02257	0.024143	265.85	389.08	540.39	278.17	0.026587	610.91	1334.5	0.049871	0.0	0	0.0	40.599000000000004	0.32303000000000004	38.756	1	1	0	1	0.012614	0.025543	0.034736
TCGA-XY-A89B	TGCT_1	0	713.47	4191.8	2133.8	218.99	177.51	57.705	3.7405	3922.1	936.84	2531.7	2111.9	137.04	0	578.76	0.0	112.56	0.054117	0.031767000000000004	93.17399999999999	1535.0	0	0.020590999999999998	1223.5	0	0	1047.7	1306.1	7650.4	0.072021	0	0	20.403	281.76	1424.8	0.51923	2872.7	1636.7	0.019387	0.07449299999999999	870.19	1141.2	928.67	388.0	0.027625	2043.7	3263.8	0.05004	0.0	0	2.7204	67.517	0.071744	5.6093	1	0	0	1	0.011907	0.026271	0.033533999999999994
TCGA-XY-A8S2	TGCT_2	1	1296.8	2688.1	1103.5	1816.2	2185.4	25671.0	346.78	1812.7	836.86	1923.1	1727.7	4407.2	1	2013.6	30.738000000000003	485.32	0.095497	0.32502	1188.4	4293.8	0	0.1805	770.19	0	-1	869.76	1322.2	12219.0	0.35784	0	0	1030.8	190.45	1100.1	0.51923	515.62	1507.9	0.25988	0.21424	1467.6	278.38	885.78	322.97	0.042835000000000005	2557.8	3406.7	0.28912	3.0305	1	0.0	67.104	1.087	0.0	1	-1	1	1	0.01444	0.08205499999999999	0.080426
TCGA-XY-A8S3	TGCT_2	1	1374.1	3212.2	627.91	2762.7	2791.0	35209.0	4478.2	2187.2	479.86	1318.6	1080.0	11728.0	1	2379.2	73.824	239.52	0.22028000000000003	0.54493	1751.3	3953.7	0	0.45083999999999996	898.6	1	0	767.36	1400.6	4177.1	0.48131	1	0	1559.3	368.37	1458.4	0.51923	460.58	899.01	0.23529	0.1627	1009.8	130.83	830.52	462.63	0.12057999999999999	2017.9	2503.1	0.30949	0.4101	0	0.0	40.492	4.625	0.0	0	-1	0	1	0.021688	0.35431	0.2376
TCGA-XY-A9T9	TGCT_1	0	629.81	4647.4	1699.8	220.77	150.4	501.68	11.662	1751.3	975.97	1664.8	1433.8	23.324	0	1097.0	0.0	65.95	0.060583000000000005	0.033335000000000004	63.93899999999999	1995.4	0	0.024402	742.33	0	1	560.97	1220.1	11013.0	0.051511	0	0	51.071000000000005	307.49	1713.5	0.51923	1169.8	1073.3	0.022069	0.042993	407.76	948.63	583.49	441.14	0.26033	1557.9	2849.1	0.049273000000000004	0.4021	0	0.0	34.181	0.065996	13.376	0	1	0	1	0.013064	0.035200999999999996	0.040126999999999996
TCGA-YU-A90P	TGCT_2	0	1264.2	1981.3	631.83	1974.5	1409.6	8804.8	2918.8	1594.6	524.95	2265.9	1345.3	23381.0	1	1750.8	24.465999999999998	164.4	0.085037	0.37537	545.12	2635.9	0	0.25751	631.4	0	1	746.86	1651.2	4949.3	0.28553	0	0	3032.1	226.43	1420.3	0.51923	755.88	951.17	0.13414	0.21491999999999997	1095.8	361.41	944.74	448.98	0.064971	1856.4	3264.7	0.33102	3.0046	1	0.4292	91.855	0.79105	0.0	0	-1	1	1	0.020762	0.12866	0.12418
TCGA-YU-A90Q	TGCT_1	0	691.68	1221.2	1556.3	118.82	293.96	279.23	4.8077	3372.2	138.74	911.4	1876.8	8.2418	0	482.83	1.3736	144.92	0.038781	0.040368	43.269	3004.1	1	0.02023	261.68	0	0	932.69	1366.8	13089.0	0.027007	0	0	17.857	282.26	1428.6	0.51923	1609.9	419.64	0.025898	0.084219	206.73	100.96	722.53	217.03	0.029643	549.45	3730.8	0.035242	0.0	0	0.0	36.400999999999996	-0.084753	3.7712	1	0	0	1	0.013733	0.031056999999999998	0.036003
TCGA-YU-A90S	TGCT_1	0	331.51	8000.0	1744.3	256.02	141.32	77.42399999999999	8.8752	7272.2	1602.3	3754.9	1208.5	245.09	0	450.59	0.0	181.6	0.043538	0.030424	65.54	1851.5	0	0.021821	3623.8	0	0	858.17	1289.0	8001.9	0.069713	0	0	95.579	274.17	1382.5	0.51923	4884.8	2098.0	0.023783000000000002	0.07330199999999999	2112.3	2911.1	632.19	521.59	0.024214	4899.1	2100.7	0.050327	4.779	0	0.6827	47.107	0.033011	0.81973	0	0	0	0	0.01248	0.027502999999999996	0.047067000000000005
TCGA-YU-A90W	TGCT_1	0	494.6	879.78	1247.6	114.52	244.57	1986.6	35.424	2161.3	268.83	976.83	1285.0	14.072000000000001	0	393.06	0.4853	47.07	0.031223	0.037816	68.422	2442.8	0	0.023191999999999997	469.25	0	1	706.05	908.89	11283.0	0.041217000000000004	0	0	148.97	268.33	1417.9	0.51923	777.39	392.57	0.017789	0.066261	217.4	329.49	420.18	494.0	0.031219	750.7	2620.4	0.03909	0.0	-1	0.0	69.45	0.064578	12.085	1	1	-1	1	0.011308	0.052047	0.030476999999999997
TCGA-YU-A90Y	TGCT_2	1	1267.3	3637.6	580.69	3148.8	2327.4	779.83	4717.8	3294.3	845.15	2266.8	981.07	6548.5	1	2660.4	111.94	382.46	0.1524	0.29949000000000003	707.56	4218.3	0	0.21073000000000003	1131.1	0	-1	531.72	1721.1	4960.2	0.30182	0	0	1144.1	421.16	882.93	0.51923	885.73	1027.5	0.1389	0.15112	1314.8	691.7	859.14	411.38	0.061516999999999995	2738.3	2623.6	0.25589	3.2649	1	0.4664	79.59899999999999	0.223	0.0	-1	-1	1	1	0.02223	0.1674	0.081479
TCGA-YU-A912	TGCT_1	0	1147.0	3542.1	1772.1	191.52	532.6	611.33	12.374	2433.3	363.14	1376.7	1885.9	21.519000000000002	0	963.52	0.0	166.24	0.041212	0.030952999999999998	131.27	1616.1	1	0.02049	707.98	0	0	903.81	1547.2	9479.8	0.037016	0	0	21.519000000000002	326.7	1356.2	0.51923	1267.5	838.71	0.029104	0.046165	811.81	417.47	641.81	289.43	0.029974	1526.8	2675.4	0.055527999999999994	1.0759999999999998	0	0.0	52.184	0.16662000000000002	12.757	0	0	0	1	0.015453	0.030945	0.034037
TCGA-YU-A94D	TGCT_2	1	614.05	3965.8	472.19	1213.3	1428.3	2465.0	14434.0	5054.9	263.73	883.01	1150.5	9807.7	0	738.26	106.34	587.89	0.026706999999999998	0.08776	139.13	3162.9	0	0.018868	830.07	0	0	660.03	1368.8	5332.3	0.29283000000000003	0	0	957.49	392.11	1214.2	0.51923	469.84	745.29	0.15491	0.050044	938.28	105.87	842.25	757.0	0.022040999999999998	893.31	1165.0	0.09738200000000001	0.0	0	0.4684	57.15	0.95337	0.0	-1	0	0	1	0.33962	0.022345	0.046923
TCGA-YU-A94I	TGCT_2	1	792.9	1164.1	796.51	2193.1	2435.2	19278.0	4883.5	3503.7	170.07	477.4	702.85	5937.1	1	1374.8	55.62	452.45	0.19293	0.6924	1948.1	3828.9	0	0.54272	852.13	1	-1	515.2	2082.2	3426.5	0.22273	1	0	432.48	377.39	966.22	0.51923	820.75	1717.4	0.15277000000000002	0.048892000000000005	2065.4	70.238	859.26	635.71	0.030001	1443.6	1560.9	0.16168	0.3565	0	0.0	58.82899999999999	5.7834	0.0	-1	0	0	-1	0.021047	0.025563	0.056909
TCGA-YU-AA4L	TGCT_2	1	1548.1	673.76	901.26	1043.6	1850.5	18529.0	11146.0	790.51	221.5	582.65	464.59	1511.7	1	1978.7	162.57	555.37	0.057834	0.5987100000000001	3025.6	2657.4	0	0.20876	1707.6	0	-1	758.32	2139.7	3936.4	0.31861	0	0	941.08	579.13	1279.9	0.51923	950.9	2458.8	0.0705	0.027745999999999996	2841.2	88.925	864.12	893.07	0.023368	2371.0	1295.1	0.11194000000000001	0.0	0	0.5456	68.516	4.6038	2.9456	-1	-1	0	-1	0.13054000000000002	0.024347	0.046345
TCGA-YU-AA61	TGCT_2	1	1041.7	5217.5	745.53	885.75	3609.9	4737.0	25004.0	6780.7	642.82	1060.0	1145.6	3519.3	1	1524.5	693.02	311.02	0.13768	0.43286	1263.7	3574.2	0	0.37892	1350.3	1	1	433.93	2645.7	3814.5	0.25725	1	0	986.15	289.54	1416.0	0.51923	1379.1	1075.6	0.090323	0.062543	2448.4	360.07	814.2	500.87	0.25613	3065.8	2143.7	0.17918	1.7311	1	1.7311	55.095	3.0466	1.4962	1	1	1	1	0.014568000000000001	0.047869999999999996	0.07370499999999999
TCGA-ZM-AA05	TGCT_1	0	686.97	5024.6	1090.8	164.72	58.36600000000001	213.1	0.0	3776.9	374.84	1642.0	1830.7	67.445	0	841.76	0.0	118.03	0.064262	0.023957	131.0	1588.8	0	0.015637	2920.9	0	1	579.77	513.62	6342.7	0.059979	0	0	40.208	228.95	1479.9	0.51923	2246.4	2882.0	0.023378	0.046113	2682.2	3452.7	511.02	393.0	0.026978	2189.4	1409.9	0.045158	9.0791	-1	2.594	57.795	0.231	5.1662	1	0	0	1	0.024522	0.025384999999999998	0.030066000000000002
TCGA-ZM-AA06	TGCT_1	0	788.46	2704.2	1016.5	315.02	945.97	5673.5	0.9158	1331.5	426.74	1472.5	1397.8	16.483	0	780.22	1.8315	164.84	0.037614999999999996	0.042033	172.16	1040.3	0	0.025193	1321.4	0	1	837.91	373.63	12912.0	0.044019	0	0	198.72	279.51	2567.8	0.51923	662.09	1801.3	0.028495	0.092989	1283.0	1457.0	686.81	336.08	0.037106	1248.2	1668.5	0.055326	0.9158	-1	0.0	111.72	0.27583	9.6171	1	1	1	1	0.013041	0.053769000000000004	0.039488
TCGA-ZM-AA0B	TGCT_1	0	1466.1	1581.5	1622.4	75.278	294.49	977.77	63.233999999999995	1244.8	1284.0	1112.3	2325.8	23.487	0	1343.0	0.0	108.4	0.066424	0.042249	56.608999999999995	1347.2	0	0.040659	1281.5	0	1	537.19	881.66	14173.0	0.040194	0	0	94.55	307.28	1323.7	0.51923	1078.0	1711.5	0.026483999999999997	0.071168	919.0	2077.7	585.97	309.55	0.026758999999999998	1924.7	2270.4	0.050841000000000004	3.6134	1	0.0	136.1	0.83844	13.187000000000001	0	1	1	1	0.012277	0.042553	0.040319
TCGA-ZM-AA0D	TGCT_1	0	837.46	4876.8	1824.9	170.72	266.3	214.55	9.3923	3248.6	1358.0	1471.3	1176.3	79.558	0	674.03	0.0	149.17	0.055465	0.029182999999999997	153.04	1624.9	1	0.02628	2424.3	0	1	539.23	622.65	14204.0	0.037045999999999996	0	0	72.376	246.71	1569.1	0.51923	2362.4	1980.1	0.026343000000000002	0.099011	1408.3	4081.2	624.73	191.16	0.031729	2696.1	1989.0	0.085475	2.2099	0	0.0	103.53	0.18387	2.8489	1	1	0	1	0.015972	0.033637	0.040669
TCGA-ZM-AA0E	TGCT_1	0	757.31	3778.8	1449.5	59.596000000000004	179.8	691.18	2.0202	2835.3	889.9	1384.8	1474.0	19.192	0	578.79	1.0101	123.23	0.039993	0.027397	82.82799999999999	1874.8	0	0.028214	1949.5	0	1	582.83	634.34	12035.0	0.041847	0	0	44.443999999999996	232.82	1050.5	0.51923	1772.7	1659.6	0.030891000000000002	0.073942	1258.6	2604.0	574.75	248.49	0.032898000000000004	1757.6	1837.4	0.048651	2.0202	0	0.0	95.96	0.28319	6.5506	1	1	0	1	0.016391	0.034961	0.041013
TCGA-ZM-AA0F	TGCT_1	0	526.8	6042.8	1946.5	345.33	1393.0	110.71	4.8638	4430.9	948.44	1242.2	1920.4	413.42	0	653.7	0.0	232.49	0.037811000000000004	0.025743000000000002	415.37	1968.9	1	0.024911000000000003	2850.2	0	0	491.25	924.12	6519.0	0.074654	0	0	184.82	142.99	710.12	0.51923	1450.4	1948.4	0.024356	0.083121	1707.2	2383.3	523.35	278.21	0.026205000000000003	2211.1	2073.0	0.059613	0.9728	0	0.0	63.23	0.13139	3.6614	1	0	0	1	0.014581	0.028297000000000003	0.047542
TCGA-ZM-AA0H	TGCT_1	0	794.5	7601.5	1107.6	131.06	201.51	181.96	5.303	5759.9	893.94	1503.0	1447.6	151.51	0	753.79	0.0	155.3	0.034017	0.032641	153.03	1509.1	1	0.020425	2011.4	0	0	527.27	448.49	7200.1	0.06490499999999999	0	0	29.546	205.02	1272.7	0.51923	1794.7	2088.6	0.026052	0.09940299999999999	1781.8	1295.5	563.64	331.06	0.022149000000000002	3461.4	1860.6	0.04349	0.7576	0	0.0	77.273	0.21263	13.314	1	0	0	1	0.012639	0.038116000000000004	0.025624
TCGA-ZM-AA0N	TGCT_1	0	1386.2	1904.5	605.99	147.61	145.39	922.56	5.5494	1377.4	487.24	998.89	1754.8	44.395	0	1539.4	0.0	48.835	0.040461000000000004	0.052665	172.03	1753.6	0	0.024894	1229.7	0	1	398.45	477.25	7223.8	0.055974	0	0	129.86	352.22	2557.2	0.51923	714.76	1876.8	0.021846	0.10932	679.25	1851.3	437.29	270.81	0.032277	1818.0	1958.9	0.063636	0.0	0	0.0	67.703	0.026945999999999998	10.527000000000001	1	1	0	1	0.015071000000000001	0.043822	0.080576
