UVM	Labels	N:GEXP::CLU:1191:	N:GEXP::C4A:720:	N:GEXP::ACSF2:80221:	N:GEXP::VIM:7431:	N:GEXP::EEF2:1938:	N:GEXP::GAPDH:2597:	N:GEXP::LGALS3BP:3959:	N:GEXP::GNAS:2778:	N:GEXP::HSPB1:3315:	N:GEXP::SQSTM1:8878:	N:GEXP::HSP90AB1:3326:	N:GEXP::B2M:567:	N:GEXP::PKM2:5315:	N:GEXP::APOE:348:	N:GEXP::ACTB:60:	N:GEXP::FABP3:2170:	N:GEXP::HLA-B:3106:	N:GEXP::TPT1:7178:	N:GEXP::LY6E:4061:	N:GEXP::HLA-C:3107:	N:GEXP::HLA-A:3105:	N:GEXP::PSAP:5660:	N:GEXP::ALDOA:226:	N:GEXP::SLC30A2:7780:	N:GEXP::TFAP2A:7020:	N:GEXP::ACTG1:71:	N:GEXP::TFPI2:7980:	N:GEXP::LDHB:3945:	N:GEXP::AP2M1:1173:	N:GEXP::KIT:3815:	N:GEXP::DDIT4L:115265:	N:GEXP::MYH14:79784:	N:GEXP::CTSD:1509:	N:GEXP::TUBB4:10382:	N:GEXP::ATP5B:506:	N:GEXP::ANXA5:308:	N:GEXP::CD63:967:	N:GEXP::GNB2L1:10399:	N:GEXP::RPS4X:6191:	N:GEXP::ADAM23:8745:	N:GEXP::RPS11:6205:	N:GEXP::HRASLS:57110:	N:GEXP::PRKCD:5580:	N:GEXP::BSG:682:	N:GEXP::SGCD:6444:	N:GEXP::SLC25A6:293:	N:GEXP::RPL8:6132:	N:GEXP::MKRN2:23609:	N:GEXP::EEF1A2:1917:	N:GEXP::RAF1:5894:	N:GEXP::KRAS:3845:	N:GEXP::KRIT1:889:	N:GEXP::MAPK12:6300:	N:GEXP::HSPB7:27129:	N:MIR::hsa-miR-508-3p:Corrected:	N:GEXP::AMMECR1:9949:	N:GEXP::KLHL24:54800:	B:MUTA:COMP:CDK4::	N:MIR::hsa-miR-708-5p:Corrected:	N:GEXP::PHTF1:10745:	N:GEXP::MSC:9242:	N:GEXP::MAPK4:5596:	N:GEXP::LZTFL1:54585:	N:GEXP::ABCA8:10351:	N:GEXP::USP4:7375:	N:GEXP::CKMT2:1160:	N:GEXP::RAP1B:5908:	N:GEXP::ALDH1L1:10840:	N:GEXP::ST6GALNAC2:10610:	N:GEXP::BCAP29:55973:	N:GEXP::SRFBP1:153443:	N:GEXP::VAT1:10493:	N:GEXP::SLC6A17:388662:	N:GEXP::C5orf24:134553:	N:GEXP::ARHGAP12:94134:	N:GEXP::PRKCI:5584:	N:GEXP::APPL1:26060:	N:GEXP::MAP3K2:10746:	N:GEXP::HTRA3:94031:	N:GEXP::AHCTF1:25909:	N:MIR::hsa-miR-132-5p:Corrected:	N:GEXP::QTRTD1:79691:	B:MUTA:COMP:CCND3::	N:GEXP::SLC7A4:6545:	N:GEXP::AP4E1:23431:	N:GEXP::LNP1:348801:	N:GEXP::HHATL:57467:	N:GEXP::CREB1:1385:	I:CNVR::MITF:4286:	N:GEXP::EEFSEC:60678:	N:GEXP::MAPK7:5598:	I:CNVR::MOBP:4336:	N:GEXP::TFAM:7019:	I:CNVR::GAP43:2596:	N:GEXP::BAP1:8314:	N:GEXP::RAB7A:7879:	N:GEXP::SCAP:22937:	N:GEXP::ROPN1B:152015:	N:GEXP::RENBP:5973:	N:GEXP::DDX52:11056:	N:GEXP::ZNF323:64288:	N:GEXP::NAA50:80218:	N:GEXP::WDR53:348793:	N:GEXP::HTR2B:3357:	N:GEXP::PTPN23:25930:	N:METH:cg19297231:CCND3:TssD97:Shore	N:METH:cg11201571:RP11-477I4.4:TssU1089:Shore	N:METH:cg26237168:XKR6:TssD186229:Shore	N:GEXP::SILV:6490:	N:GEXP::BIRC7:79444:	N:GEXP::GPR143:4935:	N:GEXP::FBXO38:81545:	N:GEXP::ATXN7:6314:	N:GEXP::SETD2:29072:	N:GEXP::ATP13A3:79572:	N:GEXP::IP6K1:9807:	N:GEXP::SDCBP:6386:	N:GEXP::SF3B1:23451:	N:GEXP::C3orf63:23272:	N:GEXP::SMAD5:4090:	N:GEXP::OXSR1:9943:	N:GEXP::LSM3:27258:	N:GEXP::SLC41A3:54946:	N:GEXP::LOC100128640:100128640:	N:GEXP::RAB5A:5868:	N:GEXP::NUDT22:84304:	N:GEXP::DCP1A:55802:	N:GEXP::SUZ12:23512:	N:GEXP::WDR82:80335:	N:GEXP::PPWD1:23398:	N:GEXP::UBL7:84993:	N:METH:cg20835807:DLG1:TssD159:Island	N:METH:cg05628771:ATP1A3:TssU213:Shore	N:METH:cg05717685:WRB:TssD477:Shore	I:CNVR::ERC2-IT1:711:	I:CNVR::MTRNR2L9:100463487:	N:GEXP::XRN1:54464:	N:METH:cg12914047:TRIM4:TssU145:Shore
TCGA-RZ-AB0B	UVM_1	15234.0	4610.5	42.39	70389.0	105860.0	86592.0	30016.0	76399.0	11433.0	30006.0	39076.0	49422.0	26295.0	14237.0	89163.0	3315.6	40079.0	49529.0	14604.0	32263.0	53468.0	45944	39384.0	275.79	3780.8	112160.0	603.68	21125.0	5828.4	8319.7	6894.3	1206.8	41918.0	3258.9	25481	41718	62721.0	43462.0	40515.0	6094.5	32092.0	15.322000000000001	834.01	42892.0	3959.7	19417.0	110440.0	345.25	9958.1	1014.3	634.32	512.77	718.95	4057.7	15.367	259.96	553.63	1	48.256	307.46	175.76	212.46	99.081	2973.4	730.34	716.55	1714.5	279.88	5775.3	1059.8	165.47	29290.0	16079.0	1507.7	662.41	160.37	412.67	452.5	243.62	1141.0	7.5499	364.15	1	1228.8	220.63	220.9	25702.0	767.62	-1	191.91	474.81	-1	366.7	-1	1794.7	7289.1	1012.7	55.158	4561.8	446.88	36.772	1023.5	68.94800000000001	9070.0	1597.0	0.32358000000000003	0.76475	0.15102000000000002	49408.0	4623.6	11418.0	650.15	232.89	682.33	1003.1	1499.5	91498	5059.2	738.24	963.74	540.86	452.5	1451.0	8.1716	581.21	618.01	249.75	551.58	1462.2	570.48	1218.1	0.043472000000000004	0.058691999999999994	0.33359	-1	0	363.13	0.05967000000000001
TCGA-V3-A9ZX	UVM_1	15562.0	10939.0	70.685	85075.0	147780.0	93272.0	44606.0	51507.0	8728.2	28827.0	57358.0	63627.0	24194.0	30711.0	70477.0	2977.5	99839.0	47756.0	21081.0	47061.0	128720.0	47910	40889.0	407.67	5272.8	94195.0	498.63	19124.0	8283.8	6908.5	1401.1	603.29	46391.0	4095.3	30175	32513	46822.0	55707.0	54713.0	1871.2	38254.0	9.863	871.78	30957.0	4953.4	26313.0	170020.0	409.31	5781.9	1009.9	424.66	496.44	813.02	1018.1	31.544	204.38	416.44	0	21.927	484.38	423.97	295.34	94.24700000000001	42.192	730.41	610.96	1485.5	145.75	6744.7	663.01	161.1	23967.0	20688.0	1556.2	599.45	134.79	327.12	380.27	487.67	742.47	7.3508	359.45	1	1191.2	189.04	177.92	35.616	752.88	-1	211.23	499.09	-1	393.43	-1	740.82	6832.3	1402.3	95.89	4847.7	492.06	33.973	1033.4	59.178000000000004	4181.9	1681.1	0.30255	0.73247	0.27566999999999997	191840.0	2725.5	15275.0	627.95	203.29	718.36	775.34	1510.1	77724	4116.7	734.54	940.82	527.12	499.18	1181.4	8.2192	496.99	717.3	316.16	550.14	1716.2	481.1	1535.9	0.036406	0.04226	0.25385	-1	-1	329.86	0.030430000000000002
TCGA-V3-A9ZY	UVM_2	4842.3	533.5	1165.7	457490.0	461440.0	107540.0	38972.0	65090.0	26426.0	34715.0	60764.0	11730.0	13126.0	48762.0	63807.0	1062.8	14120.0	113940.0	7763.5	31994.0	49452.0	31076	57933.0	293.43	32252.0	221030.0	12.409	23765.0	20842.0	1659.8	379.56	5820.4	105440.0	20986.0	19376	32607	50588.0	154730.0	150240.0	843.8	104750.0	203.65	2716.1	65238.0	1380.3	68620.0	195310.0	755.48	72.263	3102.9	176.64	172.99	47.62	1405.1	521.77	28.467	556.2	0	3.1939	54.015	8865.6	3106.6	175.18	244.53	1654.7	410.22	575.18	1720.4	10550.0	220.44	52.555	45809.0	19372.0	237.23	99.27	73.723	269.34	89.781	21.168000000000003	221.17	3.8716	324.09	0	4447.4	69.343	2074.4	6519.7	184.67	0	1473.4	856.72	0	149.63	0	4925.6	13023.0	4110.1	752.55	2705.1	116.79	53.285	672.99	80.292	4.3796	5473.0	0.049059	0.070901	0.015427000000000001	359810.0	3580.3	7862.8	290.51	165.69	642.34	682.48	5038.0	14625	1534.3	230.31	362.77	407.3	1059.1	4416.1	166.42	529.2	634.88	210.22	156.2	2875.2	170.07	3186.1	0.025947	0.043258	0.042808	0	1	121.9	0.02563
TCGA-V4-A9E5	UVM_2	29252.0	3550.4	1705.2	345850.0	165600.0	231780.0	39379.0	51145.0	26663.0	36575.0	57103.0	4330.4	30877.0	53378.0	87241.0	1478.6	3028.6	44535.0	23708.0	5168.8	14313.0	26323	123700.0	196.51	24585.0	309880.0	104.6	18028.0	27456.0	988.91	183.84	6970.7	134820.0	78020.0	19638	43151	85767.0	94688.0	203240.0	4.7544	84417.0	110.94	4519.0	143640.0	721.87	55729.0	180660.0	924.94	251.19	2515.6	110.14	90.333	405.9	4262.3	6381.6	35.658	516.64	0	5.9724	55.468	2292.0	4412.0	236.13	278.13	1323.3	675.12	688.59	4367.7	6657.7	140.25	30.903000000000002	62065.0	6343.1	244.85	111.73	166.4	259.9	33.281	10.300999999999998	152.14	2.1983	223.46	0	4159.3	30.903000000000002	2075.3	3378.0	196.51	0	1480.0	1049.2	0	112.52	0	6098.3	11916.0	9314.5	384.31	3676.7	76.07	32.488	900.95	70.523	7.9239	6503.2	0.024109000000000002	0.061186000000000004	0.025910000000000002	560320.0	3355.0	9408.9	169.57	160.06	472.27	1062.6	5754.4	20028	861.33	235.92	320.92	364.5	1109.3	5042.0	253.57	610.14	1147.0	207.61	132.33	2427.9	101.43	3694.9	0.025591	0.050775	0.027187	0	1	124.41	0.037811000000000004
TCGA-V4-A9E7	UVM_4	315.93	767.28	121.37	119260.0	233080.0	158900.0	49315.0	67165.0	19984.0	28628.0	54978.0	11553.0	25066.0	23041.0	63173.0	1380.3	4898.3	66162.0	23188.0	8474.3	26701.0	29770	65970.0	282.61	4423.4	155020.0	61.282	26956.0	11338.0	4597.4	188.01	623.53	55297.0	5247.1	36582	23003	72595.0	92338.0	89535.0	1469.6	66068.0	34.508	468.84	49571.0	5348.8	43663.0	226900.0	332.0	2885.0	747.88	337.35	272.5	1292.6	443.85	25.15	85.081	243.34	1	18.055	106.5	62.276	326.64	86.866	985.87	712.78	250.48	1178.0	524.17	9361.3	364.12	94.006	35962.0	11788.0	723.49	329.62	132.08	201.1	157.67	881.15	489.07	14.206	255.84	1	1454.1	119.59	163.84	38.078	392.68	-1	371.09	624.5	-1	203.48	-1	1261.9	6438.2	2127.1	85.081	7710.8	315.93	22.609	631.27	46.408	1257.8	2363.8	0.41415	0.76298	0.021474	416300.0	4659.2	19684.0	461.1	135.06	522.98	522.39	1370.2	70141	2819.0	444.14	603.9	352.22	554.51	1507.1	9.5196	426.6	1155.7	159.45	275.47	1172.1	289.16	2733.3	0.050691	0.043664999999999995	0.13183	-1	-1	106.5	0.033544
TCGA-V4-A9E8	UVM_4	1178.5	1664.0	69.204	58339.0	157260.0	126500.0	185620.0	76966.0	28945.0	23648.0	43983.0	34379.0	25854.0	58613.0	124630.0	4438.0	61580.0	42325.0	26592.0	35576.0	78410.0	64053	59922.0	340.09	4378.4	195030.0	96.88600000000001	11339.0	22656.0	9474.0	16.807000000000002	4523.0	169560.0	19754.0	31140	34290	71170.0	62725.0	44344.0	6614.9	52876.0	28.67	1192.3	96110.0	2066.2	26262.0	108220.0	359.86	4400.4	992.59	123.58	93.92	2304.2	1286.2	541.08	52.397	234.31	0	2.4013	62.284	99.397	627.78	24.715999999999998	1.9773	1269.4	627.78	685.12	90.954	6890.8	232.33	22.738000000000003	98993.0	2802.8	318.34	152.25	50.42	92.931	31.636	104.8	91.943	8.0715	183.88	0	8360.9	53.386	447.85	13.841	230.35	-1	847.03	1146.3	-1	55.363	-1	400.4	9514.6	2606.4	10.875	13414.0	177.95	28.67	388.53	51.409	219.48	4593.2	0.20508	0.60034	0.052272000000000006	586740.0	7161.6	10038.0	209.59	69.204	232.33	229.36	3218.0	12763	1558.1	155.22	263.96	318.34	590.21	1368.3	18.784000000000002	399.41	2123.3	150.27	144.34	2000.0	98.863	3039.1	0.616	0.6671600000000001	0.16704000000000002	-1	-1	83.045	0.025485
TCGA-V4-A9E9	UVM_2	671.27	296.58	914.18	385740.0	374220.0	289120.0	98391.0	57319.0	36737.0	35733.0	68759.0	5621.8	31421.0	60784.0	76658.0	577.46	21888.0	73264.0	22754.0	10810.0	69355.0	30957	122440.0	745.46	14925.0	126410.0	10.909	24599.0	25852.0	264.0	263.27	9730.2	122520.0	25529.0	32383	25273	114040.0	122380.0	107160.0	114.91	81354.0	53.091	1842.9	95404.0	1320.0	87054.0	252820.0	704.0	718.54	1749.1	97.454	98.90899999999999	526.07	2013.8	298.87	32.727	274.18	0	0.40148	49.455	7573.7	4009.4	128.73	320.0	1640.7	211.64	554.91	5757.8	11615.0	93.09100000000001	22.546	53225.0	28374.0	213.82	98.90899999999999	61.818000000000005	216.0	32.727	6.5455	115.64	5.6755	317.82	0	3388.4	45.091	1319.0	4233.4	149.09	0	1670.1	665.84	0	112.0	0	6032.7	9284.4	6420.2	664.73	6355.6	159.27	46.545	875.64	94.546	4.3636	6522.2	0.034829	0.054803	0.021199000000000003	773990.0	2680.7	6628.4	149.82	113.45	495.27	470.55	3296.7	20954	1296.7	168.49	258.18	427.64	1214.5	3084.4	56.727	450.18	1517.3	187.64	119.27	2551.3	120.73	3575.3	0.024793	0.065872	0.030813	0	0	38.545	0.026191000000000002
TCGA-V4-A9EA	UVM_2	10298.0	262.81	636.88	224640.0	305830.0	208850.0	83606.0	64977.0	44542.0	40925.0	59034.0	6398.2	47853.0	98709.0	121800.0	799.77	17477.0	38058.0	30197.0	14073.0	44354.0	43881	138160.0	231.9	20808.0	307990.0	14.706	11259.0	25212.0	785.07	124.43	14083.0	160460.0	61358.0	22152	36518	112290.0	117040.0	99504.0	9.0498	86543.0	35.068000000000005	3273.8	202680.0	316.74	62414.0	206870.0	581.45	567.87	1660.6	58.824	30.543000000000003	336.1	6245.5	1097.2	35.068000000000005	332.58	0	0.40148	26.018	5370.5	369.91	108.6	182.13	1468.3	986.42	285.07	2041.9	10347.0	87.104	7.9186	122770.0	31601.0	62.217	45.248999999999995	57.692	165.16	20.362000000000002	13.575	85.973	3.0274	144.8	0	4803.2	35.068000000000005	1632.3	87.104	135.75	0	2418.8	1509.6	0	40.724000000000004	0	10236.0	8389.1	6407.5	264.71	6192.3	49.773999999999994	21.493000000000002	421.95	61.086000000000006	2.2624	11949.0	0.042058	0.059624	0.033001	928230.0	2294.1	8414.0	64.48	115.39	407.24	400.45	8349.5	11130	834.84	124.0	82.579	240.95	1099.5	5425.3	218.33	472.85	921.16	223.98	65.611	2269.2	52.036	5676.5	0.026304	0.064185	0.047751	0	0	66.742	0.027837999999999998
TCGA-V4-A9EC	UVM_2	1717.0	376.64	541.45	621410.0	426700.0	117940.0	72108.0	84418.0	45280.0	31105.0	66199.0	7102.4	17744.0	90753.0	53842.0	628.66	9591.4	165150.0	17224.0	12820.0	15096.0	23524	90726.0	109.92	31581.0	174620.0	101.75	12216.0	17395.0	2642.7	402.45	10176.0	130260.0	37583.0	23409	45355	92663.0	174800.0	225820.0	186.24	111120.0	151.72	3700.2	118500.0	2349.3	92617.0	206170.0	1275.5	343.4	2277.5	94.48100000000001	233.48	344.79	1163.8	191.25	37.247	882.13	0	3.2322	60.868	8354.7	1232.8	265.27	544.17	1813.3	397.91	774.93	2783.6	13112.0	272.54	73.586	46451.0	11403.0	397.0	279.81	197.14	404.27	93.573	22.712	277.08	4.8231	392.46	0	2456.5	58.141999999999996	1109.6	40534.0	323.42	0	1244.3	1020.2	0	211.67	0	4387.9	11568.0	4898.6	677.72	3177.8	207.13	59.958999999999996	1122.0	109.02	9.9932	4526.0	0.043242	0.034993	0.019396	365220.0	4905.8	8804.9	330.68	199.86	732.23	1084.7	3627.5	22195	2756.3	388.94	616.85	392.46	1096.5	3148.8	131.73	878.49	870.02	294.35	198.96	2845.3	308.88	3800.1	0.025707	0.07286799999999999	0.029493000000000002	0	0	130.82	0.031476
TCGA-V4-A9ED	UVM_4	37420.0	9529.9	85.333	143580.0	258980.0	142110.0	52335.0	58714.0	23661.0	26051.0	42030.0	39859.0	20882.0	24797.0	61892.0	3998.1	43882.0	64422.0	11006.0	34067.0	83097.0	36412	63354.0	477.87	7657.8	156920.0	257.14	17605.0	14561.0	21500.0	59.733000000000004	5790.1	94522.0	10511.0	29898	41506	61262.0	92894.0	86605.0	775.39	63946.0	25.6	1005.2	64522.0	4891.3	65222.0	114030.0	355.55	39.253	1199.8	205.37	182.61	528.75	2653.3	69.5	68.266	309.47	0	11.907	170.67	821.35	461.94	62.00899999999999	1072.9	903.39	1420.5	951.18	581.4	15383.0	290.13	40.96	43412.0	12171.0	372.05	198.54	95.00399999999999	163.27	92.728	175.79	228.12	4.337	196.27	0	3911.7	74.524	501.44	10.809000000000001	297.53	-1	383.0	609.68	-1	122.88	-1	2396.7	7214.1	1699.9	86.471	9299.0	194.56	35.84	493.79	43.803999999999995	1592.3	2312.5	0.26461	0.72543	0.038014	268380.0	10877.0	8984.4	407.32	110.93	416.43	459.09	2368.3	20326	2039.5	223.52	420.98	297.53	513.14	1926.2	17.067	333.37	1112.5	203.66	181.47	1512.1	248.03	2536.7	0.040532	0.037407	0.23724	-1	0	91.022	0.034737
TCGA-V4-A9EE	UVM_1	1634.2	15202.0	83.17	72982.0	98006.0	98789.0	30217.0	65061.0	7433.4	15786.0	47138.0	48417.0	38648.0	6861.7	73131.0	3227.6	55309.0	46684.0	13089.0	27754.0	26299.0	49518	30564.0	98.829	5217.5	113420.0	23569.0	14355.0	5155.1	4368.0	425.25	1944.9	26224.0	1932.7	24753	22974	45803.0	41557.0	40862.0	5245.3	29062.0	13.92	891.9	36932.0	4304.6	19300.0	99664.0	394.71	9592.7	1243.3	961.5	634.74	780.76	1253.5	30.425	235.94	791.68	0	19.192999999999998	404.02	132.27	1136.9	146.85	3543.9	837.96	344.16	1589.3	56.722	4046.1	913.13	206.01	25048.0	16857.0	2077.2	1023.1	188.26	527.9	520.25	98.829	1166.1	5.2125	420.02	0	990.03	289.18	123.75	151.72	900.6	-1	207.61	518.47	-1	439.17	-1	819.87	5577.2	1198.7	37.931	3041.1	636.82	83.866	1167.2	70.642	7823.2	1404.5	0.27013000000000004	0.5099899999999999	0.041373	80686.0	2619.0	7288.7	843.88	295.79	902.34	1073.2	1135.5	37393	7130.7	1056.6	1041.2	789.59	375.83	1079.5	12.18	666.75	593.98	352.86	748.18	1614.7	697.03	1097.6	0.047106999999999996	0.043535000000000004	0.11079000000000001	-1	0	576.97	0.033716
TCGA-V4-A9EF	UVM_4	985.23	11007.0	30.820999999999998	120230.0	267880.0	153570.0	44452.0	53750.0	10706.0	20079.0	46026.0	16836.0	24391.0	23989.0	57191.0	2613.1	16883.0	64508.0	22696.0	11304.0	33926.0	40716	60012.0	400.67	7546.6	109650.0	36.985	20371.0	10619.0	18476.0	295.36	2318.2	70117.0	6283.8	29669	31957	61149.0	112500.0	89709.0	167.46	63717.0	14.383	950.82	67674.0	4546.0	81704.0	220230.0	491.25	1011.4	1019.0	181.84	253.24	1107.4	931.81	88.772	99.65299999999999	252.73	1	3.5386	213.69	76.44	841.4	68.833	5337.1	864.52	426.87	1206.6	616.93	9147.5	257.87	76.538	33960.0	21098.0	629.77	287.14	70.887	205.47	105.82	280.98	267.11	9.4056	259.92	0	1285.7	83.729	353.13	954.92	313.34	-1	343.01	549.33	-1	219.34	-1	509.05	5613.5	2055.1	190.06	5827.7	309.23	26.198	730.96	40.067	1228.7	2189.8	0.29953	0.8216399999999999	0.022616999999999998	187760.0	2071.7	12315.0	457.69	97.59899999999999	416.08	515.22	1739.3	42328	2426.1	271.98	586.11	359.57	493.64	2100.4	21.061	339.54	919.96	216.77	237.32	1588.8	289.71	2217.5	0.045596	0.04361	0.27503	-1	0	108.9	0.024833
TCGA-V4-A9EH	UVM_2	3582.4	2026.0	539.83	218330.0	113910.0	63475.0	66545.0	136720.0	16848.0	21595.0	31457.0	75902.0	14554.0	123390.0	41087.0	612.01	79222.0	55321.0	11624.0	44600.0	65258.0	38788	44347.0	364.02	7571.4	74706.0	32.599000000000004	15012.0	17546.0	3491.6	78.005	4052.0	54427.0	5977.3	16691	31766	59606.0	57758.0	56912.0	153.29	56262.0	237.12	1406.8	28086.0	2683.6	24045.0	81854.0	852.62	2701.1	2699.9	245.66	251.09	276.52	368.68	98.68299999999999	55.108000000000004	707.87	0	1.5609	131.56	198.76	104.78	273.6	26.39	1773.9	1049.4	879.79	1372.7	3268.5	346.56	64.422	34789.0	5099.4	417.97	279.81	160.28	394.68	104.01	94.693	289.51	4.4691	475.4	0	1823.2	143.98	1297.2	12801.0	305.81	0	829.14	609.72	0	233.24	0	5202.7	12377.0	3295.1	780.83	2408.8	289.12	73.348	910.06	123.41	8.926	4080.3	0.020547	0.025763	0.021776	318000.0	8703.2	7377.1	357.81	202.58	836.71	622.1	3901.4	20463	2623.8	442.27	565.05	549.53	1015.2	2725.1	46.57	604.25	751.06	450.18	297.66	2649.1	323.66	2384.4	0.033152	0.043108	0.025111	0	0	178.52	0.028104
TCGA-V4-A9EI	UVM_1	598.1	6483.7	44.937	78087.0	101030.0	110410.0	41580.0	51662.0	8471.2	19112.0	51834.0	22978.0	29913.0	24827.0	59992.0	3695.6	24490.0	45713.0	25908.0	17736.0	57099.0	42000	36153.0	541.77	3089.4	74658.0	694.3	20691.0	7175.9	5420.2	669.62	1468.3	37238.0	2685.1	26954	21554	38161.0	43865.0	37084.0	3648.1	29766.0	20.253	644.3	32189.0	4380.7	17424.0	177710.0	393.04	15297.0	1183.5	384.18	486.08	1317.3	1987.3	84.76299999999999	251.58	504.75	1	45.855	528.8	131.25	479.75	116.14	107.28	631.96	644.94	1669.6	220.57	2259.5	820.25	175.95	17504.0	17300.0	1932.9	560.13	161.08	394.94	369.94	722.15	915.19	5.1971	385.13	1	1083.2	186.39	219.33	442.09	712.98	-1	227.34	485.8	-1	449.68	-1	2127.2	6113.3	1336.6	55.696000000000005	5064.9	475.63	40.19	1224.4	77.532	5107.3	1190.8	0.46858	0.7813100000000001	0.36391	58323.0	4780.1	9663.0	536.71	171.84	709.81	611.71	1107.6	70312	4204.1	933.6	890.82	661.71	515.19	1029.4	7.5949	393.99	719.95	256.96	643.35	1468.0	535.13	1453.2	0.58575	0.043286	0.20288	-1	-1	262.98	0.029026
TCGA-V4-A9EJ	UVM_2	4301.9	381.41	793.64	379250.0	185690.0	106960.0	78130.0	72888.0	28692.0	30155.0	48409.0	8026.2	24585.0	76154.0	36933.0	500.48	2992.2	58856.0	19374.0	19230.0	57422.0	48848	50236.0	213.05	30555.0	162800.0	9.2438	18695.0	18071.0	986.44	461.31	4401.8	78061.0	13699.0	20038	32189	102940.0	65746.0	81042.0	448.54	43383.0	76.59100000000001	3042.1	64870.0	1932.4	46261.0	126710.0	1219.3	365.79	2245.8	257.94	253.98	78.295	1014.2	11523.0	49.74	986.88	0	2.931	172.99	3845.4	1366.8	305.04	4.4018	1606.7	272.91	1126.9	1795.0	10049.0	294.04	117.53	45142.0	22085.0	665.99	307.69	236.38	445.9	123.25	16.727	361.39	4.2635	481.12	0	2395.4	102.12	4200.9	10.564	423.89	0	825.32	675.18	0	263.23	0	4813.8	15262.0	3543.9	1207.8	4600.3	274.67	144.38	1446.9	114.45	16.287	3951.9	0.029173	0.125	0.030201	1001600.0	1186.7	10386.0	437.54	298.88	1027.8	1491.8	3926.8	23766	3013.9	499.0	634.74	750.95	937.58	5458.7	97.72	827.98	657.16	409.37	302.84	2941.3	297.12	2104.9	0.028402999999999998	0.044029	0.039001999999999995	0	0	202.48	0.030876
TCGA-V4-A9EK	UVM_3	701.83	629.65	452.53	168570.0	93032.0	29193.0	21815.0	81627.0	17725.0	17162.0	54805.0	41017.0	7950.0	22952.0	35268.0	322.6	47406.0	72388.0	4938.9	23596.0	49656.0	30910	14670.0	313.16	21955.0	79605.0	31.094	9820.1	12249.0	7066.1	26.096999999999998	2615.2	36509.0	11970.0	6226	27848	25024.0	46058.0	72637.0	4128.3	46088.0	56.08	1993.9	21017.0	4836.2	32133.0	92515.0	1058.3	2.7762	2764.6	742.37	609.11	32.332	549.14	11231.0	132.15	2327.0	0	10.759	137.15	25084.0	42.754	459.19	30.539	1468.6	425.88	519.16	1013.3	9486.4	498.06	221.54	27575.0	6284.8	1183.8	676.29	387.56	951.14	531.93	9.9944	1283.7	5.9015	496.39	0	1945.0	142.7	2551.5	5.5525	1665.2	0	485.19	423.29	0	491.95	0	3361.5	14490.0	1941.8	767.91	1801.2	488.62	189.34	1714.0	116.6	25.541	3135.5	0.031399	0.34515	0.025854000000000002	146770.0	659.63	10689.0	649.64	520.27	1171.6	2482.5	3134.9	41315	8495.8	1064.8	1244.9	829.54	802.33	3278.2	69.406	685.73	361.63	616.32	641.87	2520.8	489.17	1243.2	0.60065	0.060634	0.076028	0	0	588.56	0.039701
TCGA-V4-A9EL	UVM_1	259.45	7532.4	76.83	62928.0	78753.0	93736.0	48676.0	65698.0	9575.2	29299.0	33626.0	111850.0	24713.0	18786.0	75104.0	4259.4	123240.0	49476.0	19296.0	63610.0	144650.0	49278	37824.0	249.8	2841.4	76971.0	122.28	15963.0	7129.5	21103.0	117.06	728.08	40731.0	2387.0	25964	30883	47068.0	38124.0	37452.0	4657.3	33206.0	13.274000000000001	823.81	26069.0	5640.8	18253.0	117190.0	343.12	6875.3	1214.8	439.26	554.71	1420.5	1822.2	60.382	204.75	374.5	0	45.468	537.41	290.2	76.83	90.105	3.6203	794.85	431.62	1848.8	66.372	3776.8	1111.4	164.12	19940.0	12666.0	1496.4	771.92	165.33	296.46	348.35	454.55	990.35	12.747	318.58	1	549.08	201.53	96.335	0.8045	728.48	-1	198.09	429.74	-1	349.15	-1	302.9	7237.7	1029.6	54.303999999999995	4525.3	428.0	16.492	890.18	78.84100000000001	8508.0	1237.7	0.31886	0.7349100000000001	0.15382	27580.0	2636.8	10396.0	632.34	216.41	665.73	642.4	1180.2	56912	5341.1	881.38	880.13	586.89	477.47	993.16	10.860999999999999	457.36	761.57	259.86	584.07	1292.4	689.06	1238.5	0.047281000000000004	0.044047	0.11180999999999999	-1	-1	423.97	0.029271
TCGA-V4-A9EM	UVM_2	20898.0	9574.6	562.72	597670.0	244760.0	177940.0	42062.0	52979.0	15222.0	54681.0	82134.0	8709.9	48169.0	117900.0	109630.0	3261.3	21955.0	56236.0	16051.0	16340.0	37556.0	38980	77863.0	488.76	18206.0	297580.0	175.05	21782.0	19171.0	1071.7	2215.6	2324.8	74662.0	7144.3	25646	10192	60897.0	92453.0	94169.0	35.242	61435.0	33.509	3126.7	88122.0	793.23	70119.0	162000.0	882.2	1849.9	2317.9	165.81	233.41	203.72	4844.9	661.25	97.637	615.87	0	11.095	135.77	186.78	396.33	255.94	436.77	1419.5	1117.3	565.03	318.33	5577.5	145.01	44.486000000000004	57886.0	29395.0	294.07	173.32	87.816	372.06	97.06	25.42	391.13	7.8972	437.92	0	6595.4	87.238	737.18	10926.0	247.27	0	1163.1	719.14	0	172.16	0	5459.6	10960.0	2986.9	167.54	1641.9	244.38	47.952	1097.1	71.639	6.3551	5546.3	0.025095	0.073892	0.10704000000000001	360990.0	2014.6	9617.0	456.41	257.67	538.45	951.53	4563.5	50426	1928.5	343.55	332.78	674.79	1212.1	3421.3	214.34	777.63	1012.8	395.75	149.63	3377.4	228.78	2152.1	0.029776	0.04293	0.040164	0	1	160.03	0.025644999999999998
TCGA-V4-A9EO	UVM_3	3285.3	1006.6	501.33	184930.0	134020.0	116930.0	35384.0	74272.0	8397.5	31384.0	67648.0	11506.0	26016.0	20480.0	34628.0	1710.7	2748.2	60336.0	10416.0	5998.9	9516.7	38416	37396.0	350.49	11844.0	116020.0	743.12	28690.0	10933.0	16394.0	26.176	2602.5	74578.0	7179.7	25997	30822	60861.0	69044.0	28742.0	530.61	26964.0	43.035	1466.3	49059.0	6417.0	33348.0	81388.0	949.42	864.24	1686.8	672.14	508.43	539.79	729.37	388.45	44.809	807.9	1	1.6541	98.04799999999999	161.09	4581.6	98.492	6405.5	1190.8	184.56	1776.4	388.2	17479.0	464.95	161.49	45008.0	1587.0	1378.9	797.25	221.38	301.24	241.35	62.111999999999995	509.76	4.8798	434.78	0	2337.6	190.77	421.82	13.31	632.65	-1	267.05	478.94	-1	358.92	-1	2527.5	9818.5	1772.2	169.03	3524.0	449.87	94.94200000000001	1564.3	71.429	1176.1	2122.4	0.10718	0.86369	0.017751	392860.0	8149.5	9316.8	814.11	279.5	878.88	1684.6	1934.8	38717	4509.3	660.52	976.49	707.63	647.74	1846.0	29.281	783.5	571.0	358.47	572.32	2153.9	516.41	1453.9	0.054015	0.062537	0.080447	-1	1	385.54	0.033711
TCGA-V4-A9EQ	UVM_4	1225.8	5209.8	290.56	187830.0	277310.0	243940.0	88606.0	95740.0	23322.0	37635.0	39139.0	32493.0	35740.0	15887.0	110130.0	1905.6	29859.0	37231.0	23260.0	41285.0	60154.0	45654	103630.0	404.36	11785.0	228800.0	266.95	19102.0	12106.0	11325.0	624.09	1337.8	124050.0	10822.0	37663	32539	96989.0	103610.0	70783.0	1083.5	58852.0	15.133	753.03	101340.0	2086.6	48272.0	203860.0	276.03	4144.7	906.78	185.84	138.62	1224.4	1970.3	30.993000000000002	72.03399999999999	144.07	1	7.1318	80.508	258.43	111.99	33.293	1144.1	860.77	256.05	561.14	616.83	8216.7	195.52	29.055999999999997	54065.0	17533.0	342.01	121.06	33.898	101.69	73.245	312.95	144.67	6.8858	214.89	1	2668.3	77.482	156.17	431.6	192.49	-1	734.76	733.11	-1	114.41	-1	251.21	5669.5	2418.8	29.660999999999998	13535.0	165.86	23.608	426.75	35.109	2155.0	4570.8	0.3643	0.84521	0.036916000000000004	408830.0	380.75	16175.0	252.42	104.12	259.08	348.06	2770.0	33981	1427.4	132.91	233.05	258.48	468.52	1920.1	6.6586	291.77	1586.0	110.78	127.12	1397.1	168.28	3376.5	0.061110000000000005	0.042961	0.13095	-1	0	53.873999999999995	0.030918
TCGA-V4-A9ET	UVM_2	2069.4	1027.1	467.04	207990.0	393340.0	152920.0	79628.0	77931.0	38999.0	20613.0	91503.0	3739.1	15389.0	54056.0	79373.0	2002.1	1754.7	57690.0	19169.0	5280.0	29610.0	24056	89080.0	229.7	46538.0	353900.0	40.944	17060.0	18622.0	5026.4	27.064	12701.0	63525.0	52614.0	27928	28829	46945.0	154120.0	119360.0	48.577	95881.0	58.986999999999995	2140.2	112970.0	2127.0	115350.0	429360.0	757.81	156.14	1632.2	199.17	134.63	522.92	1510.8	2937.8	31.228	526.72	0	1.7789	40.25	12231.0	67.314	119.36	782.1	1815.4	217.21	385.84	1243.6	9442.0	110.34	45.801	61530.0	5403.2	324.77	167.94	112.42	340.04	51.353	13.185	283.14	3.0374	367.11	0	6938.2	63.845	832.4	54.129	238.72	0	1798.6	1110.3	0	120.06	0	6628.0	11676.0	5107.0	319.22	5489.9	160.31	42.332	789.03	52.74100000000001	0.0	8877.9	0.039463	0.046493	0.061609000000000004	420260.0	2110.3	11631.0	257.46	156.14	592.64	1065.9	4111.0	13371	1401.1	183.77	350.45	446.22	869.53	3256.1	102.71	385.84	932.88	231.78	166.55	2555.2	147.12	3526.0	0.051715	0.070534	0.03277	0	-1	122.14	0.03186
TCGA-V4-A9EU	UVM_1	2602.7	8470.4	28.441999999999997	62314.0	74714.0	78341.0	39134.0	55668.0	6687.7	28882.0	30570.0	36602.0	19398.0	20883.0	59887.0	3608.5	34788.0	31108.0	15155.0	18068.0	47049.0	52900	33978.0	513.61	4338.3	78796.0	218.47	14323.0	5745.0	17437.0	648.41	1079.2	42804.0	2555.3	20704	34572	38676.0	23655.0	25495.0	8765.7	18855.0	10.717	615.84	24440.0	6609.8	11586.0	65854.0	468.27	4035.9	1555.3	506.19	669.84	901.53	3832.3	58.552	257.63	683.03	0	37.01	431.58	162.99	171.89	70.07600000000001	23.908	658.3	585.75	1817.8	155.82	2999.7	912.22	224.24	18161.0	38070.0	2036.3	1050.3	167.77	393.66	753.11	451.37	924.59	4.7778	355.74	1	859.05	255.57	258.01	171.07	964.57	-1	166.2	238.28	-1	370.58	-1	338.01	6498.9	1190.2	30.504	3592.8	460.03	36.687	1082.0	77.49600000000001	8404.1	1524.8	0.35243	0.8527299999999999	0.32544	50215.0	1994.7	10759.0	775.37	313.69	809.58	1065.6	1465.0	62121	7175.4	1027.7	1169.0	563.49	335.95	1006.6	5.7709	474.45	629.83	326.88	758.05	1552.4	859.87	946.43	0.06553300000000001	0.050131	0.30781	-1	-1	497.95	0.02475
TCGA-V4-A9EV	UVM_1	1502.4	18498.0	130.16	77526.0	85180.0	100150.0	54157.0	63450.0	9725.6	27147.0	33203.0	129820.0	29758.0	22010.0	85288.0	3030.1	209920.0	49954.0	17721.0	154360.0	141250.0	44170	40803.0	206.06	4934.6	96388.0	293.79	13514.0	7149.2	13465.0	668.37	1211.9	42467.0	2966.8	21037	32503	42387.0	38026.0	39678.0	1565.6	31409.0	5.3045	1054.4	33005.0	4616.1	17400.0	98851.0	402.73	3253.7	1091.5	469.65	609.2	617.17	2070.8	15.950999999999999	210.14	685.1	0	11.312999999999999	542.28	176.24	180.76	98.745	1343.7	870.75	626.34	1551.4	73.447	7005.2	781.39	145.26	23938.0	19468.0	1490.2	864.63	164.44	333.77	378.66	217.08	684.69	5.351	348.87	0	922.17	185.66	219.07	24.482	796.9	-1	238.14	424.7	-1	285.63	-1	700.19	6908.1	911.75	71.407	4921.8	400.69	34.683	907.48	59.574	7696.8	1592.2	0.29406	0.63052	0.077099	77178.0	3599.3	9103.3	563.5	308.88	745.49	868.71	1162.5	51820	5783.1	937.2	976.03	560.24	372.13	1233.9	11.425	505.97	562.07	268.49	527.19	1640.7	637.76	1182.1	0.036181	0.041638	0.12385	-1	0	649.6	0.026048
TCGA-V4-A9EW	UVM_3	3415.3	489.72	734.54	375510.0	270850.0	112080.0	30543.0	54476.0	15016.0	24665.0	100400.0	12109.0	23421.0	30795.0	47252.0	719.55	14068.0	89798.0	12075.0	10964.0	25514.0	27315	39206.0	131.65	18336.0	159050.0	634.21	24712.0	11815.0	1318.3	646.01	4805.4	46434.0	10708.0	23165	34220	58806.0	107580.0	167330.0	18.613	64631.0	47.214	3324.0	48668.0	2847.3	47262.0	146160.0	1229.4	262.85	2564.5	378.62	369.54	239.53	1403.2	241.32	52.208	1103.6	0	4.8291	114.4	4150.6	2100.6	397.23	1127.2	1545.3	694.59	1345.1	1901.3	5785.9	250.6	143.46	40201.0	12213.0	742.71	486.21	285.1	631.03	134.83	12.257	662.35	4.5501	568.38	0	2300.8	138.46	1751.9	6672.6	457.61	-1	514.83	550.29	-1	404.49	-1	4321.0	10359.0	2874.4	473.05	3310.4	321.87	157.98	1633.0	98.96700000000001	15.889000000000001	4082.6	0.036989	0.036129	0.02102	358730.0	1159.9	5977.1	614.69	481.67	1092.7	1965.7	3011.7	25711	3989.6	674.16	698.67	939.28	767.68	3520.6	93.973	984.68	537.11	743.62	368.18	3694.5	464.87	1560.3	0.037129	0.04244	0.031320999999999995	-1	1	276.02	0.028533
TCGA-V4-A9EX	UVM_1	539.05	5146.2	24.756	50589.0	107860.0	110520.0	49083.0	64593.0	7588.9	18688.0	53389.0	17422.0	24892.0	37666.0	55881.0	3693.2	17884.0	40836.0	33271.0	10381.0	50125.0	49158	31845.0	703.28	3653.7	67758.0	2302.7	25239.0	7138.4	7492.7	802.65	1522.7	46970.0	5555.8	30186	24873	41334.0	40256.0	36400.0	3912.5	26857.0	22.315	590.31	42439.0	5039.1	15809.0	122570.0	421.9	16623.0	1014.0	374.48	573.57	1250.0	2387.0	20.159000000000002	337.17	642.61	1	30.31	247.21	133.27	701.88	63.806999999999995	285.91	809.62	388.77	1791.8	137.38	3622.0	773.01	201.53	16766.0	13948.0	2217.6	688.98	147.14	343.79	420.5	311.37	853.56	6.7159	445.61	1	721.76	209.55	155.0	0.6974	811.37	-1	214.32	420.8	-1	452.23	-1	2168.1	5517.4	1281.2	41.841	3490.9	490.24	68.689	1105.7	66.946	5897.8	1250.0	0.39297	0.8642700000000001	0.41113	68566.0	6295.7	9594.1	620.29	206.76	752.79	801.95	1177.5	74154	5427.5	857.85	1057.5	630.4	389.47	947.0	9.4142	483.61	751.58	298.12	668.76	1500.3	544.98	1199.1	0.5784199999999999	0.42256000000000005	0.19552999999999998	-1	-1	343.79	0.026619
TCGA-V4-A9EY	UVM_2	28243.0	4735.2	1376.2	308640.0	515030.0	262730.0	73226.0	54669.0	46605.0	46429.0	42637.0	9962.5	30110.0	94768.0	90222.0	1801.2	4707.4	54579.0	25699.0	16225.0	55370.0	53166	137540.0	472.91	35972.0	305620.0	61.683	16922.0	40105.0	1564.0	524.99	10800.0	228350.0	24847.0	23844	28426	98608.0	138720.0	132710.0	2021.8	82198.0	205.61	2239.8	118460.0	671.66	178890.0	160470.0	637.39	989.67	2363.2	93.21	56.2	252.45	3266.5	919.55	17.82	287.86	0	3.7429	42.493	6033.7	4771.6	42.493	24.673000000000002	1311.8	289.23	668.92	6697.4	7030.5	120.62	32.898	72732.0	69386.0	206.98	72.649	64.425	150.78	53.458999999999996	28.785999999999998	109.66	2.6697	165.86	0	5970.9	30.156	1901.0	39165.0	104.18	0	1848.5	1474.4	0	89.098	0	8275.2	10342.0	7548.4	745.68	7667.9	57.571000000000005	31.526999999999997	496.21	53.458999999999996	21.932	13882.0	0.046225999999999996	0.11360999999999999	0.02048	724020.0	7980.4	15286.0	83.615	126.11	233.03	312.53	8203.9	16831	797.77	91.346	231.66	238.51	833.41	5761.2	163.12	404.37	910.45	126.11	97.323	2278.2	27.415	5672.1	0.028827	0.067339	0.037176999999999995	0	0	67.166	0.02868
TCGA-V4-A9EZ	UVM_2	3536.5	873.7	1205.7	489570.0	241490.0	243280.0	102880.0	57974.0	72180.0	50542.0	42306.0	13085.0	17288.0	43419.0	162450.0	309.9	19448.0	22588.0	46529.0	20845.0	25671.0	34850	123310.0	135.42	18495.0	308400.0	32.552	15207.0	20540.0	118.49	27.344	9934.9	109440.0	40768.0	25573	32793	73306.0	105440.0	115310.0	78.125	67871.0	105.47	2710.9	136040.0	966.15	53588.0	242200.0	800.78	513.02	2266.9	186.2	55.99	322.1	1610.7	642.47	37.76	625.0	0	0.40148	52.083	24635.0	291.67	151.04	106.77	1384.1	571.62	506.51	218.75	12710.0	162.76	36.458	73238.0	3548.2	312.5	122.4	127.6	309.9	31.25	11.719000000000001	113.28	2.8927	386.72	0	5532.6	23.438000000000002	582.47	11227.0	174.48	0	1847.6	1506.2	0	130.21	0	6210.9	14138.0	6615.1	303.38	6216.1	130.21	24.74	989.58	66.406	10.417	12025.0	0.042947000000000006	0.049591	0.029093	679940.0	2165.4	5657.6	131.51	268.23	337.24	938.8	6522.1	15298	860.68	161.29	296.88	500.0	869.79	4044.3	96.354	597.66	1132.2	295.57	127.6	2233.1	165.37	3019.5	0.03009	0.050559	0.036468	0	0	113.28	0.034309
TCGA-V4-A9F0	UVM_1	74460.0	9033.3	161.5	152980.0	243370.0	148060.0	42430.0	50471.0	14178.0	19919.0	42102.0	37311.0	27111.0	5491.4	75369.0	2280.9	42678.0	73628.0	11302.0	38281.0	63119.0	48179	58943.0	281.35	5541.8	150370.0	1511.3	21799.0	10795.0	26280.0	575.2	1354.9	62165.0	2837.6	30884	42985	77082.0	97619.0	95972.0	866.73	63331.0	18.51	674.23	61832.0	7204.5	80345.0	139000.0	374.36	1191.6	1063.4	414.62	351.23	803.53	1091.2	107.46	164.74	332.72	1	47.573	193.89	797.5	157.34	82.369	2630.7	875.06	244.79	1315.6	270.25	4259.6	597.41	74.502	35866.0	6126.8	888.01	542.34	138.82	316.52	248.5	298.94	432.21	8.4622	291.07	0	1062.9	116.61	235.59	199.91	533.55	-1	372.27	531.92	-1	245.26	-1	391.49	6301.2	1767.2	69.875	4151.3	323.0	38.871	751.97	46.738	2179.6	2200.8	0.25965	0.8685700000000001	0.055111	191640.0	466.45	10310.0	498.84	149.47	539.1	650.62	1483.6	31940	3622.4	444.73	873.67	424.34	509.95	1350.8	9.255	426.19	1120.4	221.19	333.64	1784.8	330.87	1835.3	0.065616	0.043322	0.14564000000000002	-1	-1	155.02	0.084457
TCGA-V4-A9F1	UVM_1	3160.2	5192.0	122.22	76615.0	93216.0	117480.0	38116.0	76287.0	9617.3	27434.0	44164.0	32306.0	30978.0	24706.0	76529.0	5768.4	16834.0	29681.0	17066.0	39864.0	31802.0	52994	39757.0	293.87	3829.8	82809.0	295.26	21269.0	8744.8	4362.8	47.354	2065.1	65851.0	3175.5	30504	22480	46275.0	38338.0	44100.0	2477.4	25526.0	42.479	779.94	47885.0	5896.2	28660.0	88432.0	398.68	2827.7	976.67	497.91	484.68	932.42	2381.6	39.33	198.82	695.33	1	65.575	543.52	86.37899999999999	560.24	104.46	311.63	650.42	1295.3	1634.0	332.87	7910.2	1026.1	176.53	29788.0	23232.0	1550.8	696.73	176.88	454.74	397.63	254.88	846.8	5.0221	364.55	0	1413.7	201.6	107.46	13.579	673.05	-1	298.17	469.41	-1	344.71	-1	1613.2	6614.6	1568.2	108.98	6050.1	423.75	33.774	1125.7	72.075	7521.9	1452.3	0.22954000000000002	0.71622	0.049714	139340.0	4798.1	10593.0	660.51	212.74	569.64	982.24	1348.9	51995	4477.7	757.92	946.38	629.18	509.75	1512.9	14.972000000000001	479.81	866.67	208.56	563.37	1215.5	415.04	1518.1	0.036728	0.052761	0.14699	-1	0	262.88	0.030463999999999998
TCGA-V4-A9F2	UVM_2	2835.3	543.58	654.94	236970.0	269640.0	70276.0	50652.0	103060.0	40162.0	18016.0	40252.0	18094.0	12902.0	144120.0	109240.0	394.61	15486.0	76563.0	12754.0	22203.0	37588.0	23355	36510.0	145.24	26988.0	179280.0	36.538000000000004	12755.0	15724.0	1054.1	115.09	3933.3	100260.0	36910.0	12802	33267	65262.0	87638.0	108770.0	1362.9	98117.0	38.365	1809.5	175990.0	2290.9	68612.0	166060.0	770.04	14.615	1879.9	247.54	271.3	257.09	1341.9	4825.7	63.028	770.95	0	13.054	97.73899999999999	19336.0	32.884	211.92	827.59	1523.6	527.06	770.95	1091.6	10329.0	307.83	54.806999999999995	47332.0	1082.4	417.45	190.0	145.24	369.03	93.17200000000001	13.702	248.46	2.8506	346.2	0	4462.2	80.384	2213.0	29.23	345.28	0	1173.1	650.23	0	153.46	0	3471.1	12192.0	3246.2	430.24	3034.5	229.28	69.422	892.44	85.86399999999999	33.798	5538.2	0.037788999999999996	0.11927	0.041566000000000006	449970.0	2958.7	10777.0	237.5	190.91	617.49	769.12	2913.9	33388	2218.8	437.83	435.72	411.05	676.87	3662.9	54.806999999999995	610.18	874.58	280.43	179.95	2257.1	189.08	2139.3	0.03537	0.073643	0.038044	0	1	153.46	0.032456
TCGA-V4-A9F3	UVM_1	1937.1	13032.0	82.209	124210.0	104420.0	64162.0	41157.0	48269.0	6966.4	21188.0	45106.0	83618.0	20449.0	14345.0	57718.0	3349.6	132920.0	44091.0	16977.0	99362.0	137100.0	38543	30530.0	452.58	4322.4	76787.0	184.54	12518.0	7033.2	11232.0	301.86	1731.5	36228.0	3312.8	25802	30677	36316.0	38626.0	34882.0	2381.1	25620.0	14.558	822.95	22324.0	10530.0	18543.0	77900.0	446.16	2769.4	1165.1	761.29	725.33	840.78	1395.4	24.083000000000002	242.78	794.69	0	15.16	408.91	195.5	409.33	124.6	414.04	813.96	497.11	1772.6	176.41	7212.2	823.38	265.47	20298.0	24492.0	2308.3	904.73	215.8	435.88	580.18	186.68	974.52	3.8982	487.69	1	1298.7	234.21	375.67	19.268	1006.2	-1	212.86	427.84	-1	514.24	-1	975.38	5895.1	1129.1	55.233999999999995	3638.2	563.9	68.08	1222.4	80.925	7347.9	1553.0	0.32789	0.66503	0.087658	96584.0	3024.6	8697.9	770.71	366.09	902.59	1000.6	1308.5	48066	6639.3	1130.6	1302.9	589.6	354.1	948.83	13.273	517.23	626.14	395.63	798.54	1829.6	766.0	919.29	0.036433999999999994	0.066729	0.27426999999999996	-1	-1	566.47	0.029783999999999998
TCGA-V4-A9F4	UVM_3	636.73	322.81	548.63	260030.0	229680.0	48294.0	18041.0	46357.0	16629.0	15443.0	104410.0	7232.8	9185.9	38128.0	48476.0	934.21	3009.2	72052.0	8982.3	3232.7	14892.0	14654	26550.0	176.77	32980.0	164870.0	27.46	18799.0	12825.0	8566.9	217.96	5588.7	30060.0	28937.0	21198	34987	28332.0	95403.0	94081.0	402.17	59542.0	27.46	1948.5	34598.0	4716.2	48186.0	182520.0	1394.7	78.947	3136.7	514.3	395.88	317.25	1350.1	1831.3	66.934	2047.5	1	1.5043	106.98	11246.0	196.8	432.49	1126.4	1806.1	354.12	966.25	801.49	4260.9	255.15	185.93	26697.0	3141.9	1020.6	524.03	329.52	893.02	177.34	14.874	737.99	3.5818	662.47	0	1540.0	127.0	1669.2	2769.4	840.39	0	583.31	543.78	1	514.3	0	4173.9	11457.0	3144.6	278.6	2050.9	453.09	279.75	1916.5	104.12	30.892	3523.5	0.05057	0.058337	0.13627	229770.0	1050.3	2961.1	777.46	509.15	1732.3	3021.7	2905.6	21458	4052.6	676.75	1118.4	922.77	764.87	3002.3	56.636	762.01	364.19	875.86	503.43	3664.2	430.78	1500.6	0.079193	0.27402	0.080801	0	-1	400.46	0.066789
TCGA-V4-A9F5	UVM_4	471.52	3938.7	162.37	186280.0	197960.0	258060.0	86900.0	127060.0	37548.0	23478.0	53226.0	37575.0	35253.0	14104.0	88292.0	3069.5	30436.0	74737.0	46880.0	24825.0	81612.0	32345	83972.0	212.01	3422.3	162050.0	141.81	23589.0	10410.0	15961.0	344.6	863.62	77848.0	9061.7	29969	55221	107520.0	108510.0	119850.0	1216.0	85407.0	7.7996	643.82	103960.0	3964.3	77230.0	230720.0	277.95	16516.0	796.97	278.66	191.44	1047.3	1118.2	30.678	109.19	262.35	1	26.176	13.472000000000001	226.44	122.67	58.141999999999996	41.833999999999996	762.23	494.92	1072.1	401.32	8998.6	335.38	66.65100000000001	46591.0	9326.1	615.46	206.33	82.25	175.84	94.304	593.48	248.17	7.3495	243.91	1	2254.1	60.978	321.91	31.906999999999996	363.03	-1	481.82	665.05	-1	160.95	-1	626.8	6745.9	1469.1	13.472000000000001	10137.0	196.41	30.489	499.88	51.761	4621.6	2206.6	0.35379	0.87889	0.032133999999999996	186680.0	2148.4	13626.0	253.84	114.16	351.69	478.61	1491.1	36960	2069.0	264.06	402.74	407.0	570.08	1388.3	12.054	382.89	1174.5	104.23	223.35	1070.7	234.7	2456.9	0.057712	0.47881	0.21399	-1	-1	97.14	0.036447
TCGA-V4-A9F7	UVM_3	5171.2	268.9	567.22	230540.0	191820.0	69045.0	16238.0	65027.0	12877.0	13178.0	42688.0	9999.8	9715.9	25751.0	31623.0	638.99	5603.7	122310.0	3827.5	11574.0	30698.0	19711	33638.0	120.53	34966.0	94877.0	16.101	17096.0	11448.0	5032.3	163.31	4123.8	28939.0	9108.7	14004	27459	39019.0	90673.0	134800.0	67.625	70154.0	242.9	2110.2	28622.0	3530.8	70666.0	127920.0	1201.2	288.44	3025.7	395.63	633.01	189.93	715.35	3218.7	66.245	2150.2	0	5.6637	172.97	1580.7	457.27	499.6	25.302	1713.2	293.04	1151.5	569.98	12501.0	606.33	266.82	22817.0	10846.0	1243.5	645.43	317.88	872.69	401.61	8.2806	873.14	2.998	711.21	0	1081.5	253.48	3080.8	7666.5	900.75	0	630.98	445.12	0	570.44	0	4009.2	13590.0	2240.1	1176.8	1484.1	427.83	159.63	1823.1	126.51	7.8206	2719.7	0.029182	0.088443	0.020031	232210.0	1708.1	5482.2	595.28	498.68	1513.5	2524.2	2228.9	29461	6150.2	852.46	1330.4	847.38	823.0	3614.0	142.15	898.45	349.75	501.9	630.71	2935.0	526.28	1650.1	0.031807999999999996	0.041873	0.048567	0	0	630.25	0.46741000000000005
TCGA-V4-A9F8	UVM_4	2730.5	7462.2	98.712	436630.0	410130.0	226100.0	80803.0	69034.0	18862.0	27234.0	43865.0	22439.0	42874.0	30372.0	96596.0	1447.2	19796.0	52484.0	31643.0	20024.0	44074.0	50257	90730.0	298.71	9874.0	269390.0	700.43	18343.0	12809.0	12799.0	185.41	6094.4	129420.0	12954.0	34890	27334	54435.0	127210.0	89075.0	345.06	66314.0	13.734000000000002	854.08	142720.0	2194.8	50069.0	227400.0	278.97	1885.0	896.14	137.34	116.74	1598.5	1351.1	186.22	57.511	98.712	1	10.546	43.777	224.88	536.48	26.609	2783.7	1281.5	355.37	417.17	913.3	8977.7	145.06	15.450999999999999	52037.0	5845.5	203.43	141.63	30.901	70.38600000000001	64.378	142.49	162.23	6.4476	175.11	0	2274.7	36.91	212.88	12721.0	150.22	-1	711.31	915.62	-1	78.97	-1	3115.9	5238.6	2823.3	18.026	14909.0	118.45	18.884	399.14	25.750999999999998	478.97	4144.2	0.25914	0.8243799999999999	0.021651	245200.0	4941.6	13476.0	301.29	80.687	387.12	251.5	2726.2	17768	1370.0	144.18	181.12	259.23	583.69	1814.6	13.734000000000002	282.4	1576.8	107.3	121.03	1430.0	170.81	3210.3	0.039074	0.042243	0.34456	-1	0	48.068999999999996	0.030704000000000002
TCGA-VD-A8K7	UVM_3	287.78	875.06	424.43	171080.0	204490.0	132400.0	13163.0	50150.0	10976.0	21332.0	120940.0	5122.6	20504.0	11073.0	34462.0	599.1	7101.7	115640.0	2807.2	8055.8	13386.0	24943	66874.0	77.828	14420.0	106960.0	45.701	20792.0	9080.1	2777.4	623.98	4289.1	35121.0	8194.1	20460	27787	45448.0	156270.0	87965.0	13.575	55719.0	60.633	1716.3	34446.0	3440.7	53434.0	112650.0	1113.6	82.353	2376.9	609.05	906.79	111.17	2442.1	205.53	77.828	2321.7	0	4.0377	102.26	4261.7	414.48	808.6	669.23	1613.6	828.51	1072.4	3852.9	5723.1	495.93	284.16	25249.0	5563.8	1324.4	803.17	482.81	1415.4	406.79	12.67	909.96	3.0179	776.92	0	1071.0	195.02	1040.0	12890.0	828.96	0	478.52	408.51	0	563.35	0	3654.3	10519.0	2311.7	625.34	2433.5	606.34	169.23	1864.7	98.64200000000001	27.149	2417.2	0.039993	0.089054	0.049283	209400.0	1475.1	3854.8	745.25	395.02	1545.2	2874.2	1977.4	17991	8907.2	1136.0	1290.0	1121.7	657.92	3152.9	125.79	1136.7	498.1	993.67	714.03	2777.4	862.44	988.24	0.028867	0.14539000000000002	0.026333	0	0	784.62	0.047681
TCGA-VD-A8K8	UVM_1	438.95	15013.0	53.367	100290.0	116620.0	102530.0	52197.0	58877.0	9237.0	23343.0	34547.0	116510.0	32665.0	32524.0	69509.0	3027.8	190570.0	54035.0	25843.0	101040.0	156050.0	38588	43230.0	341.05	4624.1	90712.0	168.23	13902.0	7775.6	14343.0	273.9	1812.7	47581.0	2982.5	22519	32075	57087.0	50112.0	54012.0	541.09	40738.0	21.205	768.34	40785.0	4623.8	23428.0	127290.0	346.35	2701.2	1131.7	411.74	421.28	748.27	2084.5	69.491	203.22	597.63	1	32.086	465.45	74.904	372.86	87.295	887.44	804.74	512.11	1499.2	88.00200000000001	10048.0	742.18	148.08	25388.0	31425.0	1309.8	697.65	138.19	349.18	252.34	183.78	602.94	4.4263	295.81	1	1158.9	175.65	259.12	4269.7	763.03	-1	274.72	548.58	-1	344.94	-1	1937.8	6389.8	1192.9	83.76100000000001	4793.1	421.63	33.928000000000004	912.88	60.081	5773.5	1567.1	0.36223	0.5171600000000001	0.05605	106890.0	3674.9	10854.0	611.06	219.83	620.96	761.62	1469.2	45529	4068.6	662.14	944.69	588.8	447.78	1080.8	17.317999999999998	431.88	682.68	264.36	568.65	1364.6	443.54	1574.8	0.035393	0.051058	0.1045	-1	0	370.74	0.027958999999999998
TCGA-VD-A8K9	UVM_3	1605.2	969.04	725.88	255060.0	185630.0	68168.0	32359.0	43572.0	13113.0	17040.0	135260.0	9896.3	15232.0	43659.0	38845.0	567.57	9752.3	63561.0	25005.0	15762.0	25004.0	32268	26636.0	380.38	18565.0	114110.0	220.58	20822.0	14233.0	1173.8	934.82	3367.5	30566.0	8799.8	21139	28597	51030.0	74656.0	113140.0	159.06	44297.0	41.638999999999996	2459.7	37354.0	2484.8	51627.0	199190.0	1116.4	1072.9	2107.1	303.85	459.16	310.02	1201.9	2465.6	76.90100000000001	938.95	0	0.9416100000000001	157.93	4340.5	3462.1	326.36	449.78	1535.8	513.18	1086.8	1329.5	7855.9	296.73	262.96	23345.0	10702.0	1163.3	439.28	495.17	730.0	199.94	19.132	1095.0	2.3089	639.22	0	1772.5	228.08	1434.3	3908.1	660.23	0	563.22	416.89	0	515.8	0	4358.6	11286.0	2596.2	995.97	1318.2	507.17	198.82	1940.9	118.92	7.1275	2858.5	0.052069000000000004	0.27624	0.096888	381170.0	1195.9	5315.9	674.11	496.67	1474.6	1663.3	2367.1	28444	4979.8	824.9	884.55	990.34	758.51	3258.4	63.772	1001.2	524.74	603.58	552.94	2683.3	554.07	1198.2	0.24099	0.06493099999999999	0.058792	0	0	481.29	0.028791000000000004
TCGA-VD-A8KA	UVM_3	1644.8	293.2	1293.7	266660.0	203740.0	93581.0	36199.0	59056.0	31382.0	26230.0	101930.0	4414.5	16597.0	77627.0	59550.0	271.51	2356.2	43270.0	12957.0	3431.1	38868.0	25522	38028.0	259.95	28488.0	191780.0	49.95399999999999	19025.0	15344.0	5603.2	689.64	5742.9	56935.0	19867.0	21909	42355	71579.0	76538.0	80055.0	684.56	44132.0	23.589000000000002	3098.1	62001.0	2664.2	49166.0	170620.0	1066.2	517.12	2334.9	263.65	321.0	284.96	945.89	5439.8	59.667	998.16	0	1.4491	94.35799999999999	26436.0	1639.7	269.66	748.39	1440.8	803.43	1020.8	2838.6	10980.0	252.08	132.29	45498.0	12287.0	671.14	341.35	197.5	455.14	136.45	67.993	505.09	6.4193	512.49	0	4905.7	152.18	2218.2	8950.1	478.26	-1	983.08	582.99	-1	295.56	-1	4967.7	13742.0	3678.3	588.81	3973.7	335.8	100.83	1188.3	55.967	12.489	4642.5	0.057687999999999996	0.15025	0.023732	639670.0	3539.8	8064.4	502.78	423.69	1210.5	2064.8	4130.9	40013	3240.1	520.71	643.85	688.26	697.97	4140.2	68.918	875.12	561.1	428.77	294.64	3093.0	353.38	1752.6	0.029812	0.052595	0.042248	-1	0	259.48	0.080636
TCGA-VD-A8KB	UVM_2	507.41	187.26	1062.7	424810.0	361530.0	142080.0	44690.0	59808.0	28246.0	19500.0	72828.0	2897.0	18639.0	45202.0	58237.0	562.08	1195.6	55705.0	15644.0	2225.8	10887.0	23787	70083.0	426.54	34426.0	226000.0	8.5422	18652.0	21402.0	3680.6	171.98	8627.7	60831.0	39151.0	25516	33370	56046.0	121500.0	186880.0	148.06	77722.0	52.961999999999996	2850.3	71565.0	2525.7	86678.0	298900.0	1194.8	1188.5	2706.2	252.85	258.55	312.61	3717.6	3564.3	37.016	1144.7	0	4.5873	92.82600000000001	13752.0	119.59	184.51	7.4033	1557.0	476.66	650.35	1579.7	11584.0	165.15	79.158	47672.0	9887.4	613.33	281.32	239.18	450.46	98.52	17.654	293.28	2.5194	426.54	0	4506.9	105.92	2452.8	11955.0	485.77	0	917.62	711.02	0	244.88	0	5733.6	12127.0	4226.7	500.01	4043.3	225.51	102.51	981.79	105.35	16.515	6615.7	0.054464	0.15965	0.094515	578270.0	2329.8	13127.0	460.14	276.77	1052.4	1804.1	4106.0	17498	3166.3	427.1	523.92	608.78	891.24	3972.7	89.978	701.03	733.94	431.67	247.72	2997.2	267.09	2364.5	0.037686000000000004	0.087119	0.08003500000000001	0	0	194.76	0.028201999999999998
TCGA-VD-A8KD	UVM_1	2947.0	9708.0	123.94	114480.0	118670.0	81744.0	41536.0	69422.0	9206.9	24198.0	34632.0	132920.0	24405.0	9594.8	78228.0	1486.0	166280.0	61997.0	7568.7	92629.0	118470.0	42175	37194.0	48.015	4929.9	136660.0	986.56	13039.0	6877.6	11117.0	707.5	540.06	40984.0	2032.6	20046	26408	52153.0	59718.0	53868.0	304.5	38251.0	5.7454	762.08	40236.0	6927.3	21257.0	79878.0	387.4	1067.8	1209.0	540.47	628.71	506.54	2179.9	9.4622	161.69	529.39	0	41.575	281.11	90.682	208.47	104.65	6104.4	922.13	510.52	1408.0	48.836000000000006	6946.6	886.43	167.44	29391.0	17337.0	1228.3	1064.5	183.85	418.59	343.49	39.806999999999995	756.34	4.4383	348.0	1	1068.6	196.16	256.6	11532.0	860.57	-1	257.54	490.09	-1	290.55	-1	1969.0	6547.7	979.75	59.095	5213.5	524.47	64.02	936.08	80.025	6669.9	1553.7	0.35851	0.7417199999999999	0.10297	67718.0	2755.3	7535.0	646.35	291.78	781.37	884.78	1115.8	26443	5787.6	904.32	945.93	602.85	400.53	1034.2	7.7973	540.47	724.26	309.84	557.71	1526.2	620.5	1028.0	0.042064	0.044407	0.11907999999999999	-1	0	575.77	0.027611
TCGA-VD-A8KE	UVM_2	4402.1	1504.5	457.98	285790.0	300810.0	94428.0	39579.0	58171.0	22626.0	29568.0	69198.0	8754.3	11844.0	39418.0	62292.0	540.43	12524.0	68342.0	11780.0	18257.0	38961.0	36440	51650.0	280.32	39230.0	146680.0	18.617	22330.0	16380.0	3838.3	221.81	6213.3	98825.0	14198.0	19734	26623	58033.0	109380.0	83281.0	326.6	61902.0	237.23	1295.7	52793.0	1795.2	40538.0	112330.0	868.62	68.617	2677.1	197.34	246.28	242.74	865.43	2759.2	71.277	681.38	0	5.1628	89.36200000000001	8008.3	1119.2	173.4	199.47	1621.8	262.77	729.79	2300.0	10408.0	330.85	75.532	38797.0	35968.0	457.45	220.75	94.149	359.04	154.25	20.213	310.64	1.662	453.72	0	3292.6	112.77	2309.2	204.25	284.04	0	1119.2	757.78	0	222.34	0	4811.2	15563.0	4571.3	698.4	3770.2	262.23	90.95700000000001	1011.7	95.213	41.489	5685.1	0.07385900000000001	0.079525	0.019309	384430.0	1790.4	9564.4	453.72	248.4	797.34	1438.8	4434.0	26248	2561.7	322.29	447.34	574.47	1050.5	3784.6	102.13	724.47	602.58	335.64	262.77	3348.9	255.32	2589.9	0.026199	0.061827	0.053114	0	1	155.32	0.028852999999999997
TCGA-VD-A8KF	UVM_1	805.96	8921.3	90.32	79430.0	173950.0	67962.0	18265.0	43840.0	7648.7	14958.0	37012.0	26961.0	15941.0	7332.8	47653.0	2099.4	23389.0	83757.0	4449.9	22880.0	33885.0	28308	32968.0	321.95	5034.3	81095.0	62.662	16203.0	6637.9	34700.0	577.79	1570.4	38809.0	3315.5	24350	25268	31379.0	60519.0	65681.0	328.44	38001.0	17.285999999999998	310.72	31390.0	7406.7	27831.0	88133.0	453.76	531.55	1052.3	471.05	1159.0	469.8	1317.2	9.7404	189.28	1098.5	0	11.327	351.34	79.507	76.059	124.89	4290.0	769.66	596.8	1549.3	337.51	8478.0	1111.9	199.65	23248.0	19148.0	1984.4	824.98	175.02	528.95	536.3	85.566	941.66	4.0175	328.0	0	1920.9	258.0	298.2	2.1608	976.66	-1	178.6	308.24	-1	461.97	-1	298.19	5428.7	925.92	177.61	3688.0	547.11	62.662	1020.7	61.798	3213.9	1394.1	0.15095	0.74256	0.021474	131240.0	3099.4	7666.8	715.21	278.31	848.32	1292.6	1398.9	31919	6111.9	955.81	1465.4	517.72	336.65	1718.7	21.175	404.93	549.84	382.02	711.32	1372.1	605.01	993.95	0.04602	0.042167	0.091156	-1	0	385.91	0.031666
TCGA-VD-A8KG	UVM_2	806.55	658.42	1731.0	289410.0	149650.0	63696.0	44870.0	50004.0	62793.0	24294.0	45112.0	8827.3	15694.0	61036.0	86527.0	1814.2	8201.2	29147.0	40386.0	14936.0	79767.0	36829	42749.0	1157.5	40461.0	163230.0	2.7978	16289.0	22112.0	3575.5	121.1	6273.4	109020.0	52096.0	21604	46818	70316.0	59713.0	70101.0	1795.0	36758.0	90.32799999999999	2245.0	84044.0	1807.0	38289.0	143820.0	995.6	7322.5	2142.3	215.83	146.28	121.05	2045.6	7288.8	33.973	673.46	0	1.9902	117.11	2823.2	1887.3	123.9	635.09	1787.0	613.11	797.76	3637.1	9632.7	192.25	47.562	43012.0	25221.0	341.33	178.26	247.0	270.58	85.132	70.344	169.06	2.1338	314.95	0	2343.7	65.548	2355.9	831.34	251.0	0	1378.7	791.6	0	144.68	0	5643.1	16140.0	4139.1	793.37	4783.0	167.07	39.568000000000005	875.3	61.551	12.79	6578.7	0.028785	0.11392000000000001	0.077299	644690.0	3298.2	17630.0	365.31	271.38	482.81	1077.5	4854.9	18007	1689.5	256.05	352.52	455.24	1035.2	3590.3	105.12	710.23	1236.8	310.55	143.09	3103.1	184.65	2416.9	0.02546	0.05140499999999999	0.048381	0	0	114.71	0.032573000000000005
TCGA-VD-A8KI	UVM_4	385.64	4639.5	14.241	58120.0	199380.0	152910.0	85909.0	52395.0	23183.0	33592.0	54338.0	33275.0	34610.0	31234.0	87065.0	3814.9	43018.0	37336.0	43415.0	33494.0	80375.0	44036	62577.0	2293.9	4030.1	152050.0	361.72	19065.0	12743.0	8186.3	64.939	5583.6	118870.0	11464.0	31412	43530	57855.0	63014.0	65870.0	694.96	43547.0	12.532	660.21	89065.0	4828.8	67085.0	195690.0	194.82	7382.5	872.12	146.97	138.42	1205.1	1730.0	42.571000000000005	95.13	245.51	1	9.743	170.32	168.13	1224.2	21.076999999999998	21.076999999999998	695.53	240.96	1029.9	783.82	8398.8	255.77	27.343000000000004	47465.0	56981.0	578.18	182.85	61.521	113.36	69.49600000000001	206.21	145.26	7.2471	244.38	1	3253.8	116.21	270.62	101.4	277.98	-1	521.73	718.17	-1	105.95	-1	191.4	6127.6	2125.4	76.332	10054.0	161.21	29.052	513.24	31.9	2009.1	2469.4	0.43254	0.77956	0.028475	305660.0	7106.2	20242.0	345.2	88.86399999999999	356.02	276.27	2244.4	36358	1850.2	193.06	367.42	281.97	509.83	1688.4	13.671	301.91	1371.1	143.55	168.04	1314.7	177.16	4507.6	0.050888	0.037376	0.23473000000000002	-1	-1	64.369	0.026039999999999997
TCGA-VD-A8KJ	UVM_3	2303.4	2825.3	182.06	123480.0	202700.0	86789.0	26198.0	48620.0	13705.0	12296.0	80417.0	7470.3	15572.0	43863.0	46501.0	2358.0	10193.0	78592.0	15819.0	13567.0	20338.0	25542	40162.0	235.37	16086.0	105570.0	113.57	21040.0	11065.0	2612.5	420.03	3287.8	42267.0	17009.0	28954	35990	49119.0	99525.0	82992.0	125.7	60298.0	45.946999999999996	1854.4	37772.0	3994.8	36945.0	191680.0	1133.1	70.654	2000.9	433.9	521.89	472.05	1355.9	317.82	85.39200000000001	1311.2	0	3.7385	185.52	565.79	547.9	358.91	94.928	1544.0	1081.1	1232.3	2559.2	7443.4	430.86	224.1	32996.0	11184.0	1306.5	510.62	377.11	819.25	310.79	58.083999999999996	713.91	5.9321	732.12	0	2053.8	228.87	772.18	10224.0	858.69	0	705.29	539.23	0	525.36	0	3710.0	12786.0	2965.5	402.69	3790.2	622.02	116.6	1795.0	103.6	18.206	2895.5	0.050450999999999996	0.077888	0.040208	369470.0	8533.6	7281.8	691.81	335.07	1212.0	2130.5	2128.7	37790	5966.2	891.1	951.02	835.72	724.75	2427.4	57.217	778.5	576.8	577.37	584.31	2881.7	514.52	1301.3	0.040551	0.12276	0.086257	0	-1	348.94	0.032716
TCGA-VD-A8KK	UVM_4	16043.0	7453.9	48.799	160360.0	274390.0	187200.0	53476.0	86088.0	22392.0	24799.0	41515.0	20630.0	26493.0	25407.0	100550.0	3058.9	40973.0	104770.0	23550.0	25864.0	64796.0	25556	70233.0	434.55	6022.2	186630.0	518.98	16962.0	13661.0	11099.0	377.23	2033.3	71286.0	10407.0	25000	34270	89486.0	149830.0	123520.0	247.09	91164.0	17.041	591.01	92223.0	4058.9	104890.0	238770.0	306.74	1451.6	1040.3	203.72	230.05	1011.4	728.89	55.076	146.4	352.44	1	20.846999999999998	173.51	244.43	1172.0	57.32	1250.2	811.77	557.71	909.37	343.92	8151.8	482.57	41.828	37814.0	23997.0	505.04	229.28	90.62700000000001	157.24	77.459	285.82	346.24	9.6006	227.73	0	3031.8	94.5	204.49	2121.6	353.99	-1	568.21	623.07	-1	166.54	-1	412.86	7701.0	2142.2	163.44	10203.0	218.44	26.336	624.32	58.869	1724.2	2811.0	0.26073	0.8093600000000001	0.025907999999999997	228750.0	9936.5	11333.0	313.71	118.51	423.7	511.23	1804.0	18034	2560.0	347.48	530.6	453.14	601.08	1565.5	11.619000000000002	305.19	1182.4	114.64	224.63	1437.7	316.03	2862.1	0.038875	0.10555	0.10885999999999998	-1	0	116.19	0.030404
TCGA-VD-A8KM	UVM_1	432.76	11846.0	228.82	46769.0	65307.0	52951.0	53595.0	56821.0	9246.3	28540.0	40282.0	113070.0	16415.0	29725.0	101190.0	2550.9	178960.0	48729.0	12927.0	78499.0	132620.0	54476	39502.0	334.37	2656.9	75531.0	16.587	9871.6	8945.8	13951.0	38.074	378.48	52567.0	2288.9	17101	25210	50577.0	25230.0	25090.0	2391.5	26582.0	15.833	1096.6	28097.0	7166.1	24697.0	50923.0	426.35	540.19	1175.4	604.28	397.7	612.63	702.67	26.13	150.79	544.34	0	39.126999999999995	444.07	321.27	1236.5	104.8	89.34100000000001	833.85	541.33	1850.9	0.7539	8079.5	923.57	93.488	22288.0	4573.7	1283.6	521.35	173.03	313.64	332.86	390.92	705.31	3.7334	339.27	0	1092.8	201.3	112.96	3.7697	644.99	-1	302.58	395.82	-1	246.91	-1	539.44	7892.6	1271.5	25.256999999999998	4243.1	365.28	57.299	1047.2	79.54	5501.8	1466.4	0.11624000000000001	0.37479	0.14121	189470.0	1620.6	8635.9	581.66	293.66	737.35	887.0	1362.7	17891	4408.6	767.28	671.0	515.31	477.62	1027.2	18.471	477.62	845.59	271.04	509.66	1815.8	422.96	1447.9	0.037771	0.043398	0.14405	-1	0	493.83	0.025842
TCGA-VD-A8KN	UVM_1	833.84	5785.4	158.03	105620.0	126040.0	72584.0	41189.0	56202.0	14167.0	26275.0	44117.0	45018.0	15596.0	33390.0	59861.0	2860.3	60485.0	50900.0	17106.0	49770.0	72410.0	43670	38868.0	811.99	6607.9	95611.0	283.54	13391.0	9064.5	15334.0	163.11	3319.6	58818.0	9980.7	22183	39870	46919.0	49046.0	59114.0	3602.6	35725.0	18.801	1063.0	42697.0	5350.6	18919.0	102390.0	445.63	1156.0	1233.7	402.95	401.42	607.07	1265.8	184.48	109.25	552.34	0	4.1542	263.21	236.9	451.73	87.398	2513.7	910.57	590.45	1531.0	373.98	5867.9	505.08	91.97200000000001	30565.0	19188.0	1039.6	541.16	133.13	258.64	248.98	363.82	475.1	5.6396	313.01	1	2014.7	144.82	467.24	5.0813	536.59	-1	335.23	493.8	-1	272.87	-1	297.26	7003.1	1702.7	146.34	4431.4	349.59	27.439	802.34	61.992	1720.0	1998.5	0.30712	0.75241	0.078216	223860.0	3612.3	11092.0	543.7	205.28	627.54	950.71	1776.9	46144	3759.2	481.41	791.67	383.64	390.75	1677.3	13.72	485.26	613.04	308.44	354.17	1735.8	377.03	1730.7	0.046675	0.043848000000000005	0.1603	-1	-1	223.58	0.40210999999999997
TCGA-VD-A8KO	UVM_3	1792.8	132.58	317.88	144080.0	308210.0	82652.0	13418.0	40654.0	5423.7	12838.0	47746.0	6048.5	9264.5	14585.0	29058.0	277.54	7302.6	134220.0	3802.1	14196.0	7314.5	22431	27035.0	63.795	23910.0	105920.0	311.34	21304.0	9518.5	1254.1	228.46	2984.7	25781.0	5314.6	16047	19326	42492.0	111220.0	93298.0	215.38	67023.0	168.48	1265.0	18117.0	2609.1	77429.0	113310.0	995.09	422.57	2418.8	598.69	691.93	95.305	694.11	1927.0	63.795	2209.4	0	1.0279	145.58	781.29	849.51	494.0	2402.4	1657.0	3.8168	956.38	983.1	4645.6	381.68	420.39	15562.0	8739.4	1339.2	668.48	508.72	1208.3	516.36	6.5431	530.53	3.1266	820.07	0	465.65	258.45	825.41	8.1788	886.04	0	466.46	397.33	0	768.81	0	2543.6	11496.0	2674.4	375.14	1642.3	649.4	186.48	2230.1	106.87	11.45	2476.0	0.036886	0.043675	0.021108000000000002	219710.0	541.99	3691.9	814.61	514.72	1750.3	4244.3	2309.7	23279	7006.0	1060.2	1465.7	947.11	670.66	2790.1	208.83	925.3	554.44	752.45	878.41	3098.2	596.51	1510.4	0.02818	0.24406999999999998	0.042051	0	0	776.99	0.025945
TCGA-VD-AA8M	UVM_2	4804.2	552.89	495.11	269010.0	234580.0	150300.0	54890.0	71345.0	20994.0	20372.0	49654.0	15764.0	21585.0	30654.0	46229.0	1023.1	11468.0	87949.0	14122.0	20936.0	35410.0	39456	70466.0	365.73	26128.0	192680.0	18.182000000000002	28643.0	20606.0	683.22	209.79	6244.1	110460.0	11709.0	31137	32957	78266.0	122380.0	108180.0	588.81	77788.0	251.05	1980.4	64790.0	1377.6	61019.0	161630.0	848.25	867.13	2842.0	181.12	119.58	158.1	1650.3	1064.0	39.86	574.13	0	3.2374	45.455	7086.2	662.94	184.62	525.87	2313.3	639.86	655.25	2511.2	10948.0	238.46	51.748000000000005	25697.0	24785.0	441.96	195.1	95.105	300.7	93.706	17.483	173.43	2.1887	371.33	0	3919.6	61.538000000000004	2285.1	27.273000000000003	244.06	0	1082.4	809.89	0	165.73	0	4881.8	14581.0	4468.9	614.68	4976.2	95.105	52.448	958.74	68.531	13.985999999999999	6734.3	0.042298	0.083763	0.060033	407350.0	3128.7	9959.4	279.72	210.49	497.9	734.97	4237.8	21993	1818.2	203.08	386.01	622.38	923.78	3367.1	132.87	615.38	715.32	316.78	106.29	3355.9	196.5	3672.7	0.029423	0.056079	0.035965	0	0	90.90899999999999	0.027083
TCGA-VD-AA8N	UVM_4	4729.9	6011.5	26.82	233260.0	260810.0	287580.0	89004.0	70301.0	15814.0	29922.0	35180.0	38565.0	27201.0	21272.0	100260.0	4364.0	51791.0	75243.0	22140.0	26615.0	73148.0	34477	97515.0	781.61	3329.2	169410.0	105.36	24929.0	10661.0	9256.7	174.33	990.42	79314.0	10176.0	34218	42316	92316.0	114080.0	103590.0	1446.4	88500.0	21.073	712.64	67954.0	4000.0	42887.0	206130.0	243.29	4455.9	773.95	264.37	113.03	1757.0	1275.9	31.21	93.87	222.22	1	12.739	145.59	324.71	218.39	44.06100000000001	11.494000000000002	641.76	1057.5	1095.8	379.31	10257.0	362.07	36.398	43012.0	31506.0	691.57	227.97	65.134	101.53	101.53	496.17	172.41	8.356	199.23	0	2034.5	91.954	137.93	636.01	302.68	-1	425.29	668.58	-1	157.09	-1	1766.3	7264.4	1317.5	44.06100000000001	11412.0	185.82	21.073	576.63	51.724	1885.1	2802.7	0.19635999999999998	0.6784600000000001	0.031167	274490.0	3126.4	15542.0	323.75	116.86	323.75	354.41	1666.7	39082	2057.5	239.14	545.98	293.1	444.44	1350.6	1.9157	304.6	1273.1	122.61	164.75	1387.0	187.74	2860.2	0.048612	0.048797	0.20781999999999998	-1	-1	78.544	0.030392000000000002
TCGA-VD-AA8P	UVM_4	4779.1	3696.4	254.57	84427.0	227720.0	98462.0	51055.0	67019.0	17982.0	13067.0	43627.0	44543.0	27228.0	36863.0	62650.0	1088.5	27754.0	71884.0	19252.0	28218.0	55583.0	39644	34194.0	222.03	4578.7	132350.0	104.45	22434.0	11594.0	15223.0	2497.2	2698.1	75071.0	8904.7	24780	52167	70527.0	39388.0	103110.0	302.51	58135.0	17.694000000000003	563.93	62912.0	2167.8	62723.0	137640.0	362.44	86.18700000000001	1025.1	321.92	274.54	879.77	720.89	21.458000000000002	99.88600000000001	257.99	0	20.529	126.71	67.403	34.247	88.47	1548.5	1176.9	70.206	1101.6	571.92	8551.4	391.55	49.657	47228.0	7193.5	382.99	348.17	119.29	267.69	163.81	811.07	475.46	12.050999999999998	274.54	0	5091.9	96.461	290.71	346.46	487.44	-1	603.56	649.17	-1	259.13	-1	2115.9	6364.2	2427.7	30.250999999999998	8496.6	320.2	46.803999999999995	808.79	48.516000000000005	1702.0	3029.7	0.29527	0.83305	0.025275	507290.0	1601.0	16752.0	332.76	115.3	486.87	895.55	2271.7	36071	2744.9	330.34	378.43	346.46	524.54	1936.6	7.4201	408.11	660.08	187.22	287.67	1779.1	202.06	2442.3	0.050757	0.062947	0.044635	-1	0	114.16	0.024431
TCGA-VD-AA8Q	UVM_2	9419.1	1471.2	1385.3	402680.0	356840.0	145880.0	49612.0	244590.0	57090.0	20202.0	39613.0	13156.0	15688.0	137120.0	80525.0	1080.9	16279.0	208760.0	6883.8	14958.0	40741.0	23190	81535.0	247.06	24304.0	124830.0	47.059	18771.0	28434.0	1088.2	60.294	5676.5	100900.0	21431.0	13490	43202	107850.0	216530.0	183990.0	447.06	196280.0	241.18	1970.6	141350.0	3339.7	103680.0	321540.0	895.59	569.12	2338.2	269.12	170.59	276.51	1061.8	98.43700000000001	72.059	973.53	0	6.9036	42.647	2821.9	200.0	238.24	94.118	1867.7	935.29	725.0	1613.2	7588.2	491.18	45.588	39556.0	3960.3	460.29	258.82	175.0	345.59	83.823	23.529	210.29	2.0489	411.76	0	4151.5	104.41	2448.5	673.53	348.53	0	1404.4	567.6	0	144.12	0	4489.7	20988.0	3958.7	882.35	3686.8	111.77	52.941	670.59	133.82	55.882	5235.3	0.055198000000000004	0.052881	0.050604	432320.0	8110.3	7795.6	189.71	194.12	554.41	888.24	3408.8	14250	2448.5	401.82	527.94	379.41	886.76	4514.7	76.471	491.18	854.07	236.76	133.82	2244.1	298.53	3617.7	0.029695	0.0674	0.02584	0	0	142.65	0.035817
TCGA-VD-AA8R	UVM_3	2112.9	197.9	474.48	167840.0	398250.0	86512.0	19279.0	50652.0	6544.6	19494.0	46564.0	17722.0	9761.2	31350.0	21480.0	521.63	10196.0	160360.0	3449.4	6065.8	31536.0	29346	36286.0	477.51	6393.7	156190.0	33.304	36994.0	13722.0	813.58	422.14	3167.8	68867.0	6267.7	23025	36892	41414.0	104510.0	120160.0	1370.2	77369.0	213.67	1594.3	31212.0	3293.2	52001.0	118040.0	1081.4	175.61	3463.1	430.8	432.09	133.38	1038.5	23.82	43.253	1333.5	0	1.3922	153.11	2903.2	169.55	400.95	93.85799999999999	1609.9	737.89	1175.6	4521.6	11530.0	504.32	179.5	28360.0	10970.0	1008.6	540.23	236.16	728.37	453.72	40.657	437.72	2.2816	602.08	0	2811.0	156.57	1771.5	10403.0	519.46	0	523.75	390.13	0	472.75	0	3312.3	13848.0	2437.0	497.4	2378.5	361.59	105.54	1684.3	86.505	2.1626	3227.5	0.057409	0.26705999999999996	0.023074	224620.0	4229.2	6000.4	557.96	406.57	907.01	1295.0	3055.4	20887	3336.1	562.94	786.76	804.5	764.71	3589.1	42.82	831.32	418.29	568.77	419.98	3204.6	416.52	1557.5	0.030044	0.08265299999999999	0.033243	0	0	297.14	0.46381000000000006
TCGA-VD-AA8S	UVM_2	3426.7	867.65	553.71	305160.0	175250.0	53561.0	55879.0	74852.0	41924.0	26190.0	58623.0	5409.7	11615.0	48432.0	48335.0	377.71	7269.7	37275.0	12116.0	5045.4	22286.0	33091	54653.0	641.43	51848.0	146000.0	17.320999999999998	14210.0	17166.0	3715.6	246.4	10700.0	102660.0	41205.0	20853	38850	72258.0	58974.0	52451.0	715.18	43089.0	87.163	1580.7	65470.0	1803.6	44342.0	117620.0	761.0	73.195	2129.3	183.82	136.33	168.37	1590.7	4944.6	25.143	647.58	0	7.6739999999999995	37.435	9159.5	985.61	150.86	955.44	1606.4	103.37	528.01	7341.8	21798.0	135.21	39.111999999999995	68660.0	19231.0	315.69	110.63	157.56	296.69	70.40100000000001	74.312	84.928	4.9636	282.16	0	4899.0	48.051	1702.7	40.788000000000004	292.78	0	1282.2	1291.5	0	89.95700000000001	0	5170.0	14942.0	5315.7	547.56	3312.2	216.79	64.255	686.13	61.461000000000006	10.057	7132.3	0.038314	0.12195999999999999	0.030666000000000002	822230.0	1824.3	12791.0	338.04	205.62	402.29	802.35	5373.4	34077	1673.4	157.8	312.33	397.26	754.29	5988.0	127.95	468.78	827.99	343.06	219.03	3044.6	148.06	2980.3	0.041636	0.047952999999999996	0.066099	0	0	83.811	0.042149
TCGA-VD-AA8T	UVM_1	3983.3	794.09	219.8	63353.0	129080.0	54016.0	17350.0	60414.0	10790.0	23423.0	39563.0	24804.0	13348.0	5837.1	41905.0	908.96	22511.0	69721.0	4882.8	10710.0	33166.0	28155	30357.0	36.997	6661.3	108360.0	95.39399999999999	17738.0	6613.4	6470.1	660.86	3553.5	59987.0	9553.1	18310	31146	53736.0	66149.0	83234.0	6.8915	43689.0	8.7051	488.21	46226.0	6147.6	41440.0	100600.0	353.64	134.2	1068.5	527.02	800.14	618.32	302.87	91.75299999999999	96.844	1010.5	0	5.8077	309.76	241.43	248.46	129.49	8898.8	756.62	498.37	1385.2	375.77	11688.0	817.92	206.38	34144.0	8033.4	1404.8	857.45	207.47	553.5	390.28	124.41	954.66	4.5249	288.36	0	2155.2	216.54	210.53	25067.0	910.77	-1	277.52	400.96	-1	406.96	-1	440.7	6105.9	1441.0	169.02	6593.0	433.81	59.122	911.5	61.298	2363.4	1478.4	0.29766	0.86964	0.031056	184640.0	6040.6	15843.0	751.54	317.01	846.93	1264.1	1200.6	24137	7149.8	888.92	1259.0	594.85	356.18	1455.2	10.156	558.94	541.58	298.15	606.82	1194.0	811.39	1093.9	0.041768	0.059639	0.11475999999999999	-1	0	396.81	0.040092
TCGA-WC-A87T	UVM_3	790.28	238.18	496.06	176600.0	201350.0	64500.0	14553.0	54875.0	11565.0	13115.0	49689.0	10021.0	7849.4	19258.0	23199.0	1044.2	3311.7	123800.0	2908.5	4076.2	10919.0	19621	28816.0	170.75	23186.0	115380.0	4.8161	30420.0	12486.0	1247.8	403.68	3922.1	33904.0	10986.0	18198	34699	42561.0	86256.0	94346.0	352.89	55475.0	156.74	1926.4	33702.0	4831.0	54626.0	80554.0	1377.0	82.31200000000001	2738.2	528.46	816.55	175.12	1205.3	212.99	76.182	1989.9	0	2.4076	175.57	1001.6	114.27	530.21	1504.8	1553.4	557.79	1139.7	1676.9	14694.0	526.71	218.48	21580.0	3105.5	1203.2	752.63	452.28	1040.7	434.76	3.9405	753.5	4.2268	593.7	0	1516.6	230.74	2718.0	16038.0	554.73	0	589.83	381.99	0	565.67	0	3331.0	12294.0	2165.3	1049.0	2092.4	541.16	90.63	1504.4	151.05	12.697000000000001	2514.0	0.03235	0.093343	0.02534	223280.0	3701.4	4642.7	642.73	429.51	1468.5	2297.3	2052.5	22526	3753.1	1167.2	1356.4	773.64	787.65	2846.3	108.58	853.33	466.76	625.66	708.41	2681.3	919.0	1339.3	0.028295999999999998	0.39712	0.032686	0	0	684.76	0.028161000000000002
TCGA-WC-A87U	UVM_3	805.36	234.44	653.08	236390.0	207150.0	94834.0	21428.0	75189.0	19604.0	14037.0	68802.0	9115.3	12687.0	45487.0	40186.0	1009.1	14170.0	137090.0	5692.8	7216.7	33232.0	18874	38294.0	167.29	16896.0	125650.0	30.563000000000002	25076.0	14718.0	4752.3	576.41	4339.9	47259.0	11552.0	17012	34130	50043.0	109150.0	105020.0	774.26	84642.0	195.71	1803.2	48220.0	4085.2	77676.0	149240.0	957.78	16.086	2704.9	489.01	546.38	118.82	893.83	1968.7	78.28399999999999	2118.5	0	1.9792	186.06	9045.2	223.59	450.94	401.07	1563.5	290.62	1023.6	1556.0	11172.0	638.61	202.68	27353.0	4989.3	956.03	512.06	273.46	912.06	275.07	10.724	736.73	4.8826	593.57	0	1991.4	190.88	3919.8	6926.0	736.19	0	720.98	449.03	0	471.31	0	3341.6	14642.0	2487.8	904.56	2196.8	421.45	112.06	1298.1	126.0	19.839000000000002	2639.1	0.034187999999999996	0.06434	0.018132	303340.0	3629.5	6293.3	462.2	332.98	1324.4	1756.0	2357.1	20136	4608.0	894.03	1068.6	691.69	827.88	3655.2	78.82	713.67	490.89	445.58	533.51	2818.8	558.71	1524.4	0.034279000000000004	0.75389	0.043213	0	0	417.69	0.022824
TCGA-WC-A87W	UVM_3	2323.1	786.0	459.01	174440.0	121350.0	27172.0	17179.0	76707.0	20626.0	6367.3	61816.0	9093.9	10443.0	39392.0	53273.0	248.77	3013.2	65417.0	3216.8	6648.2	22950.0	25109	18660.0	38.53	20653.0	119010.0	93.39299999999999	14382.0	12419.0	15213.0	488.75	4020.5	33862.0	7796.0	14845	29614	45507.0	28795.0	71472.0	273.06	55757.0	40.624	1117.8	33222.0	3409.5	39142.0	69585.0	1113.2	15.915	2732.7	883.26	761.8	164.07	447.28	839.44	121.45	2264.1	0	3.8335	100.09	13159.0	72.872	473.25	5066.3	1524.0	45.231	1160.1	738.35	5289.1	419.64	160.4	32719.0	647.89	789.45	745.05	530.62	1215.0	342.58	37.692	982.1	4.6384	669.25	0	2145.9	205.21	2064.9	384.04	1250.1	0	703.26	573.49	0	545.28	0	3445.5	14357.0	3121.2	229.92	2860.8	563.29	157.89	1791.2	99.675	211.91	3448.8	0.027647	0.03891	0.021747	408460.0	445.19	5965.9	456.5	508.43	1723.4	2795.1	3226.5	16039	6528.3	1510.2	830.07	863.99	796.15	3268.3	49.419	957.81	363.5	1407.2	702.75	3476.5	427.18	1087.6	0.03634	0.087004	0.04137	0	0	959.48	0.020333
TCGA-WC-A87Y	UVM_1	32676.0	16865.0	110.63	115810.0	90235.0	94841.0	48114.0	48410.0	8134.8	31463.0	34328.0	83095.0	37392.0	15993.0	66522.0	3751.5	122390.0	44136.0	13080.0	67357.0	136340.0	44183	40367.0	409.25	3937.5	101680.0	173.72	11895.0	8923.9	9312.9	500.0	1871.2	47386.0	2858.7	22096	34718	54673.0	34923.0	33263.0	1091.6	27514.0	22.904	792.13	30200.0	4916.6	32655.0	74905.0	453.33	3479.3	1444.7	436.91	490.06	622.57	3041.9	14.933	246.33	552.72	1	56.953	562.23	274.84	1209.2	176.32	103.28	787.81	490.06	1455.9	175.45	11222.0	739.84	132.24	27126.0	18766.0	1232.9	687.99	202.68	447.71	343.56	276.14	692.31	6.5476	328.44	1	1605.9	193.17	230.94	66.984	708.73	-1	275.12	423.26	-1	290.84	-1	671.56	6664.2	1380.6	70.441	3426.1	426.97	45.376000000000005	984.44	68.712	6319.8	1581.7	0.37445	0.61548	0.05243099999999999	126340.0	5092.1	9683.2	630.08	302.51	797.75	1169.8	1662.9	56174	4334.1	785.55	945.12	645.63	445.98	1372.1	13.397	568.28	650.51	309.42	555.75	1812.9	509.07	1195.8	0.04113	0.03667	0.27687	-1	0	341.4	0.068222
TCGA-WC-A880	UVM_3	1112.6	88.948	543.81	275720.0	235600.0	66046.0	25600.0	40446.0	20778.0	14925.0	68729.0	6144.4	10655.0	33243.0	47852.0	837.49	11523.0	90801.0	8516.7	10084.0	17126.0	35548	37514.0	97.185	36744.0	117860.0	19.118	22688.0	12711.0	3676.6	21.243000000000002	6693.6	57704.0	15206.0	17709	25436	54846.0	85926.0	73629.0	322.89	54945.0	284.65	2208.2	33685.0	1916.6	79312.0	126700.0	1009.0	1020.2	2626.1	343.6	415.3	19.872	937.33	6134.3	53.107	977.16	0	1.4019	130.64	367.54	2335.1	346.79	9.5592	1620.3	126.92	928.84	1858.7	7297.9	426.98	219.86	22096.0	26263.0	754.65	446.1	268.72	695.7	227.83	7.966	579.93	2.3322	634.63	0	1223.0	152.42	1994.8	6316.5	536.38	0	819.71	582.88	0	389.27	0	3868.3	14815.0	3171.6	1040.9	1967.1	416.89	103.03	1760.0	88.68799999999999	4.2485	3415.8	0.025976	0.06425	0.025376	425420.0	2100.4	8254.9	532.13	311.2	1248.5	2252.8	2954.9	23917	3630.4	583.4	817.84	747.21	911.84	3440.8	156.66	908.66	502.25	485.93	448.22	3236.3	329.79	2093.5	0.028975	0.049123	0.025827	0	0	232.08	0.025639
TCGA-WC-A881	UVM_3	802.38	1079.2	1098.0	223120.0	169940.0	91014.0	45480.0	70743.0	37123.0	14233.0	72421.0	7946.3	6776.8	127320.0	86223.0	526.4	5438.8	92669.0	13091.0	7549.3	13124.0	16543	25845.0	205.28	15693.0	172460.0	313.46	20681.0	14002.0	332.2	100.51	2981.3	31308.0	19454.0	14656	34464	60883.0	109620.0	114950.0	1370.5	103580.0	33.22	1530.7	60999.0	2537.5	32248.0	304120.0	1311.8	28.109	2764.9	395.23	416.52	549.82	331.35	5311.9	71.55	1970.2	0	7.1791	128.62	1943.2	35.775	390.12	640.54	1195.1	388.42	959.97	439.52	5430.1	410.56	142.25	23965.0	1587.7	947.19	398.64	397.79	505.11	109.88	68.995	681.43	2.5029	807.5	0	1877.3	195.91	2498.8	17.887999999999998	716.35	0	788.51	400.34	0	419.93	0	3715.5	15303.0	2268.2	290.46	4857.8	365.42	136.29	1224.0	191.65	23.85	2997.4	0.031812	0.040282	0.031506	303040.0	2378.2	5195.9	511.07	408.86	1193.4	1859.5	1840.7	13692	5372.2	890.14	951.45	696.76	819.42	2979.6	30.664	937.82	569.04	442.08	397.79	2613.3	568.14	1984.7	0.030599	0.19687000000000002	0.040483	0	0	301.53	0.04947
TCGA-WC-A882	UVM_4	23897.0	6076.0	91.822	215900.0	319520.0	238820.0	111200.0	73122.0	46139.0	30719.0	63542.0	14337.0	29772.0	83113.0	95168.0	1374.5	25604.0	73234.0	13946.0	15475.0	63663.0	31568	140760.0	159.25	12442.0	330190.0	578.19	19872.0	13869.0	991.39	487.81	7341.5	224110.0	30550.0	32462	32934	90482.0	94248.0	157660.0	1269.7	134140.0	24.39	1122.0	180170.0	902.44	75237.0	224400.0	527.98	35.868	1278.3	156.38	146.34	271.52	2916.8	271.67	45.911	319.94	1	21.89	43.042	4596.7	459.11	87.51799999999999	195.12	758.97	479.2	358.68	576.76	5302.7	176.47	45.911	85336.0	12017.0	172.17	70.301	81.779	200.86	94.69200000000001	146.34	255.38	6.0192	182.21	0	12603.0	68.867	407.46	395.98	177.91	-1	1156.0	942.61	-1	123.39	-1	2924.0	6031.6	3475.5	103.3	8912.5	142.04	21.521	312.77	38.736999999999995	130.56	6454.8	0.053061000000000004	0.35719	0.026762	753870.0	4334.3	14890.0	129.12	144.91	513.63	423.24	3203.7	13166	1051.7	159.02	208.03	256.81	456.24	2034.4	60.258	329.99	1678.0	127.69	97.561	1548.1	149.21	5245.3	0.040487	0.049556	0.3353	-1	0	41.607	0.022752
TCGA-WC-A883	UVM_1	12392.0	1293.2	211.82	70921.0	48753.0	210710.0	34380.0	146220.0	43362.0	27120.0	40821.0	11768.0	34171.0	62899.0	122160.0	2574.2	9315.9	56387.0	20503.0	8583.9	32737.0	27555	71419.0	146.69	4796.1	126070.0	13370.0	21955.0	8361.8	4726.9	1023.0	2575.8	27997.0	1468.0	21630	39182	123310.0	61744.0	84701.0	604.27	48030.0	22.988000000000003	805.69	29172.0	3525.4	47603.0	220440.0	358.51	1824.8	1187.7	441.16	308.15	1247.0	581.28	28.133000000000003	133.55	379.86	1	7.6141	187.74	2580.5	538.04	93.04899999999999	1169.1	487.14	261.63	1856.6	220.03	4973.7	733.44	125.34	38093.0	6684.2	898.74	523.81	179.53	309.8	185.0	668.86	923.37	5.522	342.64	1	1447.2	172.96	138.04	14.231	420.36	-1	298.01	760.03	-1	297.76	-1	857.14	7845.1	1713.7	62.945	6050.4	318.01	25.725	681.99	88.67	2116.6	1631.6	0.41635	0.81385	0.11697	463320.0	7977.0	33284.0	546.8	219.49	591.68	847.84	1200.9	49013	4390.3	525.02	795.84	442.8	644.77	1446.1	11.494000000000002	568.14	814.09	211.82	356.32	1457.0	435.69	2070.6	0.061253999999999996	0.051896000000000005	0.26688	-1	0	216.2	0.10145
TCGA-WC-A884	UVM_2	61858.0	7589.4	360.29	310510.0	252400.0	101620.0	80156.0	53492.0	29751.0	24466.0	86425.0	16872.0	21623.0	42359.0	77022.0	1292.6	21811.0	71359.0	10932.0	16117.0	54058.0	57394	60734.0	206.27	26934.0	158320.0	379.54	21846.0	24223.0	960.95	227.72	5177.7	98085.0	13306.0	21656	34723	65478.0	87721.0	100640.0	819.58	57027.0	283.83	1727.2	43728.0	1907.0	49767.0	112340.0	845.99	196.37	2534.7	281.08	247.53	116.18	1645.2	4611.5	74.808	809.13	0	29.33	151.26	306.27	1998.3	201.87	104.51	1732.7	363.59	761.83	969.75	2075.9	421.34	79.208	16475.0	18031.0	513.75	232.67	161.17	471.95	142.46	54.455	485.15	2.3682	445.0	0	1371.3	113.31	1730.5	2524.2	316.28	0	959.54	750.07	0	223.87	0	3887.8	15761.0	3698.0	372.39	3103.4	155.67	54.455	1049.5	78.108	32.453	5099.6	0.053208000000000005	0.2707	0.084714	370420.0	1241.5	12638.0	407.59	298.13	916.39	1334.4	3469.8	17296	2426.8	398.12	495.05	539.6	965.35	2628.7	73.707	675.47	605.94	317.93	174.37	3494.5	215.07	2912.0	0.026248	0.069958	0.079791	0	0	169.42	0.027710000000000002
TCGA-WC-A885	UVM_2	3896.5	182.94	816.67	353680.0	317190.0	137330.0	71092.0	52323.0	38894.0	32528.0	90743.0	3425.8	22916.0	69414.0	79698.0	263.68	5372.4	58431.0	21098.0	8135.3	8151.7	25445	71755.0	450.5	25069.0	320320.0	25.621	20911.0	19910.0	525.23	60.85	7910.5	80014.0	24891.0	24419	29083	117030.0	128660.0	110750.0	348.02	84620.0	73.661	2229.0	81831.0	1567.2	85477.0	247650.0	737.67	267.95	2115.9	150.52	119.56	217.95	1066.5	6433.5	39.499	628.78	0	1.7697	49.107	7033.9	903.14	194.29	179.35	1709.1	374.71	526.3	982.14	8938.6	171.88	50.175	49504.0	26169.0	359.76	108.89	78.998	308.52	36.297	9.6079	212.44	5.1162	404.6	0	2804.4	81.133	2147.9	22217.0	209.24	0	1237.4	635.87	0	137.71	0	5371.9	14390.0	4427.1	763.3	3617.9	186.82	58.715	976.81	87.539	9.6079	5320.6	0.029187	0.14251	0.018878	805000.0	1589.6	7236.9	253.01	210.31	754.75	985.35	4340.6	25297	1607.7	252.32	436.63	399.26	874.32	4154.9	100.35	515.62	787.32	318.13	160.13	2650.7	186.82	3445.0	0.027226999999999998	0.07015	0.047182	0	0	100.35	0.038642
TCGA-WC-A88A	UVM_1	320.9	603.61	115.67	88326.0	307480.0	150600.0	41851.0	51928.0	17822.0	18900.0	67004.0	12616.0	11952.0	41073.0	78872.0	2908.6	8462.9	105720.0	21681.0	8560.7	29074.0	37980	54395.0	820.27	3121.4	118800.0	72.76100000000001	29295.0	15980.0	12628.0	532.96	45.398	53987.0	7513.1	35748	38215	88046.0	124990.0	134560.0	758.71	92933.0	17.413	623.13	51733.0	4618.8	50397.0	265490.0	454.6	363.18	1597.6	373.13	452.11	1167.2	1158.6	13.568	105.1	611.94	1	4.4403	228.23	216.32	12.437999999999999	93.906	692.79	1084.0	610.08	1281.7	741.29	6234.4	586.44	83.333	35282.0	15046.0	833.96	341.42	161.69	273.63	198.38	276.74	334.58	9.5399	438.43	0	1361.3	114.43	387.03	13.682	471.39	-1	545.34	455.47	-1	309.08	-1	2689.7	9055.4	2005.7	65.92	6133.7	351.37	32.338	1041.7	78.98	69.652	2935.3	0.18129	0.70998	0.031602	331660.0	2028.0	10425.0	476.99	187.81	704.6	718.9	2176.0	36292	3103.2	602.41	609.45	521.77	827.74	2061.6	18.657	467.04	1083.3	273.01	343.91	2222.6	302.24	2272.4	0.038279	0.034899	0.22853	-1	-1	162.94	0.032204
TCGA-WC-AA9A	UVM_1	2551.8	1342.0	335.05	237330.0	231250.0	236310.0	30271.0	83221.0	10904.0	29060.0	45446.0	24101.0	23942.0	20634.0	66083.0	1494.1	19632.0	135990.0	8899.1	13124.0	17191.0	17429	59007.0	80.244	8974.3	167660.0	278.74	24057.0	8198.0	16175.0	233.69	562.18	47114.0	6704.8	23422	34667	83981.0	153650.0	137180.0	62.881	112000.0	21.116999999999997	668.7	60175.0	4347.7	31464.0	220210.0	419.05	1051.2	1222.4	506.33	490.85	1092.3	510.09	47.068999999999996	168.47	601.6	1	4.0228	158.14	39.84	714.69	106.05	2740.5	553.26	291.88	1342.6	203.66	7856.4	816.99	130.46	30677.0	3111.7	1092.9	511.03	161.43	336.46	195.21	156.26	848.9	7.5772	308.31	0	1627.4	183.95	156.26	13599.0	674.8	-1	300.27	465.3	-1	340.22	-1	1761.6	6773.8	1148.0	71.328	7267.0	346.32	56.312	850.3	68.982	73.67399999999999	1282.0	0.16877999999999999	0.49606999999999996	0.046248000000000004	172440.0	3568.3	9842.3	549.51	221.96	617.08	842.33	1273.1	25978	4297.0	824.82	977.48	436.42	664.95	1410.6	7.5082	511.97	743.75	152.98	466.92	1418.6	762.55	2020.7	0.040413	0.047070999999999995	0.035232	-1	0	194.74	0.035611000000000004
TCGA-WC-AA9E	UVM_3	79.752	655.31	591.05	224310.0	168870.0	56811.0	30167.0	46718.0	18716.0	10437.0	148800.0	16375.0	6059.4	32758.0	69981.0	584.4	8072.1	57022.0	7663.3	9276.6	23763.0	23421	24047.0	75.321	21843.0	168330.0	23.483	22013.0	12084.0	2562.2	27.913	3726.6	22271.0	13400.0	19112	12688	25659.0	107400.0	82041.0	253.88	66569.0	69.561	2341.2	42364.0	3587.9	29374.0	141820.0	1553.0	47.408	2036.3	815.68	415.6	484.13	283.56	1163.0	78.866	2274.7	0	1.7051	83.296	1678.9	1247.7	673.46	1099.2	1500.7	101.46	1160.8	292.87	3292.4	575.54	215.33	32655.0	814.8	1175.0	579.97	369.96	747.01	193.62	15.064	829.86	5.3019	861.32	0	2073.6	191.41	2185.2	3.9876	909.17	0	609.32	681.6	0	594.15	0	3739.5	14182.0	2647.0	194.95	2526.4	584.85	310.15	2087.3	137.79	12.405999999999999	3011.5	0.067276	0.19155	0.07697799999999999	254460.0	1106.8	3686.3	720.87	495.79	1521.5	3227.7	2638.9	11170	5051.8	883.1	1099.2	988.48	1098.4	2148.0	39.876	825.43	530.98	755.87	575.1	2778.5	520.16	1629.6	0.12444000000000001	0.057049	0.13273	0	-1	564.02	0.029838
TCGA-YZ-A980	UVM_1	95729.0	14817.0	106.86	187170.0	116300.0	103200.0	27951.0	47376.0	8660.9	15639.0	26434.0	29023.0	56818.0	19933.0	44996.0	2342.8	35220.0	38332.0	6178.4	34483.0	46421.0	41033	45123.0	98.23299999999999	4463.5	82522.0	722.98	11505.0	10920.0	10620.0	91.656	2340.3	45281.0	5815.9	23323	23213	40660.0	43125.0	38950.0	2042.8	32588.0	112.62	526.1	31338.0	3803.5	24123.0	57004.0	694.21	5214.1	1572.1	497.74	349.77	404.47	436.91	14.48	210.44	525.69	0	23.739	385.53	1001.4	2019.3	328.81	699.96	983.15	303.74	977.39	685.98	8229.8	532.68	74.805	22216.0	8942.5	854.91	501.44	170.98	485.0	207.97	130.7	475.96	2.524	308.26	0	1153.3	157.01	690.42	474.31	589.81	-1	373.89	537.74	-1	226.06	-1	1264.7	6315.2	2181.3	57.953	3326.3	331.69	88.779	835.18	84.669	2110.2	1947.0	0.2366	0.39716999999999997	0.41941000000000006	162640.0	1152.5	6799.0	564.32	348.95	927.66	767.78	2470.6	19419	3401.6	641.94	708.18	497.74	449.65	1923.1	19.317999999999998	834.36	604.78	323.06	565.56	2324.3	333.74	1402.4	0.040194	0.043789	0.045636	-1	0	253.19	0.043302999999999994
TCGA-YZ-A982	UVM_2	4998.2	1233.0	728.32	153200.0	101790.0	59826.0	74452.0	85351.0	31449.0	14643.0	51862.0	7694.7	14212.0	79032.0	82306.0	614.16	6685.4	47033.0	10146.0	6380.1	23853.0	34747	26306.0	273.45	20021.0	208800.0	167.26	13588.0	17139.0	10893.0	38.938	3908.8	99729.0	15242.0	16056	31922	40920.0	52317.0	49050.0	2459.3	39256.0	23.009	1703.5	43626.0	2249.6	29939.0	144940.0	890.5	233.63	2514.8	232.74	180.53	742.42	335.4	978.35	32.743	757.52	0	2.8908	71.681	11090.0	79.646	196.46	506.19	1705.3	84.071	544.25	977.88	12462.0	191.15	35.398	61196.0	426.55	282.3	178.76	138.94	320.35	79.646	65.487	258.41	6.4958	376.99	0	3962.8	83.186	1135.1	7.0796	433.63	0	984.12	936.17	0	198.23	0	5530.1	15496.0	4329.1	282.3	4808.0	271.68	37.168	941.59	60.177	2.6549	7426.6	0.05903099999999999	0.14632	0.045488	632020.0	1368.1	9146.9	228.32	221.24	800.0	1065.5	4131.0	24456	2550.4	390.43	284.07	445.13	875.22	2597.3	39.823	560.18	823.91	380.53	237.17	3269.0	145.13	2437.2	0.049756	0.055712	0.12145	0	0	183.19	0.02563
TCGA-YZ-A983	UVM_3	2492.6	147.56	354.68	199220.0	339170.0	83361.0	24932.0	51712.0	9120.1	18626.0	69269.0	10348.0	11829.0	29711.0	37870.0	883.62	7609.5	156910.0	7579.4	19226.0	27912.0	29887	34014.0	209.97	24542.0	112700.0	68.35	22637.0	12331.0	1442.1	408.87	4044.9	31680.0	6625.0	18153	21024	52747.0	114050.0	129270.0	712.44	84405.0	290.64	1819.6	23558.0	2074.5	53355.0	174500.0	1087.4	1078.2	2724.8	411.95	472.29	192.39	1141.6	1425.3	71.429	1076.3	0	0.40148	181.65	923.95	562.19	303.57	1264.2	1573.3	155.79	893.47	1516.6	7285.7	457.51	195.2	14428.0	17046.0	884.85	537.56	342.98	713.05	311.58	19.704	544.95	1.9151	608.99	0	657.63	251.23	2020.0	18078.0	563.42	0	555.47	458.49	0	446.43	0	3190.9	10784.0	2791.5	995.69	2803.6	441.5	153.32	1637.3	114.53	21.552	2890.4	0.041124	0.070917	0.01942	220840.0	703.2	3803.0	600.99	371.92	1158.9	2286.9	2126.8	23219	4902.7	698.49	924.88	684.73	845.44	3046.8	114.53	884.24	555.97	473.52	561.58	2800.5	408.25	1946.4	0.030376	0.049051	0.032014	0	0	434.11	0.49425
TCGA-YZ-A985	UVM_4	580.78	583.92	17.015	507850.0	372290.0	249740.0	38573.0	53165.0	9993.5	27416.0	52229.0	21848.0	27688.0	12412.0	54427.0	1610.8	21773.0	57916.0	11524.0	10943.0	28349.0	28022	85558.0	615.94	9452.3	237180.0	10.209	19188.0	11383.0	14670.0	31.761	4548.7	73261.0	21885.0	33549	35135	41462.0	119070.0	190390.0	331.22	70862.0	20.418	450.33	67993.0	3941.8	78728.0	124580.0	390.21	530.87	1037.9	155.4	178.09	683.41	1218.3	219.62	60.12	199.64	1	2.6402	87.34299999999999	170.41	3836.3	27.224	473.02	923.35	474.15	587.58	887.05	5431.2	172.42	41.97	44616.0	17658.0	361.85	235.94	45.373000000000005	125.91	70.329	125.91	279.05	9.1458	258.63	0	3599.2	81.672	210.46	4942.3	265.43	-1	487.64	586.89	-1	191.7	-1	190.57	5509.4	1835.5	87.34299999999999	9278.8	201.91	27.224	588.72	39.702	382.27	3244.2	0.29625999999999997	0.81779	0.06722	198960.0	3928.2	8961.2	340.3	133.85	452.6	378.87	2312.9	16063	2013.4	175.8	445.79	324.42	555.82	1482.6	11.343	308.54	601.52	209.85	136.12	1719.6	182.63	3303.2	0.051326	0.049298	0.19451	-1	0	61.254	0.019734
